rainfall_mm,temperature_C,discharge,month,rain_lag1,rain_lag2,rain_lag3,rain_lag5,discharge_lag1,discharge_lag2,rain_3day,rain_7day,day_of_year,heavy_rain
1.2341668e-05,17.364716,204.53,1,0.0012577282,1.9073486e-05,6.170834e-05,2.6927275e-05,190.66,194.24,0.001289143354,0.0239237609387,7,0
0.007863886,18.989563,188.34,1,1.2341668e-05,0.0012577282,1.9073486e-05,1.1219697e-06,204.53,190.66,0.009133955868000001,0.0092427869387,8,0
0.009388643,20.977448,182.56,1,0.007863886,1.2341668e-05,0.0012577282,6.170834e-05,188.34,204.53,0.017264870668,0.0186045026637,9,0
0.08511487,21.38797,190.55,1,0.009388643,0.007863886,1.2341668e-05,1.9073486e-05,182.56,188.34,0.102367399,0.103718250694,10,0
0.013353685,21.371277,378.63,1,0.08511487,0.009388643,0.007863886,0.0012577282,190.55,182.56,0.107857198,0.117010227354,11,0
0.30957726,21.876617,181.8,1,0.013353685,0.08511487,0.009388643,1.2341668e-05,378.63,190.55,0.40804581500000003,0.42656841386800004,12,0
6.283546,20.89746,185.98,1,0.30957726,0.013353685,0.08511487,0.007863886,181.8,378.63,6.606476945000001,6.7088566856680005,13,0
2.1846907,20.72226,189.33,1,6.283546,0.30957726,0.013353685,0.009388643,185.98,181.8,8.77781396,8.893535044,14,0
0.23249234,19.388214,181.8,1,2.1846907,6.283546,0.30957726,0.08511487,189.33,185.98,8.70072904,9.118163498000001,15,0
0.0089555625,18.780212,179.35,1,0.23249234,2.1846907,6.283546,0.013353685,181.8,189.33,2.4261386025,9.117730417499999,16,0
0.004122117,18.450745,150.18,1,0.0089555625,0.23249234,2.1846907,0.30957726,179.35,181.8,0.2455700195,9.0367376645,17,0
0.0013127046,18.445496,145.99,1,0.004122117,0.0089555625,0.23249234,6.283546,150.18,179.35,0.0143903841,9.024696684100002,18,0
0.0006866455,18.174103,142.87,1,0.0013127046,0.004122117,0.0089555625,2.1846907,145.99,150.18,0.0061214671,8.715806069600001,19,0
0.00024346747,18.125153,233.86,1,0.0006866455,0.0013127046,0.004122117,0.23249234,142.87,145.99,0.00224281757,2.43250353707,20,0
0.0003556644,18.299225,154.95,1,0.00024346747,0.0006866455,0.0013127046,0.0089555625,233.86,142.87,0.00128577737,0.24816850147,21,0
0.00043083643,18.654816,148.52,1,0.0003556644,0.00024346747,0.0006866455,0.004122117,154.95,233.86,0.0010299683,0.0161069979,22,0
0.00029956596,18.983154,141.92,1,0.00043083643,0.0003556644,0.00024346747,0.0013127046,148.52,154.95,0.00108606679,0.00745100136,23,0
9.200152e-05,19.375763,155.23,1,0.00029956596,0.00043083643,0.0003556644,0.0006866455,141.92,148.52,0.0008224039099999999,0.00342088588,24,0
0.00013575834,19.634918,189.03,1,9.200152e-05,0.00029956596,0.00043083643,0.00024346747,155.23,141.92,0.00052732582,0.00224393962,25,0
0.0,20.241058,185.34,1,0.00013575834,9.200152e-05,0.00029956596,0.0003556644,189.03,155.23,0.00022775986,0.00155729412,26,0
3.8146973e-05,20.00476,178.09,1,0.0,0.00013575834,9.200152e-05,0.00043083643,185.34,189.03,0.00017390531299999997,0.0013519736230000001,27,0
0.00031751744,19.900421,173.62,1,3.8146973e-05,0.0,0.00013575834,0.00029956596,178.09,185.34,0.000355664413,0.001313826663,28,0
0.00031863942,20.05838,170.78,1,0.00031751744,3.8146973e-05,0.0,9.200152e-05,173.62,178.09,0.0006743038329999999,0.001201629653,29,0
4.487879e-06,19.976929,169.24,1,0.00031863942,0.00031751744,3.8146973e-05,0.00013575834,170.78,173.62,0.000640644739,0.000906551572,30,0
0.0005340576,20.347412,163.33,1,4.487879e-06,0.00031863942,0.00031751744,0.0,169.24,170.78,0.000857184899,0.001348607652,31,0
1.1219697e-06,20.77771,157.43,2,0.0005340576,4.487879e-06,0.00031863942,3.8146973e-05,163.33,169.24,0.0005396674486999999,0.0012139712817,32,0
0.0030876608,21.616333,154.93,2,1.1219697e-06,0.0005340576,4.487879e-06,0.00031751744,157.43,163.33,0.0036228403697,0.004301632081700001,33,0
0.016682569,21.606506,159.77,2,0.0030876608,1.1219697e-06,0.0005340576,0.00031863942,154.93,157.43,0.0197713517697,0.020946054108700003,34,0
0.3703813,20.833038,166.82,2,0.016682569,0.0030876608,1.1219697e-06,4.487879e-06,159.77,154.93,0.3901515298,0.39100983666870004,35,0
0.006167468,21.138184,160.54,2,0.3703813,0.016682569,0.0030876608,0.0005340576,166.82,159.77,0.393231337,0.39685866524870006,36,0
0.00041400688,21.265503,158.81,2,0.006167468,0.3703813,0.016682569,1.1219697e-06,160.54,166.82,0.37696277488,0.3972681842497,37,0
0.00044990986,21.900604,154.93,2,0.00041400688,0.006167468,0.3703813,0.0030876608,158.81,160.54,0.0070313847399999995,0.3971840365097,38,0
5.609849e-06,22.824463,153.8,2,0.00044990986,0.00041400688,0.006167468,0.016682569,154.93,158.81,0.000869526589,0.39718852438900004,39,0
0.0016807107,23.246704,194.74,2,5.609849e-06,0.00044990986,0.00041400688,0.3703813,153.8,154.93,0.002136230409,0.39578157428900007,40,0
0.025573056,22.779907,259.68,2,0.0016807107,5.609849e-06,0.00044990986,0.006167468,194.74,153.8,0.027259376549,0.404672061289,41,0
0.0025120904,23.6044,360.59,2,0.025573056,0.0016807107,5.609849e-06,0.00041400688,259.68,194.74,0.0297658571,0.036802851689,42,0
0.006627476,23.518158,400.07,2,0.0025120904,0.025573056,0.0016807107,0.00044990986,360.59,259.68,0.034712622400000004,0.037262859689000005,43,0
0.00048244704,24.134644,202.92,2,0.006627476,0.0025120904,0.025573056,5.609849e-06,400.07,360.59,0.00962201344,0.037331299849,44,0
0.106561325,24.774231,198.51,2,0.00048244704,0.006627476,0.0025120904,0.0016807107,202.92,400.07,0.11367124804,0.143442714989,45,0
1.3839363,24.93634,219.82,2,0.106561325,0.00048244704,0.006627476,0.025573056,198.51,202.92,1.49098007204,1.52737340514,46,0
1.2646866,24.727295,259.68,2,1.3839363,0.106561325,0.00048244704,0.0025120904,219.82,198.51,2.755184225,2.79037929444,47,0
0.400817,24.543488,261.32,2,1.2646866,1.3839363,0.106561325,0.006627476,259.68,219.82,3.0494399000000003,3.1656232384400003,48,0
0.07107454,23.971832,222.42,2,0.400817,1.2646866,1.3839363,0.00048244704,261.32,259.68,1.73657814,3.23418568804,49,0
0.30105704,23.776367,319.2,2,0.07107454,0.400817,1.2646866,0.106561325,222.42,261.32,0.77294858,3.5286152520400003,50,0
0.048501633,24.34311,219.8,2,0.30105704,0.07107454,0.400817,1.3839363,319.2,222.42,0.420633213,3.576634438,51,0
0.008791755,24.306519,264.27,2,0.048501633,0.30105704,0.07107454,1.2646866,219.8,319.2,0.358350428,3.4788648680000005,52,0
0.015032151,24.634827,219.82,2,0.008791755,0.048501633,0.30105704,0.400817,264.27,219.8,0.07232553900000001,2.109960719,53,0
0.27179495,25.676361,193.36,2,0.015032151,0.008791755,0.048501633,0.07107454,219.82,264.27,0.295618856,1.117069069,54,0
0.5078237,26.04129,221.46,2,0.27179495,0.015032151,0.008791755,0.30105704,193.36,219.82,0.794650801,1.224075769,55,0
0.01707638,26.013,218.81,2,0.5078237,0.27179495,0.015032151,0.048501633,221.46,193.36,0.79669503,1.170077609,56,0
0.038199704,25.656921,211.79,2,0.01707638,0.5078237,0.27179495,0.008791755,218.81,221.46,0.563099784,0.9072202729999999,57,0
0.0059486837,25.623596,200.52,2,0.038199704,0.01707638,0.5078237,0.015032151,211.79,218.81,0.0612247677,0.8646673236999999,58,0
0.00010434319,26.367828,181.0,2,0.0059486837,0.038199704,0.01707638,0.27179495,200.52,211.79,0.04425273089,0.8559799118899999,59,0
2.2439394e-06,27.069397,176.88,3,0.00010434319,0.0059486837,0.038199704,0.5078237,181.0,200.52,0.006055270829400001,0.8409500048293999,60,0
0.0,27.527771,172.65,3,2.2439394e-06,0.00010434319,0.0059486837,0.01707638,176.88,181.0,0.0001065871294,0.5691550548294,61,0
0.0,28.174744,121.33,3,0.0,2.2439394e-06,0.00010434319,0.038199704,172.65,176.88,2.2439394e-06,0.061331354829399894,62,0
0.00011219697,28.602692,163.33,3,0.0,0.0,2.2439394e-06,0.0059486837,121.33,172.65,0.00011219697,0.0443671717993999,63,0
0.004413829,28.720459,151.02,3,0.00011219697,0.0,0.0,0.00010434319,163.33,121.33,0.00452602597,0.010581296799399897,64,0
0.0029709758,28.809753,160.83,3,0.004413829,0.00011219697,0.0,2.2439394e-06,151.02,163.33,0.00749700177,0.007603588899399896,65,0
0.010980719,28.878723,173.99,3,0.0029709758,0.004413829,0.00011219697,0.0,160.83,151.02,0.0183655238,0.018479964709399894,66,0
0.03509297,28.612915,169.24,3,0.010980719,0.0029709758,0.004413829,0.0,173.99,160.83,0.0490446648,0.053570690769999894,67,0
0.12686336,27.994812,180.24,3,0.03509297,0.010980719,0.0029709758,0.00011219697,169.24,173.99,0.172937049,0.1804340507699999,68,0
0.12342229,28.09375,181.63,3,0.12686336,0.03509297,0.010980719,0.004413829,180.24,169.24,0.28537862,0.3038563407699999,69,0
0.55240065,27.734283,272.53,3,0.12342229,0.12686336,0.03509297,0.0029709758,181.63,180.24,0.8026863000000001,0.8561447938,70,0
0.43963262,27.468506,189.03,3,0.55240065,0.12342229,0.12686336,0.010980719,272.53,181.63,1.11545556,1.2913635848,71,0
0.091007456,28.447388,181.63,3,0.43963262,0.55240065,0.12342229,0.03509297,189.03,272.53,1.0830407260000001,1.379400065,72,0
0.04291983,28.69281,181.39,3,0.091007456,0.43963262,0.55240065,0.12686336,181.63,189.03,0.573559906,1.411339176,73,0
0.013713837,28.736359,185.34,3,0.04291983,0.091007456,0.43963262,0.12342229,181.39,181.63,0.14764112299999999,1.3899600429999999,74,0
0.44822803,28.677277,306.42,3,0.013713837,0.04291983,0.091007456,0.55240065,185.34,181.39,0.5048616969999999,1.711324713,75,0
0.5616637,28.246216,302.42,3,0.44822803,0.013713837,0.04291983,0.43963262,306.42,185.34,1.023605567,2.1495661229999996,76,0
0.27655432,28.260132,264.27,3,0.5616637,0.44822803,0.013713837,0.091007456,302.42,306.42,1.28644605,1.8737197929999998,77,0
0.00013912425,29.048035,193.36,3,0.27655432,0.5616637,0.44822803,0.04291983,264.27,302.42,0.83835714425,1.43422629725,78,0
0.0,29.384369,211.79,3,0.00013912425,0.27655432,0.5616637,0.013713837,193.36,264.27,0.27669344425000003,1.34321884125,79,0
6.731819e-05,29.735748,217.8,3,0.0,0.00013912425,0.27655432,0.44822803,211.79,193.36,0.00020644244,1.3003663294399999,80,0
0.0,30.33078,216.79,3,6.731819e-05,0.0,0.00013912425,0.5616637,217.8,211.79,6.731819e-05,1.2866524924399998,81,0
0.0,30.760284,319.2,3,0.0,6.731819e-05,0.0,0.27655432,216.79,217.8,6.731819e-05,0.83842446244,82,0
3.4781064e-05,30.720795,302.14,3,0.0,0.0,6.731819e-05,0.00013912425,319.2,216.79,3.4781064e-05,0.27679554350400004,83,0
0.003414154,30.815918,217.02,3,3.4781064e-05,0.0,0.0,0.0,302.14,319.2,0.003448935064,0.003655377504,84,0
0.40394387,30.131744,217.34,3,0.003414154,3.4781064e-05,0.0,6.731819e-05,217.02,302.14,0.407392805064,0.407460123254,85,0
0.49820727,30.360962,200.53,3,0.40394387,0.003414154,3.4781064e-05,0.0,217.34,217.02,0.905565294,0.905667393254,86,0
0.41533414,30.614868,220.63,3,0.49820727,0.40394387,0.003414154,0.0,200.53,217.34,1.31748528,1.320934215064,87,0
0.27941534,30.572784,265.09,3,0.41533414,0.49820727,0.40394387,3.4781064e-05,220.63,200.53,1.19295675,1.600349555064,88,0
0.5882319,31.037659,259.68,3,0.27941534,0.41533414,0.49820727,0.003414154,265.09,220.63,1.28298138,2.188581455064,89,0
0.27502397,30.933289,400.07,3,0.5882319,0.27941534,0.41533414,0.40394387,259.68,265.09,1.14267121,2.463570644,90,0
0.0022080366,31.049194,260.5,4,0.27502397,0.5882319,0.27941534,0.49820727,400.07,259.68,0.8654639066,2.4623645265999996,91,0
0.004112019,31.183868,263.66,4,0.0022080366,0.27502397,0.5882319,0.41533414,260.5,400.07,0.2813440256,2.0625326756,92,0
0.0056558503,31.472198,237.94,4,0.004112019,0.0022080366,0.27502397,0.27941534,263.66,260.5,0.0119759059,1.5699812559000001,93,0
0.06825391,31.712097,220.05,4,0.0056558503,0.004112019,0.0022080366,0.5882319,237.94,263.66,0.0780217793,1.2229010259,94,0
2.1317424e-05,31.6333,218.15,4,0.06825391,0.0056558503,0.004112019,0.27502397,220.05,237.94,0.073931077724,0.9435070033240001,95,0
4.487879e-05,31.79364,256.76,4,2.1317424e-05,0.06825391,0.0056558503,0.0022080366,218.15,220.05,0.068320106214,0.355319982114,96,0
0.0029676103,31.957214,219.04,4,4.487879e-05,2.1317424e-05,0.06825391,0.004112019,256.76,218.15,0.003033806514,0.083263622414,97,0
0.00020083258,31.845947,242.94,4,0.0029676103,4.487879e-05,2.1317424e-05,0.0056558503,219.04,256.76,0.0032133216700000002,0.081256418394,98,0
1.1219697e-06,32.294464,193.36,4,0.00020083258,0.0029676103,4.487879e-05,0.06825391,242.94,219.04,0.0031695648497,0.0771455213637,99,0
0.018432843,32.859955,188.47,4,1.1219697e-06,0.00020083258,0.0029676103,2.1317424e-05,193.36,242.94,0.018634797549700002,0.0899225140637,100,0
0.043991312,33.031006,193.36,4,0.018432843,1.1219697e-06,0.00020083258,4.487879e-05,188.47,193.36,0.0624252769697,0.0656599160637,101,0
0.1553053,32.89749,211.79,4,0.043991312,0.018432843,1.1219697e-06,0.0029676103,193.36,188.47,0.21772945500000002,0.22094389863970001,102,0
0.05990982,33.088043,209.77,4,0.1553053,0.043991312,0.018432843,0.00020083258,211.79,193.36,0.25920643200000004,0.2808088398497,103,0
0.0817456,33.053375,204.54,4,0.05990982,0.1553053,0.043991312,1.1219697e-06,209.77,211.79,0.29696072,0.3595868295497,104,0
0.15347761,32.570343,288.47,4,0.0817456,0.05990982,0.1553053,0.018432843,204.54,209.77,0.29513303,0.5128636069697,105,0
0.1727968,32.33841,241.88,4,0.15347761,0.0817456,0.05990982,0.043991312,288.47,204.54,0.40802001,0.685659285,106,0
0.17150767,32.921204,188.47,4,0.1727968,0.15347761,0.0817456,0.1553053,241.88,288.47,0.49778208,0.838734112,107,0
0.113467045,33.707184,189.03,4,0.17150767,0.1727968,0.15347761,0.05990982,188.47,241.88,0.457771515,0.908209845,108,0
0.33115947,33.7865,169.24,4,0.113467045,0.17150767,0.1727968,0.0817456,189.03,188.47,0.6161341850000001,1.084064015,109,0
0.15195397,33.82312,176.88,4,0.33115947,0.113467045,0.17150767,0.15347761,169.24,189.03,0.596580485,1.1761081649999998,110,0
0.0682483,33.686035,180.24,4,0.15195397,0.33115947,0.113467045,0.1727968,176.88,169.24,0.55136174,1.162610865,111,0
0.12576383,33.682434,176.88,4,0.0682483,0.15195397,0.33115947,0.17150767,180.24,176.88,0.34596610000000005,1.134897085,112,0
0.541604,32.88852,181.39,4,0.12576383,0.0682483,0.15195397,0.113467045,176.88,180.24,0.73561613,1.503704285,113,0
0.32709682,32.398254,192.55,4,0.541604,0.12576383,0.0682483,0.33115947,181.39,176.88,0.9944646500000001,1.659293435,114,0
0.2583627,32.130493,188.49,4,0.32709682,0.541604,0.12576383,0.15195397,192.55,181.39,1.12706352,1.80418909,115,0
0.63674814,31.97876,181.39,4,0.2583627,0.32709682,0.541604,0.0682483,188.49,192.55,1.22220766,2.10977776,116,0
0.3385712,32.348267,166.42,4,0.63674814,0.2583627,0.32709682,0.12576383,181.39,188.49,1.2336820400000001,2.29639499,117,0
1.05954,31.95935,181.63,4,0.3385712,0.63674814,0.2583627,0.541604,166.42,181.39,2.03485934,3.28768669,118,0
1.3362683,30.92102,218.15,4,1.05954,0.3385712,0.63674814,0.32709682,181.63,166.42,2.7343795,4.49819116,119,0
1.7534828,30.790619,214.74,4,1.3362683,1.05954,0.3385712,0.2583627,218.15,181.63,4.1492911,5.71006996,120,0
1.491457,30.78003,241.88,5,1.7534828,1.3362683,1.05954,0.63674814,214.74,218.15,4.5812081,6.874430139999999,121,0
0.12308008,30.960876,199.74,5,1.491457,1.7534828,1.3362683,0.3385712,241.88,214.74,3.3680198800000003,6.73914752,122,0
1.0792823,30.233826,192.55,5,0.12308008,1.491457,1.7534828,1.05954,199.74,241.88,2.69381938,7.18168168,123,0
1.9805571,29.960815,204.17,5,1.0792823,0.12308008,1.491457,1.3362683,192.55,199.74,3.18291948,8.82366758,124,0
1.6986858,29.959595,275.16,5,1.9805571,1.0792823,0.12308008,1.7534828,204.17,192.55,4.7585252,9.46281338,125,0
1.5269425,29.216248,272.52,5,1.6986858,1.9805571,1.0792823,1.491457,275.16,204.17,5.206185400000001,9.65348758,126,0
1.3927358,29.987518,324.63,5,1.5269425,1.6986858,1.9805571,0.12308008,272.52,275.16,4.6183641,9.29274058,127,0
0.25001973,31.146973,302.96,5,1.3927358,1.5269425,1.6986858,1.0792823,324.63,272.52,3.16969803,8.05130331,128,0
0.0785693,32.99057,275.98,5,0.25001973,1.3927358,1.5269425,1.9805571,302.96,324.63,1.7213248300000001,8.00679253,129,0
0.07389068,33.62796,253.72,5,0.0785693,0.25001973,1.3927358,1.6986858,275.98,302.96,0.40247971,7.00140091,130,0
0.058132622,33.77948,360.59,5,0.07389068,0.0785693,0.25001973,1.5269425,253.72,275.98,0.210592602,5.078976432000001,131,0
0.08412866,33.97406,263.66,5,0.058132622,0.07389068,0.0785693,1.3927358,360.59,253.72,0.216151962,3.464419292,132,0
0.41279063,33.70926,252.71,5,0.08412866,0.058132622,0.07389068,0.25001973,263.66,360.59,0.5550519119999999,2.350267422,133,0
1.6331147,32.961426,218.93,5,0.41279063,0.08412866,0.058132622,0.0785693,252.71,263.66,2.13003399,2.590646322,134,0
0.23258547,32.918976,194.13,5,1.6331147,0.41279063,0.08412866,0.07389068,218.93,252.71,2.2784908,2.573212062,135,0
0.4858926,33.398193,208.99,5,0.23258547,1.6331147,0.41279063,0.058132622,194.13,218.93,2.35159277,2.9805353620000004,136,0
0.1966712,33.31726,302.96,5,0.4858926,0.23258547,1.6331147,0.08412866,208.99,194.13,0.9151492699999999,3.103315882,137,0
0.23034152,32.507385,272.52,5,0.1966712,0.4858926,0.23258547,0.41279063,302.96,208.99,0.91290532,3.2755247799999996,138,0
1.7084805,31.42807,264.44,5,0.23034152,0.1966712,0.4858926,1.6331147,272.52,302.96,2.13549322,4.899876620000001,139,0
6.466574,29.850464,263.44,5,1.7084805,0.23034152,0.1966712,0.23258547,264.44,272.52,8.40539602,10.95365999,140,0
11.04594,27.218933,210.0,5,6.466574,1.7084805,0.23034152,0.4858926,263.44,264.44,19.2209945,20.36648529,141,0
11.4652405,27.732544,319.2,5,11.04594,6.466574,1.7084805,0.1966712,210.0,263.44,28.9777545,31.59914032,142,0
11.229249,29.123169,318.37,5,11.4652405,11.04594,6.466574,0.23034152,319.2,210.0,33.740429500000005,42.34249672,143,0
0.23173387,31.110138,306.42,5,11.229249,11.4652405,11.04594,1.7084805,318.37,319.2,22.92622337,42.37755939,144,0
0.09586445,33.274048,372.51,5,0.23173387,11.229249,11.4652405,6.466574,306.42,318.37,11.55684732,42.24308232,145,0
0.4865523,33.707336,370.84,5,0.09586445,0.23173387,11.229249,11.04594,372.51,306.42,0.8141506199999999,41.02115412,146,0
0.23906595,32.86145,303.42,5,0.4865523,0.09586445,0.23173387,11.4652405,370.84,372.51,0.8214827,34.793646069999994,147,0
0.20651874,32.509277,419.01,5,0.23906595,0.4865523,0.09586445,11.229249,303.42,370.84,0.93213699,23.95422481,148,0
0.21875495,32.779358,400.07,5,0.20651874,0.23906595,0.4865523,0.23173387,419.01,303.42,0.66433964,12.707739259999999,149,0
0.8079136,33.1127,307.25,5,0.21875495,0.20651874,0.23906595,0.09586445,400.07,419.01,1.23318729,2.28640386,150,0
0.1321759,33.375183,359.76,5,0.8079136,0.21875495,0.20651874,0.4865523,307.25,400.07,1.1588444500000001,2.18684589,151,0
0.10312024,33.856262,370.99,6,0.1321759,0.8079136,0.21875495,0.23906595,359.76,307.25,1.04320974,2.19410168,152,0
0.11594547,34.08835,318.37,6,0.10312024,0.1321759,0.8079136,0.20651874,370.99,359.76,0.35124161,1.8234948500000001,153,0
0.11779224,34.220093,400.07,6,0.11594547,0.10312024,0.1321759,0.21875495,318.37,370.99,0.33685795,1.70222114,154,0
0.87873566,33.068634,319.2,6,0.11779224,0.11594547,0.10312024,0.8079136,400.07,318.37,1.11247337,2.37443806,155,0
0.1293519,33.83029,339.71,6,0.87873566,0.11779224,0.11594547,0.1321759,319.2,400.07,1.1258798,2.28503501,156,0
0.030398648,33.989807,1036.54,6,0.1293519,0.87873566,0.11779224,0.10312024,339.71,319.2,1.0384862080000001,1.5075200579999999,157,0
0.23032357,33.931793,1043.94,6,0.030398648,0.1293519,0.87873566,0.11594547,1036.54,339.71,0.390074118,1.605667728,158,0
0.36416224,33.219666,1035.65,6,0.23032357,0.030398648,0.1293519,0.11779224,1043.94,1036.54,0.624884458,1.866709728,159,0
1.4391787,31.739807,1115.76,6,0.36416224,0.23032357,0.030398648,0.87873566,1035.65,1043.94,2.03366451,3.189942958,160,0
3.2923071,31.07257,796.65,6,1.4391787,0.36416224,0.23032357,0.1293519,1115.76,1035.65,5.09564804,6.364457818,161,0
3.686179,31.049744,519.35,6,3.2923071,1.4391787,0.36416224,0.030398648,796.65,1115.76,8.4176648,9.171901158,162,0
5.7883296,30.220062,498.97,6,3.686179,3.2923071,1.4391787,0.23032357,519.35,796.65,12.7668157,14.830878858,163,0
6.5346518,29.775879,499.82,6,5.7883296,3.686179,3.2923071,0.36416224,498.97,519.35,16.0091604,21.33513201,164,0
4.9236517,29.12445,439.51,6,6.5346518,5.7883296,3.686179,1.4391787,499.82,498.97,17.2466331,26.02846014,165,0
2.1022222,30.182617,328.66,6,4.9236517,6.5346518,5.7883296,3.2923071,439.51,499.82,13.5605257,27.7665201,166,0
4.5196857,29.84436,219.75,6,2.1022222,4.9236517,6.5346518,3.686179,328.66,439.51,11.5455596,30.8470271,167,0
4.374718,28.865784,220.56,6,4.5196857,2.1022222,4.9236517,5.7883296,219.75,328.66,10.9966259,31.929437999999998,168,0
9.486862,28.537598,219.78,6,4.374718,4.5196857,2.1022222,6.5346518,220.56,219.75,18.3812657,37.730121,169,0
18.496967,27.551544,200.55,6,9.486862,4.374718,4.5196857,4.9236517,219.78,220.56,32.358547,50.4387584,170,0
7.2657523,27.17926,211.79,6,18.496967,9.486862,4.374718,2.1022222,200.55,219.78,35.2495813,51.1698589,171,0
3.0334597,28.644592,192.17,6,7.2657523,18.496967,9.486862,4.5196857,211.79,200.55,28.796179000000002,49.2796669,172,0
4.15391,30.50235,200.55,6,3.0334597,7.2657523,18.496967,4.374718,192.17,211.79,14.453122,51.3313547,173,0
8.070102,29.527344,379.47,6,4.15391,3.0334597,7.2657523,9.486862,200.55,192.17,15.2574717,54.881771,174,0
26.28783,27.753326,371.64,6,8.070102,4.15391,3.0334597,18.496967,379.47,200.55,38.511842,76.794883,175,1
24.413963,27.502075,458.5,6,26.28783,8.070102,4.15391,7.2657523,371.64,379.47,58.771895,91.72198399999999,176,1
19.067877,27.450684,540.85,6,24.413963,26.28783,8.070102,3.0334597,458.5,371.64,69.76966999999999,92.292894,177,0
8.719511,28.371796,599.2,6,19.067877,24.413963,26.28783,4.15391,540.85,458.5,52.201351,93.7466527,178,0
5.6028366,29.593567,519.35,6,8.719511,19.067877,24.413963,8.070102,599.2,540.85,33.390224599999996,96.31602960000001,179,0
12.68951,29.368195,439.51,6,5.6028366,8.719511,19.067877,26.28783,519.35,599.2,27.0118576,104.8516296,180,0
13.05373,27.743195,958.25,6,12.68951,5.6028366,8.719511,24.413963,439.51,519.35,31.3460766,109.8352576,181,0
13.870377,27.699768,1235.47,7,13.05373,12.68951,5.6028366,19.067877,958.25,439.51,39.613617,97.4178046,182,0
13.882996,26.937958,754.27,7,13.870377,13.05373,12.68951,8.719511,1235.47,958.25,40.807103,86.88683759999999,183,0
6.157076,27.27179,578.99,7,13.882996,13.870377,13.05373,5.6028366,754.27,1235.47,33.910449,73.9760366,184,0
10.516018,27.438324,1044.84,7,6.157076,13.882996,13.870377,12.68951,578.99,754.27,30.556090000000005,75.7725436,185,0
12.304404,27.013855,1262.05,7,10.516018,6.157076,13.882996,13.05373,1044.84,578.99,28.977498,82.474111,186,0
16.272978,26.41684,1228.72,7,12.304404,10.516018,6.157076,13.870377,1262.05,1044.84,39.0934,86.057579,187,0
6.7991114,26.500854,1243.35,7,16.272978,12.304404,10.516018,13.882996,1228.72,1262.05,35.376493399999994,79.80296039999999,188,0
2.1135767,27.198029,1434.47,7,6.7991114,16.272978,12.304404,6.157076,1243.35,1228.72,25.1856661,68.04616010000001,189,0
2.4500039,27.736267,1056.91,7,2.1135767,6.7991114,16.272978,10.516018,1434.47,1243.35,11.362692,56.613168,190,0
6.574927,28.186646,1035.65,7,2.4500039,2.1135767,6.7991114,12.304404,1056.91,1434.47,11.1385076,57.03101899999999,191,0
15.772376,26.658325,1237.28,7,6.574927,2.4500039,2.1135767,16.272978,1035.65,1056.91,24.7973069,62.287377,192,0
23.34531,25.89978,1035.65,7,15.772376,6.574927,2.4500039,6.7991114,1237.28,1035.65,45.692612999999994,73.328283,193,1
15.750973,26.493958,907.6,7,23.34531,15.772376,6.574927,2.1135767,1035.65,1237.28,54.868659,72.806278,194,0
15.804201,26.660522,914.7,7,15.750973,23.34531,15.772376,2.4500039,907.6,1035.65,54.900484000000006,81.8113676,195,0
8.898526,27.633087,4705.97,7,15.804201,15.750973,23.34531,6.574927,914.7,907.6,40.4537,88.5963169,196,0
4.3056736,28.146149,3643.74,7,8.898526,15.804201,15.750973,15.772376,4705.97,914.7,29.0084006,90.45198660000001,197,0
2.03446,28.405792,3082.0,7,4.3056736,8.898526,15.804201,23.34531,3643.74,4705.97,15.238659600000002,85.9115196,198,0
2.1689763,28.605743,2526.8,7,2.03446,4.3056736,8.898526,15.750973,3082.0,3643.74,8.5091099,72.30811990000001,199,0
4.785125,28.813812,2355.98,7,2.1689763,2.03446,4.3056736,15.804201,2526.8,3082.0,8.9885613,53.7479349,200,0
7.6759553,28.312866,2314.92,7,4.785125,2.1689763,2.03446,8.898526,2355.98,2526.8,14.6300566,45.6729172,201,0
4.878771,27.847748,2393.18,7,7.6759553,4.785125,2.1689763,4.3056736,2314.92,2355.98,17.3398513,34.7474872,202,0
8.083926,27.746155,1749.55,7,4.878771,7.6759553,4.785125,2.03446,2393.18,2314.92,20.638652300000004,33.9328872,203,0
17.376814,27.640533,2192.87,7,8.083926,4.878771,7.6759553,2.1689763,1749.55,2393.18,30.339511,47.0040276,204,0
42.679104,26.089783,1980.11,7,17.376814,8.083926,4.878771,4.785125,2192.87,1749.55,68.13984400000001,87.6486716,205,1
50.555965,25.309875,2317.69,7,42.679104,17.376814,8.083926,7.6759553,1980.11,2192.87,110.611883,136.03566030000002,206,1
7.4639926,25.424255,3421.09,7,50.555965,42.679104,17.376814,4.878771,2317.69,1980.11,100.69906160000001,138.7145279,207,0
9.776811,26.681885,11350.45,7,7.4639926,50.555965,42.679104,8.083926,3421.09,2317.69,67.79676860000001,140.81538360000002,208,0
7.6264563,26.975525,10721.35,7,9.776811,7.4639926,50.555965,17.376814,11350.45,3421.09,24.8672599,143.56306890000002,209,0
7.429978,27.515106,8246.67,7,7.6264563,9.776811,7.4639926,42.679104,10721.35,11350.45,24.833245299999998,142.9091209,210,0
7.3813133,27.266937,4440.22,7,7.429978,7.6264563,9.776811,50.555965,8246.67,10721.35,22.4377476,132.9136202,211,0
7.996742,26.76654,5631.98,7,7.3813133,7.429978,7.6264563,7.4639926,4440.22,8246.67,22.808033299999998,98.2312582,212,0
12.310034,26.657135,13419.37,8,7.996742,7.3813133,7.429978,9.776811,5631.98,4440.22,27.6880893,59.9853272,213,0
21.488092,26.045288,12874.24,8,12.310034,7.996742,7.3813133,7.6264563,13419.37,5631.98,41.794868,74.00942660000001,214,1
17.600904,26.279755,12868.85,8,21.488092,12.310034,7.996742,7.429978,12874.24,13419.37,51.39903,81.83351959999999,215,0
20.248621,26.539246,10771.1,8,17.600904,21.488092,12.310034,7.3813133,12868.85,12874.24,59.337617,94.4556843,216,1
30.810131,25.825867,10486.79,8,20.248621,17.600904,21.488092,7.996742,10771.1,12868.85,68.659656,117.83583730000001,217,1
10.682714,26.014374,13416.32,8,30.810131,20.248621,17.600904,12.310034,10486.79,10771.1,61.741466,121.137238,218,0
1.7441143,26.157776,16180.89,8,10.682714,30.810131,20.248621,21.488092,13416.32,10486.79,43.2369593,114.8846103,219,0
0.8900429,27.182251,22623.25,8,1.7441143,10.682714,30.810131,17.600904,16180.89,13416.32,13.316871200000001,103.4646192,220,0
1.6515182,27.935364,11938.22,8,0.8900429,1.7441143,10.682714,20.248621,22623.25,16180.89,4.2856754,83.62804539999999,221,0
4.7901154,28.558105,8989.99,8,1.6515182,0.8900429,1.7441143,30.810131,11938.22,22623.25,7.3316765,70.81725680000001,222,0
8.807928,28.255432,15076.76,8,4.7901154,1.6515182,0.8900429,10.682714,8989.99,11938.22,15.2495616,59.3765638,223,0
6.804632,28.118378,11721.97,8,8.807928,4.7901154,1.6515182,1.7441143,15076.76,8989.99,20.4026754,35.3710648,224,0
6.6705637,28.077728,7174.84,8,6.804632,8.807928,4.7901154,0.8900429,11721.97,15076.76,22.283123699999997,31.3589145,225,0
9.919413,27.915222,5123.27,8,6.6705637,6.804632,8.807928,1.6515182,7174.84,11721.97,23.3946087,39.534213199999996,226,0
8.84756,27.13617,3247.87,8,9.919413,6.6705637,6.804632,4.7901154,5123.27,7174.84,25.437536700000003,47.4917303,227,0
2.8268197,28.128082,3244.63,8,8.84756,9.919413,6.6705637,8.807928,3247.87,5123.27,21.593792699999998,48.6670318,228,0
3.8188396,28.146881,2939.6,8,2.8268197,8.84756,9.919413,6.804632,3244.63,3247.87,15.4932193,47.695756,229,0
5.353435,28.187561,2939.61,8,3.8188396,2.8268197,8.84756,6.6705637,2939.6,3244.63,11.9990943,44.241263,230,0
11.993666,27.421967,3661.82,8,5.353435,3.8188396,2.8268197,9.919413,2939.61,2939.6,21.1659406,49.430296999999996,231,0
10.062103,26.480988,3427.21,8,11.993666,5.353435,3.8188396,8.84756,3661.82,2939.61,27.409204000000003,52.8218363,232,0
2.7271261,28.12201,2994.31,8,10.062103,11.993666,5.353435,2.8268197,3427.21,3661.82,24.7828951,45.629549399999995,233,0
3.1199467,27.925201,2994.71,8,2.7271261,10.062103,11.993666,3.8188396,2994.31,3427.21,15.909175800000002,39.9019361,234,0
8.764444,28.216095,3427.21,8,3.1199467,2.7271261,10.062103,5.353435,2994.71,2994.31,14.6115168,45.839560399999996,235,0
9.53015,27.733276,4181.32,8,8.764444,3.1199467,2.7271261,11.993666,3427.21,2994.71,21.414540700000003,51.5508708,236,0
6.144809,27.391724,3863.52,8,9.53015,8.764444,3.1199467,10.062103,4181.32,3427.21,24.439403000000002,52.342244799999996,237,0
6.4520054,27.369537,3146.35,8,6.144809,9.53015,8.764444,2.7271261,3863.52,4181.32,22.126964400000002,46.8005842,238,0
9.799866,26.965271,2939.14,8,6.4520054,6.144809,9.53015,3.1199467,3146.35,3863.52,22.3966804,46.538347200000004,239,0
10.512207,27.326813,3079.65,8,9.799866,6.4520054,6.144809,8.764444,2939.14,3146.35,26.764078400000002,54.3234281,240,0
15.307679,26.909119,3244.63,8,10.512207,9.799866,6.4520054,9.53015,3079.65,2939.14,35.619752000000005,66.5111604,241,0
11.511192,26.63855,3407.45,8,15.307679,10.512207,9.799866,6.144809,3244.63,3079.65,37.331078000000005,69.2579084,242,0
3.989825,26.456665,3329.98,8,11.511192,15.307679,10.512207,6.4520054,3407.45,3244.63,30.808696,63.717583399999995,243,0
7.349064,27.196167,3243.94,9,3.989825,11.511192,15.307679,9.799866,3329.98,3407.45,22.850081000000003,64.9218384,244,0
12.071089,27.471436,2994.71,9,7.349064,3.989825,11.511192,10.512207,3243.94,3329.98,23.409978000000002,70.540922,245,0
6.769134,27.559998,3191.29,9,12.071089,7.349064,3.989825,15.307679,2994.71,3243.94,26.189287000000004,67.51019000000001,246,0
5.684515,27.687744,3699.13,9,6.769134,12.071089,7.349064,11.511192,3191.29,2994.71,24.524738,62.682498,247,0
11.73563,27.393097,3572.18,9,5.684515,6.769134,12.071089,3.989825,3699.13,3191.29,24.189279000000003,59.110449,248,0
14.5617895,27.043701,4121.44,9,11.73563,5.684515,6.769134,7.349064,3572.18,3699.13,31.9819345,62.1610465,249,0
18.727682,26.3844,6288.81,9,14.5617895,11.73563,5.684515,12.071089,4121.44,3572.18,45.025101500000005,76.8989035,250,0
6.4345193,26.825134,6411.36,9,18.727682,14.5617895,11.73563,6.769134,6288.81,4121.44,39.7239908,75.98435880000001,251,0
4.070195,27.583557,5646.93,9,6.4345193,18.727682,14.5617895,5.684515,6411.36,6288.81,29.2323963,67.98346480000001,252,0
4.151478,27.762451,9209.58,9,4.070195,6.4345193,18.727682,11.73563,5646.93,6411.36,14.6561923,65.3658088,253,0
6.2440343,27.629517,9310.58,9,4.151478,4.070195,6.4345193,14.5617895,9209.58,5646.93,14.4657073,65.9253281,254,0
9.954598,26.920929,5466.28,9,6.2440343,4.151478,4.070195,18.727682,9310.58,9209.58,20.3501103,64.14429609999999,255,0
15.81271,26.508606,4491.55,9,9.954598,6.2440343,4.151478,6.4345193,5466.28,9310.58,32.011342299999995,65.3952166,256,0
12.700995,26.332275,3695.68,9,15.81271,9.954598,6.2440343,4.070195,4491.55,5466.28,38.468303,59.3685296,257,0
12.21253,26.41156,3427.21,9,12.700995,15.81271,9.954598,4.151478,3695.68,4491.55,40.726235,65.1465403,258,0
13.499182,26.303345,3500.0,9,12.21253,12.700995,15.81271,6.2440343,3427.21,3695.68,38.412707,74.5755273,259,0
20.634382,25.838867,4219.45,9,13.499182,12.21253,12.700995,9.954598,3500.0,3427.21,46.346094,91.0584313,260,1
22.38245,25.050507,5571.6,9,20.634382,13.499182,12.21253,15.81271,4219.45,3500.0,56.516014,107.19684699999999,261,1
7.9059124,25.676788,12248.09,9,22.38245,20.634382,13.499182,12.700995,5571.6,4219.45,50.9227444,105.14816139999999,262,0
3.842153,26.562805,18713.06,9,7.9059124,22.38245,20.634382,12.21253,12248.09,5571.6,34.1305154,93.17760439999999,263,0
3.1702378,27.319794,19302.73,9,3.842153,7.9059124,22.38245,13.499182,18713.06,12248.09,14.9183032,83.6468472,264,0
2.1366477,27.153687,16386.72,9,3.1702378,3.842153,7.9059124,20.634382,19302.73,18713.06,9.1490385,73.57096489999999,265,0
1.5375834,27.293701,17540.96,9,2.1366477,3.1702378,3.842153,22.38245,16386.72,19302.73,6.844468900000001,61.60936629999999,266,0
1.5079509,27.634644,14802.78,9,1.5375834,2.1366477,3.1702378,7.9059124,17540.96,16386.72,5.182182,42.4829352,267,0
0.456111,27.860504,10077.0,9,1.5079509,1.5375834,2.1366477,3.842153,14802.78,17540.96,3.5016453,20.5565962,268,0
1.569777,27.7388,6089.95,9,0.456111,1.5079509,1.5375834,3.1702378,10077.0,14802.78,3.5338389,14.2204608,269,0
2.1061134,27.877502,4872.69,9,1.569777,0.456111,1.5079509,2.1366477,6089.95,10077.0,4.1320014,12.4844212,270,0
2.1164434,27.543945,3571.7,9,2.1061134,1.569777,0.456111,1.5375834,4872.69,6089.95,5.7923338,11.4306268,271,0
1.5184357,26.912872,2317.38,9,2.1164434,2.1061134,1.569777,1.5079509,3571.7,4872.69,5.7409925,10.8124148,272,0
0.7445829,26.936249,1688.08,9,1.5184357,2.1164434,2.1061134,0.456111,2317.38,3571.7,4.379462,10.0194143,273,0
1.7201178,26.802673,1718.36,10,0.7445829,1.5184357,2.1164434,1.569777,1688.08,2317.38,3.9831364,10.2315812,274,0
3.4841828,26.65158,1687.56,10,1.7201178,0.7445829,1.5184357,2.1061134,1718.36,1688.08,5.9488835,13.259653,275,0
1.4087238,27.318726,1588.13,10,3.4841828,1.7201178,0.7445829,2.1164434,1687.56,1718.36,6.6130244,13.0985998,276,0
2.5100126,27.542053,1444.28,10,1.4087238,3.4841828,1.7201178,1.5184357,1588.13,1687.56,7.4029192,13.502499,277,0
9.240324,26.402405,1315.28,10,2.5100126,1.4087238,3.4841828,0.7445829,1444.28,1588.13,13.1590604,20.6263796,278,0
11.467144,26.009552,1444.28,10,9.240324,2.5100126,1.4087238,1.7201178,1315.28,1444.28,23.2174806,30.5750879,279,0
18.915987,25.223602,1589.06,10,11.467144,9.240324,2.5100126,3.4841828,1444.28,1315.28,39.623455,48.746492,280,0
3.9347606,25.958282,1687.27,10,18.915987,11.467144,9.240324,1.4087238,1589.06,1444.28,34.317891599999996,50.9611348,281,0
1.4906839,26.692932,1749.55,10,3.9347606,18.915987,11.467144,2.5100126,1687.27,1589.06,24.341431500000002,48.9676359,282,0
0.8995146,27.2016,1687.56,10,1.4906839,3.9347606,18.915987,9.240324,1749.55,1687.27,6.3249591,48.4584267,283,0
0.10240555,27.070068,1571.93,10,0.8995146,1.4906839,3.9347606,11.467144,1687.56,1749.55,2.49260405,46.050819649999994,284,0
0.11983086,26.581787,1261.26,10,0.10240555,0.8995146,1.4906839,18.915987,1571.93,1687.56,1.12175101,36.93032650999999,285,0
1.6174024,26.032654,1332.34,10,0.11983086,0.10240555,0.8995146,3.9347606,1261.26,1571.93,1.83963881,27.08058491,286,0
12.105549,25.773682,1235.47,10,1.6174024,0.11983086,0.10240555,1.4906839,1332.34,1261.26,13.84278226,20.270146909999998,287,0
17.176603,24.671875,1044.84,10,12.105549,1.6174024,0.11983086,0.8995146,1235.47,1332.34,30.8995544,33.51198931,288,0
3.0881712,25.751251,1044.84,10,17.176603,12.105549,1.6174024,0.10240555,1044.84,1235.47,32.3703232,35.109476609999994,289,0
3.2881007,25.468567,1235.47,10,3.0881712,17.176603,12.105549,0.11983086,1044.84,1044.84,23.5528749,37.49806271,290,0
1.1949449,26.307281,1043.94,10,3.2881007,3.0881712,17.176603,1.6174024,1235.47,1044.84,7.5712168,38.59060206,291,0
0.66676867,27.078918,907.6,10,1.1949449,3.2881007,3.0881712,12.105549,1043.94,1235.47,5.14981427,39.13753987,292,0
1.4886453,27.491638,2526.8,10,0.66676867,1.1949449,3.2881007,17.176603,907.6,1043.94,3.35035887,39.008782769999996,293,0
5.743775,26.690216,1489.15,10,1.4886453,0.66676867,1.1949449,3.0881712,2526.8,907.6,7.89918897,32.64700877,294,0
12.169894,25.844025,1237.28,10,5.743775,1.4886453,0.66676867,3.2881007,1489.15,2526.8,19.4023143,27.64029977,295,0
4.743959,25.732239,1262.05,10,12.169894,5.743775,1.4886453,1.1949449,1237.28,1489.15,22.657628,29.296087569999997,296,0
3.1496542,25.833527,1315.24,10,4.743959,12.169894,5.743775,0.66676867,1262.05,1237.28,20.0635072,29.157641069999997,297,0
0.60705745,25.648132,1235.47,10,3.1496542,4.743959,12.169894,1.4886453,1315.24,1262.05,8.50067065,28.569753619999997,298,0
0.7133069,24.726074,1055.41,10,0.60705745,3.1496542,4.743959,5.743775,1235.47,1315.24,4.47001855,28.616291849999996,299,0
0.19782346,24.33496,1262.05,10,0.7133069,0.60705745,3.1496542,12.169894,1055.41,1235.47,1.51818781,27.325470009999997,300,0
0.10531033,23.885498,1056.91,10,0.19782346,0.7133069,0.60705745,4.743959,1262.05,1055.41,1.01644069,21.68700534,301,0
1.0447232,23.782837,893.07,10,0.10531033,0.19782346,0.7133069,3.1496542,1056.91,1262.05,1.34785699,10.561834539999996,302,0
5.2198734,23.941467,787.65,10,1.0447232,0.10531033,0.19782346,0.60705745,893.07,1056.91,6.36990693,11.037748939999997,303,0
11.556763,22.613953,674.35,10,5.2198734,1.0447232,0.10531033,0.7133069,787.65,893.07,17.8213596,19.444857739999996,304,0
9.636107,21.213684,602.65,11,11.556763,5.2198734,1.0447232,0.19782346,674.35,787.65,26.412743400000004,28.47390729,305,0
4.841097,22.009888,358.93,11,9.636107,11.556763,5.2198734,0.10531033,602.65,674.35,26.033967,32.60169739,306,0
1.0119416,23.928223,328.46,11,4.841097,9.636107,11.556763,1.0447232,358.93,602.65,15.4891456,33.415815529999996,307,0
0.3785728,24.174225,318.37,11,1.0119416,4.841097,9.636107,5.2198734,328.46,358.93,6.2316114,33.689077999999995,308,0
0.022039978,23.301727,370.81,11,0.3785728,1.0119416,4.841097,11.556763,318.37,328.46,1.412554378,32.666394778,309,0
0.16076706,23.169373,370.01,11,0.022039978,0.3785728,1.0119416,9.636107,370.81,318.37,0.5613798379999999,27.607288437999998,310,0
5.7203145,24.26352,328.46,11,0.16076706,0.022039978,0.3785728,4.841097,370.01,370.81,5.903121538,21.770839937999998,311,0
9.209142,24.381104,370.01,11,5.7203145,0.16076706,0.022039978,1.0119416,328.46,370.01,15.09022356,21.343874938,312,0
3.5274844,24.81488,379.01,11,9.209142,5.7203145,0.16076706,0.3785728,370.01,328.46,18.4569409,20.030262337999996,313,0
1.4726684,25.69458,379.47,11,3.5274844,9.209142,5.7203145,0.022039978,379.01,370.01,14.2092948,20.490989137999996,314,0
2.7858937,25.445618,400.07,11,1.4726684,3.5274844,9.209142,0.16076706,379.47,379.01,7.7860465,22.898310037999995,315,0
3.2840202,24.130554,403.98,11,2.7858937,1.4726684,3.5274844,5.7203145,400.07,379.47,7.542582300000001,26.160290259999996,316,0
1.4767535,24.424286,559.02,11,3.2840202,2.7858937,1.4726684,9.209142,403.98,400.07,7.5466674000000005,27.476276699999996,317,0
0.19819595,24.662994,559.02,11,1.4767535,3.2840202,2.7858937,3.5274844,559.02,403.98,4.95896965,21.954158149999998,318,0
0.05212223,24.442383,611.9,11,0.19819595,1.4767535,3.2840202,1.4726684,559.02,559.02,1.72707168,12.797138379999998,319,0
0.013052997,24.526642,449.38,11,0.05212223,0.19819595,1.4767535,2.7858937,611.9,559.02,0.263371177,9.282706976999998,320,0
0.14315213,24.717834,787.65,11,0.013052997,0.05212223,0.19819595,3.2840202,449.38,611.9,0.208327357,7.953190706999998,321,0
0.2009089,24.977814,612.73,11,0.14315213,0.013052997,0.05212223,1.4767535,787.65,449.38,0.357114027,5.368205906999998,322,0
0.60086757,25.275208,578.99,11,0.2009089,0.14315213,0.013052997,0.19819595,612.73,787.65,0.9449286,2.6850532769999984,323,0
0.4905925,24.642944,458.6,11,0.60086757,0.2009089,0.14315213,0.05212223,578.99,612.73,1.29236897,1.6988922769999983,324,0
0.47125202,23.159668,404.79,11,0.4905925,0.60086757,0.2009089,0.013052997,458.6,578.99,1.5627120900000002,1.971948346999998,325,0
0.25807548,22.659912,498.97,11,0.47125202,0.4905925,0.60086757,0.14315213,404.79,458.6,1.2199200000000001,2.177901596999998,326,0
0.2309676,23.045685,328.46,11,0.25807548,0.47125202,0.4905925,0.2009089,498.97,404.79,0.9602951,2.3958161999999983,327,0
0.034515157,23.454346,400.07,11,0.2309676,0.25807548,0.47125202,0.60086757,328.46,498.97,0.523558237,2.2871792269999984,328,0
0.0017850538,23.932495,437.44,11,0.034515157,0.2309676,0.25807548,0.4905925,400.07,328.46,0.2672678108,2.0880553807999984,329,0
0.0061046374,24.621765,370.01,11,0.0017850538,0.034515157,0.2309676,0.47125202,437.44,400.07,0.0424048482,1.4932924481999983,330,0
0.12560283,24.979523,458.6,11,0.0061046374,0.0017850538,0.034515157,0.25807548,370.01,437.44,0.1334925212,1.1283027781999984,331,0
0.2373314,24.596893,379.47,11,0.12560283,0.0061046374,0.0017850538,0.2309676,458.6,370.01,0.3690388674,0.8943821581999982,332,0
0.20391689,24.240906,436.6,11,0.2373314,0.12560283,0.0061046374,0.034515157,379.47,458.6,0.5668511199999999,0.8402235681999982,333,0
0.26288652,23.372375,358.6,11,0.20391689,0.2373314,0.12560283,0.0017850538,436.6,379.47,0.70413481,0.8721424881999983,334,0
0.16976637,22.15506,458.6,12,0.26288652,0.20391689,0.2373314,0.0061046374,358.6,436.6,0.6365697800000001,1.0073937011999983,335,0
0.01969618,21.4357,380.36,12,0.16976637,0.26288652,0.20391689,0.12560283,458.6,358.6,0.45234907,1.0253048273999983,336,0
0.028903063,21.023956,459.39,12,0.01969618,0.16976637,0.26288652,0.2373314,380.36,458.6,0.21836561300000001,1.0481032529999983,337,0
0.00059127813,20.524841,516.79,12,0.028903063,0.01969618,0.16976637,0.20391689,459.39,380.36,0.04919052113,0.9230917011299983,338,0
4.6926174,20.048767,436.6,12,0.00059127813,0.028903063,0.01969618,0.26288652,516.79,459.39,4.72211174113,5.378377701129998,339,0
20.785444,18.334778,380.36,12,4.6926174,0.00059127813,0.028903063,0.16976637,436.6,516.79,25.478652678129997,25.959904811129995,340,1
13.576232,20.587006,404.79,12,20.785444,4.6926174,0.00059127813,0.01969618,380.36,436.6,39.0542934,39.27325029113,341,0
21.693428,19.964111,459.41,12,13.576232,20.785444,4.6926174,0.028903063,404.79,380.36,56.05510399999999,60.79691192113,342,1
5.514466,21.053741,379.53,12,21.693428,13.576232,20.785444,0.00059127813,459.41,404.79,40.78412599999999,66.29168174112999,343,0
1.8562362,21.659363,370.01,12,5.514466,21.693428,13.576232,4.6926174,379.53,459.41,29.064130199999997,68.11901487812999,344,0
0.18130246,21.573029,399.27,12,1.8562362,5.514466,21.693428,20.785444,370.01,379.53,7.552004659999993,68.29972605999998,345,0
0.38393134,21.5318,400.07,12,0.18130246,1.8562362,5.514466,13.576232,399.27,370.01,2.4214699999999927,63.99103999999999,346,0
1.2117094,20.374573,399.27,12,0.38393134,0.18130246,1.8562362,21.693428,400.07,399.27,1.776943199999993,44.4173054,347,0
0.24285148,19.477722,370.01,12,1.2117094,0.38393134,0.18130246,5.514466,399.27,400.07,1.838492219999993,31.083924879999998,348,0
6.1708335e-05,17.930359,436.6,12,0.24285148,1.2117094,0.38393134,1.8562362,370.01,399.27,1.4546225883349928,9.390558588334992,349,0
0.0,17.155853,399.27,12,6.1708335e-05,0.24285148,1.2117094,0.18130246,436.6,370.01,0.24291318833499312,3.876092588334993,350,0
0.0,17.101807,358.93,12,0.0,6.1708335e-05,0.24285148,0.38393134,399.27,436.6,6.170833499311662e-05,2.0198563883349934,351,0
0.00013351442,17.093445,358.93,12,0.0,0.0,6.1708335e-05,1.2117094,358.93,399.27,0.00013351441999311662,1.838687442754993,352,0
0.000629425,17.354645,328.46,12,0.00013351442,0.0,0.0,0.24285148,358.93,358.93,0.0007629394199931166,1.455385527754993,353,0
1.45856075e-05,16.889587,309.54,12,0.000629425,0.00013351442,0.0,6.1708335e-05,328.46,358.93,0.0007775250274931166,0.2436907133624929,354,0
1.1219697e-06,16.739227,303.42,12,1.45856075e-05,0.000629425,0.00013351442,0.0,309.54,328.46,0.0006451325771931166,0.0008403553321928946,355,0
0.00020644243,17.41504,272.52,12,1.1219697e-06,1.45856075e-05,0.000629425,0.0,303.42,309.54,0.00022215000719311663,0.0009850894271928945,356,0
0.00033546897,18.35321,303.42,12,0.00020644243,1.1219697e-06,1.45856075e-05,0.00013351442,272.52,303.42,0.0005430333696931167,0.0013205583971928946,357,0
0.00018849093,19.013184,264.445,12,0.00033546897,0.00020644243,1.1219697e-06,0.000629425,303.42,272.52,0.0007304023299931166,0.0015090493271928945,358,0
0.00010209925,19.276184,252.71,12,0.00018849093,0.00033546897,0.00020644243,1.45856075e-05,264.445,303.42,0.0006260591499931167,0.0014776341571928946,359,0
0.0003556644,18.870148,272.58,12,0.00010209925,0.00018849093,0.00033546897,1.1219697e-06,252.71,264.445,0.0006462545799931167,0.0012038735571928945,360,0
9.4245464e-05,18.591705,275.16,12,0.0003556644,0.00010209925,0.00018849093,0.00020644243,272.58,252.71,0.0005520091139931166,0.0012835334136928945,361,0
0.00032873714,18.329468,264.44,12,9.4245464e-05,0.0003556644,0.00010209925,0.00033546897,275.16,272.58,0.0007786470039931165,0.0016111485839928946,362,0
0.0061338088,18.62207,275.16,12,0.00032873714,9.4245464e-05,0.0003556644,0.00018849093,264.44,275.16,0.006556791403993117,0.007538514953992895,363,0
0.0024683336,19.477234,273.75,12,0.0061338088,0.00032873714,9.4245464e-05,0.00010209925,275.16,264.44,0.008930879539993117,0.009671379583992895,364,0
0.06587197,20.45694,275.16,12,0.0024683336,0.0061338088,0.00032873714,0.0003556644,273.75,275.16,0.07447411239999312,0.0753548586539929,365,0
0.22698908,19.34967,303.42,1,0.06587197,0.0024683336,0.0061338088,9.4245464e-05,275.16,273.75,0.2953293835999931,0.3022418394039929,1,0
0.046254326,17.868805,273.75,1,0.22698908,0.06587197,0.0024683336,0.00032873714,303.42,275.16,0.33911537599999314,0.3481405010039929,2,0
0.0051554516,17.12085,264.44,1,0.046254326,0.22698908,0.06587197,0.0061338088,273.75,303.42,0.2783988575999931,0.3532017071399929,3,0
2.2439394e-06,16.156738,273.75,1,0.0051554516,0.046254326,0.22698908,0.0024683336,264.44,273.75,0.051412021539393116,0.3528752139393929,4,0
1.1219697e-06,15.779724,264.44,1,2.2439394e-06,0.0051554516,0.046254326,0.06587197,273.75,264.44,0.005158817509093117,0.34674252710909287,5,0
0.00041849472,15.852905,303.42,1,1.1219697e-06,2.2439394e-06,0.0051554516,0.22698908,264.44,273.75,0.0004218606290931166,0.3446926882290929,6,0
0.0002513212,16.129486,302.6,1,0.00041849472,1.1219697e-06,2.2439394e-06,0.046254326,303.42,264.44,0.0006709378896931166,0.2790720394290929,7,0
0.009446985,17.1792,275.16,1,0.0002513212,0.00041849472,1.1219697e-06,0.0051554516,302.6,303.42,0.010116800919993117,0.06152994442909289,8,0
0.004362218,18.062805,309.54,1,0.009446985,0.0002513212,0.00041849472,2.2439394e-06,275.16,302.6,0.014060524199993117,0.019637836429092895,9,0
0.0004162508,17.162292,302.6,1,0.004362218,0.009446985,0.0002513212,1.1219697e-06,309.54,275.16,0.014225453799993116,0.014898635629092894,10,0
0.0,16.35498,275.16,1,0.0004162508,0.004362218,0.009446985,0.00041849472,302.6,309.54,0.004778468799993117,0.014896391689692893,11,0
7.853789e-06,17.744202,309.54,1,0.0,0.0004162508,0.004362218,0.0002513212,275.16,302.6,0.0004241045889931166,0.014903123508992895,12,0
8.975758e-06,19.032166,399.27,1,7.853789e-06,0.0,0.0004162508,0.009446985,309.54,275.16,1.6829546993116618e-05,0.014493604546992894,13,0
6.283031e-05,19.990906,370.01,1,8.975758e-06,7.853789e-06,0.0,0.004362218,399.27,309.54,7.965985699311663e-05,0.014305113656992895,14,0
0.00014585607,21.00116,358.93,1,6.283031e-05,8.975758e-06,7.853789e-06,0.0004162508,370.01,399.27,0.00021766213799311664,0.005003984726992895,15,0
2.2439394e-06,19.882599,459.41,1,0.00014585607,6.283031e-05,8.975758e-06,0.0,358.93,370.01,0.00021093031939311662,0.0006440106663928946,16,0
0.0015023176,17.908356,398.44,1,2.2439394e-06,0.00014585607,6.283031e-05,7.853789e-06,459.41,358.93,0.0016504176093931166,0.0017300774663928946,17,0
3.8146973e-05,18.834015,458.57,1,0.0015023176,2.2439394e-06,0.00014585607,8.975758e-06,398.44,459.41,0.0015427085123931167,0.0017682244393928946,18,0
0.0064877905,19.876892,379.53,1,3.8146973e-05,0.0015023176,2.2439394e-06,6.283031e-05,458.57,398.44,0.008028255072993117,0.008248161150392895,19,0
0.054006018,19.250427,370.01,1,0.0064877905,3.8146973e-05,0.0015023176,0.00014585607,379.53,458.57,0.06053195547299312,0.062245203392392895,20,0
0.05383211,18.69751,358.93,1,0.054006018,0.0064877905,3.8146973e-05,2.2439394e-06,370.01,379.53,0.11432591849999313,0.1160144830823929,21,0
0.0012711918,19.487183,358.1,1,0.05383211,0.054006018,0.0064877905,0.0015023176,358.93,370.01,0.10910931979999312,0.1171398188123929,22,0
0.00095255236,20.694153,328.46,1,0.0012711918,0.05383211,0.054006018,3.8146973e-05,358.1,358.93,0.05605585415999312,0.11809012723299289,23,0
0.002979952,21.464111,327.63,1,0.00095255236,0.0012711918,0.05383211,0.0064877905,328.46,358.1,0.005203696159993117,0.1195677616329929,24,0
2.1317426e-05,21.89444,358.93,1,0.002979952,0.00095255236,0.0012711918,0.054006018,327.63,328.46,0.003953821785993117,0.11955093208599289,25,0
0.03697676,22.093567,358.13,1,2.1317426e-05,0.002979952,0.00095255236,0.05383211,358.93,327.63,0.039978029425993114,0.1500399015859929,26,0
0.002525554,21.877014,309.54,1,0.03697676,2.1317426e-05,0.002979952,0.0012711918,358.13,358.93,0.03952363142599311,0.09855943758599289,27,0
0.0044890014,21.64383,302.6,1,0.002525554,0.03697676,2.1317426e-05,0.00095255236,309.54,358.13,0.04399131539999311,0.04921632898599289,28,0
0.031594668,22.066345,273.75,1,0.0044890014,0.002525554,0.03697676,0.002979952,302.6,309.54,0.03860922339999312,0.07953980518599289,29,0
0.14356838,22.610779,193.36,1,0.031594668,0.0044890014,0.002525554,2.1317426e-05,273.75,302.6,0.17965204939999313,0.22215563282599288,30,0
0.022968965,22.121399,264.44,1,0.14356838,0.031594668,0.0044890014,0.03697676,193.36,273.75,0.19813201299999314,0.24214464582599288,31,0
0.012417962,21.313293,272.52,2,0.022968965,0.14356838,0.031594668,0.002525554,264.44,193.36,0.17895530699999312,0.25454129039999285,32,0
0.00065410836,20.860748,219.78,2,0.012417962,0.022968965,0.14356838,0.0044890014,272.52,264.44,0.03604103535999312,0.21821863875999287,33,0
0.0025457493,20.82129,194.24,2,0.00065410836,0.012417962,0.022968965,0.031594668,219.78,272.52,0.015617819659993116,0.2182388340599929,34,0
0.0015943191,21.072632,200.55,2,0.0025457493,0.00065410836,0.012417962,0.14356838,194.24,219.78,0.004794176759993116,0.21534415175999289,35,0
0.001079335,21.41513,190.66,2,0.0015943191,0.0025457493,0.00065410836,0.022968965,200.55,194.24,0.005219403399993117,0.18482881875999288,36,0
0.0007663053,22.090942,201.36,2,0.001079335,0.0015943191,0.0025457493,0.012417962,190.66,200.55,0.0034399593999931166,0.0420267440599929,37,0
7.6293945e-05,23.169647,272.52,2,0.0007663053,0.001079335,0.0015943191,0.00065410836,201.36,190.66,0.0019219342449931166,0.019134073004992893,38,0
0.0,23.579163,302.6,2,7.6293945e-05,0.0007663053,0.001079335,0.0025457493,272.52,201.36,0.0008425992449931166,0.006716111004992894,39,0
0.00018400305,23.559692,271.73,2,0.0,7.6293945e-05,0.0007663053,0.0015943191,302.6,272.52,0.00026029699499311663,0.006246005694992895,40,0
3.3659094e-06,23.625702,220.68,2,0.00018400305,0.0,7.6293945e-05,0.001079335,271.73,302.6,0.00018736895939311664,0.0037036223043928947,41,0
0.0016190025,23.5607,217.34,2,3.3659094e-06,0.00018400305,0.0,0.0007663053,220.68,271.73,0.0018063714593931166,0.0037283057043928946,42,0
0.00015819774,23.787811,211.79,2,0.0016190025,3.3659094e-06,0.00018400305,7.6293945e-05,217.34,220.68,0.0017805661493931165,0.0028071684443928945,43,0
0.00023897957,24.40506,199.73,2,0.00015819774,0.0016190025,3.3659094e-06,0.0,211.79,217.34,0.0020161798099931167,0.0022798427143928945,44,0
0.0,25.071167,194.24,2,0.00023897957,0.00015819774,0.0016190025,0.00018400305,199.73,211.79,0.00039717730999311665,0.0022035487693928945,45,0
1.5707577e-05,25.2052,190.66,2,0.0,0.00023897957,0.00015819774,3.3659094e-06,194.24,199.73,0.0002546871469931166,0.0022192563463928946,46,0
0.0068776747,23.957825,358.93,2,1.5707577e-05,0.0,0.00023897957,0.0016190025,190.66,194.24,0.006893382276993117,0.008912927996392895,47,0
0.10734109,23.4953,217.34,2,0.0068776747,1.5707577e-05,0.0,0.00015819774,358.93,190.66,0.11423447227699311,0.1162506520869929,48,0
0.8007487,23.49405,191.68,2,0.10734109,0.0068776747,1.5707577e-05,0.00023897957,217.34,358.93,0.9149674646999931,0.9153803495869929,49,0
3.8177278,22.671204,220.68,2,0.8007487,0.10734109,0.0068776747,0.0,191.68,217.34,4.725817589999993,4.732949951846993,50,0
10.969702,20.944,211.79,2,3.8177278,0.8007487,0.10734109,1.5707577e-05,220.68,191.68,15.588178499999993,15.702412972276992,51,0
10.863081,20.334015,190.66,2,10.969702,3.8177278,0.8007487,0.0068776747,211.79,220.68,25.650510799999992,26.565493972276993,52,0
0.009376302,21.505127,217.34,2,10.863081,10.969702,3.8177278,0.10734109,190.66,211.79,21.842159301999992,26.574854566699994,53,0
0.00193091,22.066559,217.34,2,0.009376302,10.863081,10.969702,0.8007487,217.34,190.66,10.874388211999992,26.569907801999992,54,0
0.0027802412,22.520447,272.52,2,0.00193091,0.009376302,10.863081,3.8177278,217.34,217.34,0.014087453199992894,26.46534695319999,55,0
0.19322452,23.169678,216.56,2,0.0027802412,0.00193091,0.009376302,10.969702,272.52,217.34,0.1979356711999929,25.85782277319999,56,0
0.17720278,23.205505,216.56,2,0.19322452,0.0027802412,0.00193091,10.863081,216.56,272.52,0.3732075411999929,22.217297753199993,57,0
0.07294262,23.586334,216.56,2,0.17720278,0.19322452,0.0027802412,0.009376302,216.56,216.56,0.4433699199999929,11.320538373199994,58,0
0.00011444091,23.412903,216.56,2,0.07294262,0.17720278,0.19322452,0.00193091,216.56,216.56,0.25025984090999287,0.4575718141099947,59,0
0.0013306561,23.862122,211.79,3,0.00011444091,0.07294262,0.17720278,0.0027802412,216.56,216.56,0.07438771700999286,0.4495261682099947,60,0
0.0015763676,24.645813,191.21,3,0.0013306561,0.00011444091,0.07294262,0.19322452,211.79,216.56,0.0030214646099928667,0.44917162580999465,61,0
0.00091664935,25.835236,191.21,3,0.0015763676,0.0013306561,0.00011444091,0.17720278,191.21,211.79,0.0038236730499928663,0.4473080339599947,62,0
0.16284157,26.795074,190.4,3,0.00091664935,0.0015763676,0.0013306561,0.07294262,191.21,191.21,0.16533458694999287,0.41692508395999467,63,0
0.104745984,27.086456,187.8,3,0.16284157,0.00091664935,0.0015763676,0.00011444091,190.4,191.21,0.26850420334999286,0.3444682879599947,64,0
0.009850894,27.529968,183.52,3,0.104745984,0.16284157,0.00091664935,0.0013306561,187.8,190.4,0.27743844799999284,0.28137656195999466,65,0
0.00038371366,27.207672,184.31,3,0.009850894,0.104745984,0.16284157,0.0015763676,183.52,187.8,0.11498059165999287,0.28164583470999466,66,0
0.00040503108,27.144775,191.63,3,0.00038371366,0.009850894,0.104745984,0.00091664935,184.31,183.52,0.010639638739992867,0.28072020968999467,67,0
0.0041568982,27.682678,180.24,3,0.00040503108,0.00038371366,0.009850894,0.16284157,191.63,184.31,0.004945642939992867,0.2833007402899947,68,0
0.18676198,27.46103,192.06,3,0.0041568982,0.00040503108,0.00038371366,0.104745984,180.24,191.63,0.19132390927999285,0.46914607093999466,69,0
0.56745076,26.65918,211.01,3,0.18676198,0.0041568982,0.00040503108,0.009850894,192.06,180.24,0.7583696381999929,0.8737552609399948,70,0
0.008659363,26.06958,187.8,3,0.56745076,0.18676198,0.0041568982,0.00038371366,211.01,192.06,0.762872102999993,0.7776686399399948,71,0
0.007582272,26.105316,163.33,3,0.008659363,0.56745076,0.18676198,0.00040503108,187.8,211.01,0.5836923949999929,0.7754000179399948,72,0
0.008531459,26.303345,190.77,3,0.007582272,0.008659363,0.56745076,0.0041568982,163.33,187.8,0.024773093999992894,0.7835477632799949,73,0
1.0410298,26.100708,210.24,3,0.008531459,0.007582272,0.008659363,0.18676198,190.77,163.33,1.0571435309999928,1.8241725321999949,74,0
0.00579273,26.05127,264.44,3,1.0410298,0.008531459,0.007582272,0.56745076,210.24,190.77,1.0553539889999928,1.825808363999995,75,0
0.0006731819,27.08075,358.93,3,0.00579273,1.0410298,0.008531459,0.008659363,264.44,210.24,1.0474957118999928,1.6397195658999948,76,0
0.0023269653,28.005493,190.83,3,0.0006731819,0.00579273,1.0410298,0.007582272,358.93,264.44,0.008792877199992895,1.074595771199995,77,0
1.7951515e-05,29.041504,265.87,3,0.0023269653,0.0006731819,0.00579273,0.008531459,190.83,358.93,0.0030180987149928946,1.0659543597149947,78,0
0.0001222947,29.337189,217.34,3,1.7951515e-05,0.0023269653,0.0006731819,1.0410298,265.87,190.83,0.0024672115149928947,1.0584943824149948,79,0
8.751364e-05,29.12439,216.56,3,0.0001222947,1.7951515e-05,0.0023269653,0.00579273,217.34,265.87,0.00022775985499289458,1.0500504370549948,80,0
0.0037698187,29.155579,272.52,3,8.751364e-05,0.0001222947,1.7951515e-05,0.0006731819,216.56,217.34,0.003979627039992895,0.012790455754994894,81,0
0.029103896,29.32666,195.03,3,0.0037698187,8.751364e-05,0.0001222947,0.0023269653,272.52,216.56,0.0329612283399929,0.03610162175499489,82,0
1.8472246,27.523315,196.03,3,0.029103896,0.0037698187,8.751364e-05,1.7951515e-05,195.03,272.52,1.880098314699993,1.882653039854995,83,0
0.39785612,27.001373,217.34,3,1.8472246,0.029103896,0.0037698187,0.0001222947,196.03,195.03,2.274184615999993,2.278182194554995,84,0
0.3188739,27.676605,252.71,3,0.39785612,1.8472246,0.029103896,8.751364e-05,217.34,196.03,2.563954619999993,2.5970381430399954,85,0
0.10230905,28.052979,220.68,3,0.3188739,0.39785612,1.8472246,0.0037698187,252.71,217.34,0.8190390699999929,2.699224898339995,86,0
0.082619615,28.45868,209.46,3,0.10230905,0.3188739,0.39785612,0.029103896,220.68,252.71,0.5038025649999929,2.781756999699995,87,0
0.04621169,29.165466,196.03,3,0.082619615,0.10230905,0.3188739,1.8472246,209.46,220.68,0.2311403549999929,2.8241988709999952,88,0
0.12001151,29.015778,217.34,3,0.04621169,0.082619615,0.10230905,0.39785612,196.03,209.46,0.2488428149999929,2.915106484999995,89,0
0.073073894,28.821411,210.27,3,0.12001151,0.04621169,0.082619615,0.3188739,217.34,196.03,0.23929709399999288,1.140955778999995,90,0
0.16517416,29.043732,252.71,4,0.073073894,0.12001151,0.04621169,0.10230905,210.27,217.34,0.3582595639999929,0.9082738189999949,91,0
0.05828633,29.237305,272.52,4,0.16517416,0.073073894,0.12001151,0.082619615,252.71,210.27,0.2965343839999929,0.6476862489999948,92,0
0.10501525,29.605652,252.71,4,0.05828633,0.16517416,0.073073894,0.04621169,272.52,252.71,0.3284757399999929,0.6503924489999948,93,0
3.6042695,28.085236,358.93,4,0.10501525,0.05828633,0.16517416,0.12001151,252.71,272.52,3.767571079999993,4.172042333999995,94,0
3.9317636,25.828125,220.68,4,3.6042695,0.10501525,0.05828633,0.073073894,358.93,252.71,7.641048349999993,8.057594243999995,95,0
0.06728004,27.443512,252.71,4,3.9317636,3.6042695,0.10501525,0.16517416,220.68,358.93,7.603313139999993,8.004862773999996,96,0
0.009599573,28.623657,251.89,4,0.06728004,3.9317636,3.6042695,0.05828633,252.71,220.68,4.008643212999993,7.941388452999995,97,0
1.3904964,28.946411,252.71,4,0.009599573,0.06728004,3.9317636,0.10501525,251.89,252.71,1.4673760129999929,9.166710692999995,98,0
1.4924756,27.275787,302.6,4,1.3904964,0.009599573,0.06728004,3.6042695,252.71,251.89,2.8925715729999926,10.600899962999996,99,0
0.30440387,28.302856,272.52,4,1.4924756,1.3904964,0.009599573,3.9317636,302.6,252.71,3.187375869999993,10.800288582999995,100,0
0.06677515,29.252777,272.52,4,0.30440387,1.4924756,1.3904964,0.06728004,272.52,302.6,1.8636546199999928,7.262794232999996,101,0
0.0969135,29.926056,358.1,4,0.06677515,0.30440387,1.4924756,0.009599573,272.52,272.52,0.4680925199999929,3.427944132999995,102,0
1.7270076,28.720398,320.02,4,0.0969135,0.06677515,0.30440387,1.3904964,358.1,272.52,1.8906962499999929,5.087671692999995,103,0
1.449253,28.016022,379.53,4,1.7270076,0.0969135,0.06677515,1.4924756,320.02,358.1,3.273174099999993,6.527325119999995,104,0
1.1622417,28.75763,404.79,4,1.449253,1.7270076,0.0969135,0.30440387,379.53,320.02,4.338502299999993,6.299070419999995,105,0
1.3012348,29.00232,380.36,4,1.1622417,1.449253,1.7270076,0.06677515,404.79,379.53,3.912729499999993,6.107829619999995,106,0
0.8425443,30.18106,379.53,4,1.3012348,1.1622417,1.449253,0.0969135,380.36,404.79,3.306020799999993,6.645970049999995,107,0
0.9906993,30.253296,320.02,4,0.8425443,1.3012348,1.1622417,1.7270076,379.53,380.36,3.134478399999993,7.569894199999995,108,0
2.001455,28.317505,220.68,4,0.9906993,0.8425443,1.3012348,1.449253,320.02,379.53,3.834698599999993,9.474435699999995,109,0
2.424193,28.246094,210.27,4,2.001455,0.9906993,0.8425443,1.1622417,220.68,320.02,5.416347299999993,10.171621099999996,110,0
8.955687,27.294312,398.44,4,2.424193,2.001455,0.9906993,1.3012348,210.27,220.68,13.381334999999993,17.678055099999995,111,0
6.362872,25.938019,370.01,4,8.955687,2.424193,2.001455,0.8425443,398.44,210.27,17.742751999999992,22.878685399999995,112,0
1.1392548,27.913757,303.42,4,6.362872,8.955687,2.424193,0.9906993,370.01,398.44,16.457813799999993,22.716705399999995,113,0
1.6971791,28.35025,273.52,4,1.1392548,6.362872,8.955687,2.001455,303.42,370.01,9.199305899999993,23.571340199999995,114,0
3.0775566,27.86615,209.46,4,1.6971791,1.1392548,6.362872,2.424193,273.52,303.42,5.913990499999993,25.658197499999993,115,0
2.049242,27.483765,378.5,4,3.0775566,1.6971791,1.1392548,8.955687,209.46,273.52,6.823977699999993,25.705984499999996,116,0
2.7191103,27.062042,358.1,4,2.049242,3.0775566,1.6971791,6.362872,378.5,209.46,7.845908899999992,26.000901799999994,117,0
1.3267361,28.374268,379.53,4,2.7191103,2.049242,3.0775566,1.1392548,358.1,378.5,6.095088399999993,18.371950899999995,118,0
0.6181661,29.134491,370.01,4,1.3267361,2.7191103,2.049242,1.6971791,379.53,358.1,4.664012499999993,12.627244999999995,119,0
1.1251808,29.532166,327.63,4,0.6181661,1.3267361,2.7191103,3.0775566,370.01,379.53,3.0700829999999932,12.613170999999994,120,0
0.6436808,29.831543,273.52,5,1.1251808,0.6181661,1.3267361,2.049242,327.63,370.01,2.387027699999993,11.559672699999995,121,0
0.99362653,30.620728,397.6,5,0.6436808,1.1251808,0.6181661,2.7191103,273.52,327.63,2.7624881299999933,9.475742629999996,122,0
0.29425788,31.487305,436.6,5,0.99362653,0.6436808,1.1251808,1.3267361,397.6,273.52,1.931565209999993,7.720758509999995,123,0
1.2560384,31.320435,404.79,5,0.29425788,0.99362653,0.6436808,0.6181661,436.6,397.6,2.5439228099999927,6.257686609999995,124,0
2.1136296,30.897827,302.6,5,1.2560384,0.29425788,0.99362653,1.1251808,404.79,436.6,3.6639258799999928,7.044580109999995,125,0
1.005267,30.51654,377.43,5,2.1136296,1.2560384,0.29425788,0.6436808,302.6,404.79,4.374934999999993,7.431681009999995,126,0
3.6200109,30.05716,217.34,5,1.005267,2.1136296,1.2560384,0.99362653,377.43,302.6,6.738907499999993,9.926511109999995,127,0
0.5481967,30.392365,199.73,5,3.6200109,1.005267,2.1136296,0.29425788,217.34,377.43,5.173474599999993,9.831027009999994,128,0
0.18683715,31.740875,196.03,5,0.5481967,3.6200109,1.005267,1.2560384,199.73,217.34,4.355044749999993,9.024237629999993,129,0
0.20023121,32.609497,190.83,5,0.18683715,0.5481967,3.6200109,2.1136296,196.03,199.73,0.9352650599999929,8.930210959999993,130,0
0.0994514,33.016357,327.63,5,0.20023121,0.18683715,0.5481967,1.005267,190.83,196.03,0.48651975999999286,7.773623959999994,131,0
0.117586926,32.76367,320.02,5,0.0994514,0.20023121,0.18683715,3.6200109,327.63,190.83,0.4172695359999929,5.777581285999995,132,0
0.18428355,32.503876,302.6,5,0.117586926,0.0994514,0.20023121,0.5481967,320.02,327.63,0.40132187599999286,4.956597835999995,133,0
0.5466629,31.93689,273.34,5,0.18428355,0.117586926,0.0994514,0.18683715,302.6,320.02,0.8485333759999928,1.8832498359999945,134,0
0.55978215,32.11551,265.37,5,0.5466629,0.18428355,0.117586926,0.20023121,273.34,302.6,1.290728599999993,1.8948352859999946,135,0
1.4679011,31.885529,319.2,5,0.55978215,0.5466629,0.18428355,0.0994514,265.37,273.34,2.5743461499999927,3.1758992359999945,136,0
0.7490068,31.83136,273.52,5,1.4679011,0.55978215,0.5466629,0.117586926,319.2,265.37,2.776690049999993,3.7246748259999944,137,0
1.5084369,31.749054,397.6,5,0.7490068,1.4679011,0.55978215,0.18428355,273.52,319.2,3.7253447999999927,5.133660325999994,138,0
2.4228566,30.80722,274.35,5,1.5084369,0.7490068,1.4679011,0.5466629,397.6,273.52,4.680300299999993,7.438929999999995,139,0
0.34325546,30.21637,252.71,5,2.4228566,1.5084369,0.7490068,0.55978215,274.35,397.6,4.274548959999993,7.597901909999995,140,0
0.07064146,31.205566,275.17,5,0.34325546,2.4228566,1.5084369,1.4679011,252.71,274.35,2.8367535199999927,7.1218804699999945,141,0
0.24353926,31.726196,320.02,5,0.07064146,0.34325546,2.4228566,0.7490068,275.17,252.71,0.6574361799999929,6.805637579999995,142,0
0.12641458,31.7258,358.93,5,0.24353926,0.07064146,0.34325546,1.5084369,320.02,275.17,0.4405952999999929,5.4641510599999945,143,0
0.61927116,31.76294,309.54,5,0.12641458,0.24353926,0.07064146,2.4228566,358.93,320.02,0.9892249999999929,5.334415419999995,144,0
0.68493897,32.127594,273.52,5,0.61927116,0.12641458,0.24353926,0.34325546,309.54,358.93,1.430624709999993,4.510917489999994,145,0
1.7904091,30.664398,272.53,5,0.68493897,0.61927116,0.12641458,0.07064146,273.52,309.54,3.094619229999993,3.878469989999995,146,0
1.1370636,30.433289,328.66,5,1.7904091,0.68493897,0.61927116,0.24353926,272.53,273.52,3.6124116699999926,4.672278129999995,147,0
1.2379097,30.850891,309.54,5,1.1370636,1.7904091,0.68493897,0.12641458,328.66,272.53,4.165382399999993,5.8395463699999945,148,0
0.67910135,31.463135,273.1,5,1.2379097,1.1370636,1.7904091,0.61927116,309.54,328.66,3.0540746499999925,6.275108459999995,149,0
0.59181327,31.440521,271.3,5,0.67910135,1.2379097,1.1370636,0.68493897,273.1,309.54,2.5088243199999924,6.740507149999995,150,0
1.3209814,30.942017,252.71,5,0.59181327,0.67910135,1.2379097,1.7904091,271.3,273.1,2.5918960199999925,7.442217389999994,151,0
0.92050326,30.994812,251.15,6,1.3209814,0.59181327,0.67910135,1.1370636,252.71,271.3,2.8332979299999925,7.6777816799999945,152,0
1.822585,30.77008,358.93,6,0.92050326,1.3209814,0.59181327,1.2379097,251.15,252.71,4.064069659999992,7.709957579999994,153,0
2.5231912,30.418762,273.35,6,1.822585,0.92050326,1.3209814,0.67910135,358.93,251.15,5.266279459999993,9.096085179999994,154,0
2.2849398,30.251038,210.27,6,2.5231912,1.822585,0.92050326,0.59181327,273.35,358.93,6.6307159999999925,10.143115279999995,155,0
3.6018293,30.2211,199.73,6,2.2849398,2.5231912,1.822585,1.3209814,210.27,273.35,8.409960299999993,13.065843229999995,156,0
3.7255893,30.480927,264.07,6,3.6018293,2.2849398,2.5231912,0.92050326,199.73,210.27,9.612358399999993,16.199619259999995,157,0
4.6812425,30.041504,358.93,6,3.7255893,3.6018293,2.2849398,1.822585,264.07,199.73,12.008661099999992,19.559880359999994,158,0
5.334991,29.063507,328.66,6,4.6812425,3.7255893,3.6018293,2.5231912,358.93,264.07,13.74182279999999,23.974368099999992,159,0
1.2643151,30.420776,436.6,6,5.334991,4.6812425,3.7255893,2.2849398,328.66,358.93,11.280548599999992,23.416098199999993,160,0
2.1582358,30.166077,404.79,6,1.2643151,5.334991,4.6812425,3.6018293,436.6,328.66,8.757541899999993,23.051142799999994,161,0
3.5142283,29.634155,456.98,6,2.1582358,1.2643151,5.334991,3.7255893,404.79,436.6,6.936779199999993,24.280431299999993,162,0
9.015744,29.660889,405.63,6,3.5142283,2.1582358,1.2643151,4.6812425,456.98,404.79,14.688208099999994,29.694345999999996,163,0
11.46801,29.377014,522.03,6,9.015744,3.5142283,2.1582358,5.334991,405.63,456.98,23.99798229999999,37.43676669999999,164,0
16.092157,28.828003,498.97,6,11.46801,9.015744,3.5142283,1.2643151,522.03,405.63,36.57591099999999,48.8476812,165,0
29.75984,27.463318,407.31,6,16.092157,11.46801,9.015744,2.1582358,498.97,522.03,57.32000699999999,73.27253019999999,166,1
29.16229,26.584015,483.47,6,29.75984,16.092157,11.46801,3.5142283,407.31,498.97,75.014287,101.17050509999999,167,1
27.7664,26.819641,578.99,6,29.16229,29.75984,16.092157,9.015744,483.47,407.31,86.68852999999999,126.77866929999999,168,1
27.352943,27.08496,523.66,6,27.7664,29.16229,29.75984,11.46801,578.99,483.47,84.281633,150.617384,169,1
30.710527,26.816803,612.73,6,27.352943,27.7664,29.16229,16.092157,523.66,578.99,85.82987,172.31216700000002,170,1
29.640818,26.570099,856.07,6,30.710527,27.352943,27.7664,29.75984,612.73,523.66,87.70428799999999,190.484975,171,1
10.364259,27.086548,1262.05,6,29.640818,30.710527,27.352943,29.16229,856.07,612.73,70.71560399999998,184.757077,172,0
4.0573287,27.587402,1262.05,6,10.364259,29.640818,30.710527,27.7664,1262.05,856.07,44.06240569999999,159.0545657,173,0
2.4579475,28.83548,1085.06,6,4.0573287,10.364259,29.640818,27.352943,1262.05,1262.05,16.87953519999999,132.3502232,174,0
1.0910505,29.06305,795.81,6,2.4579475,4.0573287,10.364259,30.710527,1085.06,1262.05,7.60632669999999,105.67487369999999,175,0
4.8154035,26.75299,856.91,6,1.0910505,2.4579475,4.0573287,29.640818,795.81,1085.06,8.364401499999989,83.1373342,176,0
9.623032,26.020203,407.31,6,4.8154035,1.0910505,2.4579475,10.364259,856.91,795.81,15.529485999999991,62.049839199999994,177,0
17.482798,25.950684,377.46,6,9.623032,4.8154035,1.0910505,4.0573287,407.31,856.91,31.921233499999992,49.8918192,178,0
13.54439,26.528137,275.4,6,17.482798,9.623032,4.8154035,2.4579475,377.46,407.31,40.65021999999999,53.071950199999996,179,0
5.2522125,27.2099,516.17,6,13.54439,17.482798,9.623032,1.0910505,275.4,377.46,36.27940049999999,54.266833999999996,180,0
2.0803125,27.740692,652.97,6,5.2522125,13.54439,17.482798,4.8154035,516.17,275.4,20.87691499999999,53.88919899999999,181,0
1.8740441,28.32315,483.47,7,2.0803125,5.2522125,13.54439,9.623032,652.97,516.17,9.206569099999989,54.6721926,182,0
1.8708925,27.944489,435.76,7,1.8740441,2.0803125,5.2522125,17.482798,483.47,652.97,5.825249099999989,51.7276816,183,0
6.4448466,27.487701,516.17,7,1.8708925,1.8740441,2.0803125,13.54439,435.76,483.47,10.18978319999999,48.54949619999999,184,0
14.948421,26.2529,456.98,7,6.4448466,1.8708925,1.8740441,5.2522125,516.17,435.76,23.26416009999999,46.015119199999994,185,0
15.732322,25.94046,407.31,7,14.948421,6.4448466,1.8708925,2.0803125,456.98,516.17,37.12558959999999,48.2030512,186,0
7.775227,26.25354,559.02,7,15.732322,14.948421,6.4448466,1.8740441,407.31,456.98,38.45596999999999,50.7260657,187,0
10.437131,26.194702,651.24,7,7.775227,15.732322,14.948421,1.8708925,559.02,407.31,33.94467999999999,59.082884199999995,188,0
6.9151,27.123413,524.51,7,10.437131,7.775227,15.732322,6.4448466,651.24,559.02,25.12745799999999,64.1239401,189,0
7.006642,27.705719,710.93,7,6.9151,10.437131,7.775227,14.948421,524.51,651.24,24.35887299999999,69.2596896,190,0
2.2498019,28.575378,907.6,7,7.006642,6.9151,10.437131,15.732322,710.93,524.51,16.17154389999999,65.0646449,191,0
6.0544386,28.487213,818.12,7,2.2498019,7.006642,6.9151,7.775227,907.6,710.93,15.310882499999991,56.17066249999999,192,0
12.289583,27.734863,754.27,7,6.0544386,2.2498019,7.006642,10.437131,818.12,907.6,20.593823499999992,52.7279235,193,0
5.430037,27.745728,856.96,7,12.289583,6.0544386,2.2498019,6.9151,754.27,818.12,23.77405859999999,50.3827335,194,0
7.005759,27.750214,925.26,7,5.430037,12.289583,6.0544386,7.006642,856.96,754.27,24.72537899999999,46.9513615,195,0
12.801564,27.575256,893.07,7,7.005759,5.430037,12.289583,2.2498019,925.26,856.96,25.23735999999999,52.837825499999994,196,0
18.014565,27.055847,820.784,7,12.801564,7.005759,5.430037,6.0544386,893.07,925.26,37.821887999999994,63.8457485,197,0
16.623798,26.798523,909.36,7,18.014565,12.801564,7.005759,12.289583,820.784,893.07,47.439927,78.2197446,198,0
10.11835,27.083618,1035.65,7,16.623798,18.014565,12.801564,5.430037,909.36,820.784,44.75671299999999,82.28365600000001,199,0
8.783374,27.346008,1262.05,7,10.11835,16.623798,18.014565,7.005759,1035.65,909.36,35.52552199999999,78.77744700000001,200,0
14.682736,26.194153,1771.94,7,8.783374,10.11835,16.623798,12.801564,1262.05,1035.65,33.58445999999999,88.030146,201,0
28.857735,24.725708,2117.41,7,14.682736,8.783374,10.11835,18.014565,1771.94,1262.05,52.32384499999999,109.882122,202,1
20.861343,24.177979,2047.63,7,28.857735,14.682736,8.783374,16.623798,2117.41,1771.94,64.40181399999999,117.941901,203,1
2.3087873,25.327332,1812.16,7,20.861343,28.857735,14.682736,10.11835,2047.63,2117.41,52.027865299999995,102.2361233,204,0
5.026411,26.646057,2168.73,7,2.3087873,20.861343,28.857735,8.783374,1812.16,2047.63,28.196541299999993,90.6387363,205,0
3.7923658,27.322327,2831.22,7,5.026411,2.3087873,20.861343,14.682736,2168.73,1812.16,11.12756409999999,84.31275210000001,206,0
1.5058405,27.906189,2360.52,7,3.7923658,5.026411,2.3087873,28.857735,2831.22,2168.73,10.32461729999999,77.03521860000001,207,0
2.5990362,28.41925,2166.14,7,1.5058405,3.7923658,5.026411,20.861343,2360.52,2831.22,7.897242499999989,64.9515188,208,0
5.6104994,28.518982,1459.91,7,2.5990362,1.5058405,3.7923658,2.3087873,2166.14,2360.52,9.71537609999999,41.7042832,209,0
6.39171,28.094543,1459.46,7,5.6104994,2.5990362,1.5058405,5.026411,1459.91,2166.14,14.60124559999999,27.2346502,210,0
4.38498,28.377777,1771.94,7,6.39171,5.6104994,2.5990362,3.7923658,1459.46,1459.91,16.38718939999999,29.3108429,211,0
6.7684727,28.57306,2130.22,7,4.38498,6.39171,5.6104994,1.5058405,1771.94,1459.46,17.545162699999988,31.0529046,212,0
5.3858747,27.944122,1564.65,8,6.7684727,4.38498,6.39171,2.5990362,2130.22,1771.94,16.53932739999999,32.6464135,213,0
12.685836,27.4711,1326.32,8,5.3858747,6.7684727,4.38498,5.6104994,1564.65,2130.22,24.84018339999999,43.826409,214,0
17.164457,26.628174,1325.87,8,12.685836,5.3858747,6.7684727,6.39171,1326.32,1564.65,35.23616769999999,58.3918298,215,0
8.908022,26.872955,1247.84,8,17.164457,12.685836,5.3858747,4.38498,1325.87,1326.32,38.75831499999999,61.6893524,216,0
16.859974,26.912842,1497.84,8,8.908022,17.164457,12.685836,6.7684727,1247.84,1325.87,42.932452999999995,72.1576164,217,0
21.303595,26.386902,1460.18,8,16.859974,8.908022,17.164457,5.3858747,1497.84,1247.84,47.071591,89.07623140000001,218,1
14.588801,26.477356,1325.61,8,21.303595,16.859974,8.908022,12.685836,1460.18,1497.84,52.75236999999999,96.8965597,219,0
17.440178,26.298706,1771.94,8,14.588801,21.303595,16.859974,17.164457,1325.61,1460.18,53.332573999999994,108.950863,220,0
12.8485155,26.085022,1812.44,8,17.440178,14.588801,21.303595,8.908022,1771.94,1325.61,44.87749449999999,109.11354250000001,221,0
14.632563,26.442322,1478.54,8,12.8485155,17.440178,14.588801,16.859974,1812.44,1771.94,44.921256499999984,106.5816485,222,0
31.973537,25.929993,1250.0,8,14.632563,12.8485155,17.440178,21.303595,1478.54,1812.44,59.45461549999999,129.6471635,223,1
20.07493,25.662598,1326.14,8,31.973537,14.632563,12.8485155,14.588801,1250.0,1478.54,66.68102999999999,132.8621195,224,1
13.021428,25.874542,1341.92,8,20.07493,31.973537,14.632563,17.440178,1326.14,1250.0,65.06989499999999,124.5799525,225,0
10.417991,26.357452,1854.0,8,13.021428,20.07493,31.973537,12.8485155,1341.92,1326.14,43.514348999999996,120.4091425,226,0
10.92763,26.743286,8154.0,8,10.417991,13.021428,20.07493,14.632563,1854.0,1341.92,34.367048999999994,113.89659449999999,227,0
15.030516,26.497864,9968.31,8,10.92763,10.417991,13.021428,31.973537,8154.0,1854.0,36.37613699999999,116.07859499999999,228,0
14.88011,26.243286,5825.7,8,15.030516,10.92763,10.417991,20.07493,9968.31,8154.0,40.83825599999999,116.326142,229,0
20.330984,25.691833,3451.97,8,14.88011,15.030516,10.92763,13.021428,5825.7,9968.31,50.241609999999994,104.683589,230,1
16.700277,25.568176,3603.22,8,20.330984,14.88011,15.030516,10.417991,3451.97,5825.7,51.91137099999999,101.308936,231,0
5.6296883,26.790771,3359.51,8,16.700277,20.330984,14.88011,10.92763,3603.22,3451.97,42.66094929999999,93.9171963,232,0
2.471723,27.571075,3355.32,8,5.6296883,16.700277,20.330984,15.030516,3359.51,3603.22,24.801688299999988,85.9709283,233,0
7.142395,27.463013,3198.82,8,2.471723,5.6296883,16.700277,14.88011,3355.32,3359.51,15.243806299999989,82.18569330000001,234,0
11.159947,27.126099,8861.7,8,7.142395,2.471723,5.6296883,20.330984,3198.82,3355.32,20.77406499999999,78.31512430000001,235,0
12.594655,26.812866,4213.43,8,11.159947,7.142395,2.471723,16.700277,8861.7,3198.82,30.89699699999999,76.0296693,236,0
16.327913,26.527222,4581.85,8,12.594655,11.159947,7.142395,5.6296883,4213.43,8861.7,40.08251499999999,72.02659829999999,237,0
18.640867,25.899841,3108.99,8,16.327913,12.594655,11.159947,2.471723,4581.85,4213.43,47.563434999999984,73.9671883,238,0
13.314128,25.79422,2438.4,8,18.640867,16.327913,12.594655,7.142395,3108.99,4581.85,48.282907999999985,81.651628,239,0
10.605091,26.340637,3513.94,8,13.314128,18.640867,16.327913,11.159947,2438.4,3108.99,42.56008599999999,89.784996,240,0
12.104846,26.510834,4803.32,8,10.605091,13.314128,18.640867,12.594655,3513.94,2438.4,36.02406499999999,94.747447,241,0
13.521597,26.158691,10742.97,8,12.104846,10.605091,13.314128,16.327913,4803.32,3513.94,36.23153399999999,97.10909699999999,242,0
18.740417,26.096924,10758.61,8,13.521597,12.104846,10.605091,18.640867,10742.97,4803.32,44.36685999999999,103.25485900000001,243,0
30.576159,25.506409,12297.0,9,18.740417,13.521597,12.104846,13.314128,10758.61,10742.97,62.838173,117.503105,244,1
15.965313,25.624878,13040.89,9,30.576159,18.740417,13.521597,10.605091,12297.0,10758.61,65.28188899999999,114.827551,245,0
21.034237,25.762268,14313.24,9,15.965313,30.576159,18.740417,12.104846,13040.89,12297.0,67.57570899999999,122.54766000000001,246,1
21.692554,26.228058,13955.0,9,21.034237,15.965313,30.576159,13.521597,14313.24,13040.89,58.69210399999999,133.635123,247,1
28.641008,26.203064,15506.0,9,21.692554,21.034237,15.965313,18.740417,13955.0,14313.24,71.36779899999999,150.171285,248,1
33.013527,25.431396,18580.08,9,28.641008,21.692554,21.034237,30.576159,15506.0,13955.0,83.347089,169.66321500000004,249,1
29.274223,25.283264,16937.33,9,33.013527,28.641008,21.692554,15.965313,18580.08,15506.0,90.92875799999999,180.197021,250,1
28.30544,25.480225,21222.49,9,29.274223,33.013527,28.641008,21.034237,16937.33,18580.08,90.59318999999999,177.926302,251,1
23.394312,24.959015,27320.11,9,28.30544,29.274223,33.013527,21.692554,21222.49,16937.33,80.973975,185.35530100000003,252,1
7.848708,26.117981,35869.52,9,23.394312,28.30544,29.274223,28.641008,27320.11,21222.49,59.54845999999999,172.169772,253,0
4.468763,26.745636,38832.18,9,7.848708,23.394312,28.30544,33.013527,35869.52,27320.11,35.71178299999999,154.945981,254,0
5.4582863,27.541931,35869.52,9,4.468763,7.848708,23.394312,29.274223,38832.18,35869.52,17.775757299999995,131.7632593,255,0
9.402082,27.274445,27075.61,9,5.4582863,4.468763,7.848708,28.30544,35869.52,38832.18,19.329131299999993,108.1518143,256,0
13.353465,26.537231,15503.06,9,9.402082,5.4582863,4.468763,23.394312,27075.61,35869.52,28.213833299999994,92.2310563,257,0
14.204459,26.072632,13013.16,9,13.353465,9.402082,5.4582863,7.848708,15503.06,27075.61,36.96000599999999,78.1300753,258,0
11.265028,26.667908,12305.5,9,14.204459,13.353465,9.402082,4.468763,13013.16,15503.06,38.822951999999994,66.0007913,259,0
14.856078,26.397705,15784.14,9,11.265028,14.204459,13.353465,5.4582863,12305.5,13013.16,40.32556499999999,73.0081613,260,0
11.883754,26.031403,13973.62,9,14.856078,11.265028,14.204459,9.402082,15784.14,12305.5,38.004859999999994,80.4231523,261,0
11.217943,26.366943,10742.97,9,11.883754,14.856078,11.265028,13.353465,13973.62,15784.14,37.95777499999999,86.18280899999999,262,0
12.480779,26.285278,13019.0,9,11.217943,11.883754,14.856078,14.204459,10742.97,13973.62,35.58247599999999,89.261506,263,0
23.198496,25.840515,14552.34,9,12.480779,11.217943,11.883754,11.265028,13019.0,10742.97,46.89721799999999,99.106537,264,1
23.795973,25.636597,16259.53,9,23.198496,12.480779,11.217943,14.856078,14552.34,13019.0,59.47524799999999,108.69805099999999,265,1
20.623646,25.66571,13013.16,9,23.795973,23.198496,12.480779,11.883754,16259.53,14552.34,67.61811499999999,118.056669,266,1
6.7925296,25.907867,12793.94,9,20.623646,23.795973,23.198496,11.217943,13013.16,16259.53,51.21214859999999,109.9931206,267,0
1.4451352,27.07666,15510.76,9,6.7925296,20.623646,23.795973,12.480779,12793.94,13013.16,28.861310799999995,99.5545018,268,0
0.6928478,27.236023,12297.1,9,1.4451352,6.7925296,20.623646,23.198496,15510.76,12793.94,8.930512599999993,89.0294066,269,0
0.06534577,27.39325,10396.7,9,0.6928478,1.4451352,6.7925296,23.795973,12297.1,15510.76,2.203328769999993,76.61397337,270,0
0.08376066,27.309845,6804.31,9,0.06534577,0.6928478,1.4451352,20.623646,10396.7,12297.1,0.8419542299999929,53.499238029999994,271,0
0.15077142,27.198517,5745.12,9,0.08376066,0.06534577,0.6928478,6.7925296,6804.31,10396.7,0.2998778499999929,29.854036450000002,272,0
0.0609914,27.059753,4976.73,9,0.15077142,0.08376066,0.06534577,1.4451352,5745.12,6804.31,0.2955234799999929,9.29138185,273,0
0.0033737628,26.8479,5722.0,10,0.0609914,0.15077142,0.08376066,0.6928478,4976.73,5745.12,0.21513658279999293,2.5022260128,274,0
0.016185535,26.71936,5522.0,10,0.0033737628,0.0609914,0.15077142,0.06534577,5722.0,4976.73,0.08055069779999292,1.0732763478,275,0
0.05905488,26.729553,5768.0,10,0.016185535,0.0033737628,0.0609914,0.08376066,5522.0,5722.0,0.07861417779999291,0.4394834278,276,0
0.0958308,26.79892,5563.0,10,0.05905488,0.016185535,0.0033737628,0.15077142,5768.0,5522.0,0.1710712149999929,0.46996845779999996,277,0
0.3546479,27.006409,5466.0,10,0.0958308,0.05905488,0.016185535,0.0609914,5563.0,5768.0,0.5095335799999929,0.7408556978,278,0
1.7196083,26.580627,5438.0,10,0.3546479,0.0958308,0.05905488,0.0033737628,5466.0,5563.0,2.170086999999993,2.3096925778,279,0
4.5584373,26.178772,3982.0,10,1.7196083,0.3546479,0.0958308,0.016185535,5438.0,5466.0,6.632693499999993,6.8071384778,280,0
2.5333483,26.558899,5370.0,10,4.5584373,1.7196083,0.3546479,0.05905488,3982.0,5438.0,8.811393899999993,9.337113015,281,0
4.3557944,26.697845,3974.0,10,2.5333483,4.5584373,1.7196083,0.0958308,5370.0,3982.0,11.447579999999991,13.676721879999999,282,0
3.4904685,26.629456,3967.0,10,4.3557944,2.5333483,4.5584373,0.3546479,3974.0,5370.0,10.379611199999992,17.1081355,283,0
0.6309891,27.504211,5300.0,10,3.4904685,4.3557944,2.5333483,1.7196083,3967.0,3974.0,8.477251999999993,17.6432938,284,0
0.7581778,27.670929,5366.0,10,0.6309891,3.4904685,4.3557944,4.5584373,5300.0,3967.0,4.879635399999993,18.046823699999997,285,0
1.0305113,27.344238,3974.0,10,0.7581778,0.6309891,3.4904685,2.5333483,5366.0,5300.0,2.419678199999993,17.3577267,286,0
0.5192251,27.046265,5286.0,10,1.0305113,0.7581778,0.6309891,4.3557944,3974.0,5366.0,2.307914199999993,13.3185145,287,0
0.083173856,26.773376,5286.0,10,0.5192251,1.0305113,0.7581778,3.4904685,5286.0,3974.0,1.6329102559999928,10.868340056,288,0
0.0366828,26.470154,5286.0,10,0.083173856,0.5192251,1.0305113,0.6309891,5286.0,5286.0,0.6390817559999928,6.549228456,289,0
0.4081715,25.876831,3967.0,10,0.0366828,0.083173856,0.5192251,0.7581778,5286.0,5286.0,0.5280281559999929,3.4669314559999997,290,0
1.3127159,25.405304,3959.0,10,0.4081715,0.0366828,0.083173856,1.0305113,3967.0,5286.0,1.7575701999999929,4.148658256,291,0
0.65059215,25.770447,3967.0,10,1.3127159,0.4081715,0.0366828,0.5192251,3959.0,3967.0,2.371479549999993,4.041072606,292,0
4.263712,25.775879,3941.0,10,0.65059215,1.3127159,0.4081715,0.083173856,3967.0,3959.0,6.227020049999993,7.274273306,293,0
5.0534525,25.341125,3959.0,10,4.263712,0.65059215,1.3127159,0.0366828,3941.0,3967.0,9.967756649999993,11.808500706,294,0
1.5127627,25.157074,3950.0,10,5.0534525,4.263712,0.65059215,0.4081715,3959.0,3941.0,10.829927199999993,13.23808955,295,0
0.13126485,25.288544,3974.0,10,1.5127627,5.0534525,4.263712,1.3127159,3950.0,3959.0,6.697480049999992,13.332671600000001,296,0
0.05599751,25.134308,5300.0,10,0.13126485,1.5127627,5.0534525,0.65059215,3974.0,3950.0,1.7000250599999929,12.98049761,297,0
0.13651791,25.046509,3959.0,10,0.05599751,0.13126485,1.5127627,4.263712,5300.0,3974.0,0.3237802699999929,11.80429962,298,0
0.05400826,24.967987,3941.0,10,0.13651791,0.05599751,0.13126485,5.0534525,3959.0,5300.0,0.2465236799999929,11.20771573,299,0
0.00082464784,24.641113,3846.0,10,0.05400826,0.13651791,0.05599751,1.5127627,3941.0,3959.0,0.1913508178399929,6.94482837784,300,0
0.00010097729,24.138916,3723.0,10,0.00082464784,0.05400826,0.13651791,0.13126485,3846.0,3941.0,0.0549338851299929,1.8914768551300007,301,0
0.00021878412,23.647491,3723.0,10,0.00010097729,0.00082464784,0.05400826,0.05599751,3723.0,3846.0,0.0011444092499928945,0.3789329392500009,302,0
0.00032424927,23.523987,3812.0,10,0.00021878412,0.00010097729,0.00082464784,0.13651791,3723.0,3723.0,0.0006440106799928945,0.24799233852000088,303,0
0.0046471986,23.834839,3777.0,10,0.00032424927,0.00021878412,0.00010097729,0.05400826,3812.0,3723.0,0.005190231989992895,0.1966420271200009,304,0
0.05257326,23.776245,359.55,11,0.0046471986,0.00032424927,0.00021878412,0.00082464784,3777.0,3812.0,0.05754470786999289,0.11269737712000089,305,0
0.026352827,23.283478,382.09,11,0.05257326,0.0046471986,0.00032424927,0.00010097729,359.55,3777.0,0.08357328559999289,0.08504194412000088,306,0
0.00050937425,23.128052,453.96,11,0.026352827,0.05257326,0.0046471986,0.00021878412,382.09,359.55,0.07943546124999289,0.08472667053000088,307,0
3.7025e-05,23.337128,484.8,11,0.00050937425,0.026352827,0.05257326,0.00032424927,453.96,382.09,0.026899226249992893,0.08466271824000089,308,0
1.6829548e-05,23.640564,381.44,11,3.7025e-05,0.00050937425,0.026352827,0.0046471986,484.8,453.96,0.0005632287979928946,0.08446076366800087,309,0
6.7318188e-06,23.948639,300.75,11,1.6829548e-05,3.7025e-05,0.00050937425,0.05257326,381.44,484.8,6.058636679289457e-05,0.08414324621680089,310,0
0.00018736895,23.809479,284.66,11,6.7318188e-06,1.6829548e-05,3.7025e-05,0.026352827,300.75,381.44,0.00021093031679289458,0.07968341656680088,311,0
0.0037204518,23.005554,338.09,11,0.00018736895,6.7318188e-06,1.6829548e-05,0.00050937425,284.66,300.75,0.003914552568792895,0.030830608366800887,312,0
0.00091664924,22.6893,314.02,11,0.0037204518,0.00018736895,6.7318188e-06,3.7025e-05,338.09,284.66,0.004824469989992895,0.005394430606800888,313,0
0.0010355781,22.83545,291.4,11,0.00091664924,0.0037204518,0.00018736895,1.6829548e-05,314.02,338.09,0.005672679139992894,0.005920634456800888,314,0
0.0004420561,23.314148,300.12,11,0.0010355781,0.00091664924,0.0037204518,6.7318188e-06,291.4,314.02,0.0023942834399928946,0.006325665556800888,315,0
5.609849e-06,23.825775,240.68,11,0.0004420561,0.0010355781,0.00091664924,0.00018736895,300.12,291.4,0.0014832440489928945,0.006314445857800888,316,0
0.028238857,24.120636,209.97,11,5.609849e-06,0.0004420561,0.0010355781,0.0037204518,240.68,300.12,0.028686522948992894,0.034546571039000884,317,0
0.11212629,23.77774,285.44,11,0.028238857,5.609849e-06,0.0004420561,0.00091664924,209.97,240.68,0.1403707568489929,0.14648549208900088,318,0
0.047825083,23.146729,300.12,11,0.11212629,0.028238857,5.609849e-06,0.0010355781,285.44,209.97,0.1881902299999929,0.19059012328900088,319,0
0.01772039,22.577148,382.09,11,0.047825083,0.11212629,0.028238857,0.0004420561,300.12,285.44,0.1776717629999929,0.20739386404900087,320,0
0.00026478485,22.512573,381.13,11,0.01772039,0.047825083,0.11212629,5.609849e-06,382.09,300.12,0.0658102578499929,0.20662307079900089,321,0
0.00013014849,22.693542,405.76,11,0.00026478485,0.01772039,0.047825083,0.028238857,381.13,382.09,0.018115323339992908,0.2063111631890009,322,0
1.1219698e-05,22.7854,404.51,11,0.00013014849,0.00026478485,0.01772039,0.11212629,405.76,381.13,0.0004061530379929085,0.2063167730380009,323,0
0.010911156,22.391846,625.83,11,1.1219698e-05,0.00013014849,0.00026478485,0.047825083,404.51,405.76,0.011052524187992909,0.18898907203800086,324,0
0.023572586,22.114838,591.67,11,0.010911156,1.1219698e-05,0.00013014849,0.01772039,625.83,404.51,0.034494961697992904,0.10043536803800088,325,0
0.01344793,22.133911,494.61,11,0.023572586,0.010911156,1.1219698e-05,0.00026478485,591.67,625.83,0.04793167199999291,0.06605821503800088,326,0
0.0075688083,22.17276,428.9,11,0.01344793,0.023572586,0.010911156,0.00013014849,494.61,591.67,0.04458932429999291,0.05590663333800089,327,0
0.00034781065,22.355011,355.09,11,0.0075688083,0.01344793,0.023572586,1.1219698e-05,428.9,494.61,0.021364548949992908,0.055989659138000886,328,0
0.00056322885,22.56189,355.74,11,0.00034781065,0.0075688083,0.01344793,0.010911156,355.09,428.9,0.00847984779999291,0.05642273949800089,329,0
0.000742744,22.968811,453.96,11,0.00056322885,0.00034781065,0.0075688083,0.023572586,355.74,355.09,0.0016537834999929084,0.05715426380000089,330,0
0.002337063,23.09021,487.38,11,0.000742744,0.00056322885,0.00034781065,0.01344793,453.96,355.74,0.0036430358499929083,0.04858017080000089,331,0
0.055792198,22.516174,493.79,11,0.002337063,0.000742744,0.00056322885,0.0075688083,487.38,453.96,0.05887200499999291,0.08079978280000089,332,0
0.040283203,21.686829,405.16,11,0.055792198,0.002337063,0.000742744,0.00034781065,493.79,487.38,0.0984124639999929,0.10763505580000089,333,0
0.08978563,21.089783,405.16,11,0.040283203,0.055792198,0.002337063,0.00056322885,405.16,493.79,0.1858610309999929,0.18985187750000088,334,0
0.2623199,21.043396,338.09,12,0.08978563,0.040283203,0.055792198,0.000742744,405.16,405.16,0.3923887329999929,0.45182396685000087,335,0
0.1461074,21.144897,428.9,12,0.2623199,0.08978563,0.040283203,0.002337063,338.09,405.16,0.4982129299999929,0.5973681380000009,336,0
0.06303899,21.352112,381.13,12,0.1461074,0.2623199,0.08978563,0.055792198,428.9,338.09,0.4714662899999929,0.6596643840000009,337,0
0.0056670695,21.99356,454.41,12,0.06303899,0.1461074,0.2623199,0.040283203,381.13,428.9,0.2148134594999929,0.6629943905000009,338,0
0.0063099577,22.04242,541.68,12,0.0056670695,0.06303899,0.1461074,0.08978563,454.41,381.13,0.0750160171999929,0.6135121502000008,339,0
0.0012891432,21.628479,454.41,12,0.0063099577,0.0056670695,0.06303899,0.2623199,541.68,454.41,0.013266170399992895,0.5745180904000009,340,0
0.0007573296,21.125519,359.55,12,0.0012891432,0.0063099577,0.0056670695,0.1461074,454.41,541.68,0.008356430499992896,0.48548979000000086,341,0
5.385455e-05,21.17331,348.62,12,0.0007573296,0.0012891432,0.0063099577,0.06303899,359.55,454.41,0.002100327349992895,0.22322374455000088,342,0
8.8635614e-05,21.289246,375.44,12,5.385455e-05,0.0007573296,0.0012891432,0.0056670695,348.62,359.55,0.0008998197639928946,0.07720498016400089,343,0
0.00010770911,21.833618,455.27,12,8.8635614e-05,5.385455e-05,0.0007573296,0.0063099577,375.44,348.62,0.00025019927399289456,0.014273699274000889,344,0
0.010803447,21.496399,429.87,12,0.00010770911,8.8635614e-05,5.385455e-05,0.0012891432,455.27,375.44,0.010999791723992895,0.01941007677400089,345,0
0.035954643,21.015808,381.13,12,0.010803447,0.00010770911,8.8635614e-05,0.0007573296,429.87,455.27,0.046865799109992896,0.04905476207400089,346,0
0.0036677192,20.333466,455.27,12,0.035954643,0.010803447,0.00010770911,5.385455e-05,381.13,429.87,0.0504258091999929,0.05143333807400089,347,0
0.021324158,19.73938,359.55,12,0.0036677192,0.035954643,0.010803447,8.8635614e-05,455.27,381.13,0.060946520199992894,0.0720001664740009,348,0
0.02170675,19.384308,300.12,12,0.021324158,0.0036677192,0.035954643,0.00010770911,359.55,455.27,0.04669862719999289,0.0936530619240009,349,0
0.0037238179,19.019897,314.02,12,0.02170675,0.021324158,0.0036677192,0.010803447,300.12,359.55,0.04675472589999289,0.09728824421000089,350,0
0.00070459704,18.762817,284.66,12,0.0037238179,0.02170675,0.021324158,0.035954643,314.02,300.12,0.026135164939992895,0.0978851321400009,351,0
2.1317426e-05,18.612,250.72,12,0.00070459704,0.0037238179,0.02170675,0.0036677192,284.66,314.02,0.0044497323659928945,0.08710300256600088,352,0
9.200152e-05,18.558868,260.08,12,2.1317426e-05,0.00070459704,0.0037238179,0.021324158,250.72,284.66,0.0008179159859928945,0.051240361086000885,353,0
2.6927275e-05,18.331787,338.09,12,9.200152e-05,2.1317426e-05,0.00070459704,0.02170675,260.08,250.72,0.00014024622099289457,0.04759956916100089,354,0
6.7318188e-06,18.101257,337.75,12,2.6927275e-05,9.200152e-05,2.1317426e-05,0.0037238179,338.09,260.08,0.00012566061379289456,0.026282142979800888,355,0
5.1610605e-05,18.281738,300.12,12,6.7318188e-06,2.6927275e-05,9.200152e-05,0.00070459704,337.75,338.09,8.526969879289457e-05,0.004627003584800888,356,0
7.853789e-06,18.6922,285.29,12,5.1610605e-05,6.7318188e-06,2.6927275e-05,2.1317426e-05,300.12,337.75,6.619621279289457e-05,0.0009110394738008882,357,0
0.0,18.49945,207.85,12,7.853789e-06,5.1610605e-05,6.7318188e-06,9.200152e-05,285.29,300.12,5.946439399289457e-05,0.00020644243380088818,358,0
6.1708335e-05,17.710236,240.68,12,0.0,7.853789e-06,5.1610605e-05,2.6927275e-05,207.85,285.29,6.956212399289457e-05,0.00024683334280088817,359,0
0.0024346747,17.783875,455.27,12,6.1708335e-05,0.0,7.853789e-06,6.7318188e-06,240.68,207.85,0.002496383034992895,0.002589506522800888,360,0
0.04845002,18.348145,428.9,12,0.0024346747,6.1708335e-05,0.0,5.1610605e-05,455.27,240.68,0.0509464030349929,0.05101259924780089,361,0
0.84645885,19.907898,380.48,12,0.04845002,0.0024346747,6.1708335e-05,7.853789e-06,428.9,455.27,0.8973435446999929,0.8974647174290009,362,0
0.4423433,21.746735,359.55,12,0.84645885,0.04845002,0.0024346747,0.0,380.48,428.9,1.3372521699999929,1.3397564068240009,363,0
0.9404833,22.932648,336.82,12,0.4423433,0.84645885,0.04845002,6.1708335e-05,359.55,380.48,2.229285449999993,2.280231853035001,364,0
7.9243855,22.066803,250.72,12,0.9404833,0.4423433,0.84645885,0.0024346747,336.82,359.55,9.307212099999992,10.204617353035001,365,0
15.382369,21.262238,285.29,1,7.9243855,0.9404833,0.4423433,0.04845002,250.72,336.82,24.247237799999994,25.5869246447,1,0
1.7210636,21.468628,291.4,1,15.382369,7.9243855,0.9404833,0.84645885,285.29,250.72,25.027818099999994,27.305553570000004,2,0
0.7538156,21.294312,493.79,1,1.7210636,15.382369,7.9243855,0.4423433,291.4,285.29,17.857248199999994,28.010919150000003,3,0
0.46108696,21.603455,428.9,1,0.7538156,1.7210636,15.382369,0.9404833,493.79,291.4,2.935966159999993,27.62554726,4,0
0.52956975,22.616974,380.48,1,0.46108696,0.7538156,1.7210636,7.9243855,428.9,493.79,1.7444723099999928,27.71277371,5,0
1.0547234,22.37323,207.9,1,0.52956975,0.46108696,0.7538156,15.382369,380.48,428.9,2.045380109999993,27.82701381,6,0
4.659666,21.622986,240.68,1,1.0547234,0.52956975,0.46108696,1.7210636,207.9,380.48,6.243959149999992,24.562294310000006,7,0
5.1641164,21.285645,404.19,1,4.659666,1.0547234,0.52956975,0.7538156,240.68,207.9,10.878505799999992,14.344041710000003,8,0
4.5549955,19.566101,454.61,1,5.1641164,4.659666,1.0547234,0.46108696,404.19,240.68,14.378777899999992,17.177973610000002,9,0
6.4964175,17.417145,430.21,1,4.5549955,5.1641164,4.659666,0.52956975,454.61,404.19,16.215529399999994,22.920575510000003,10,0
0.30740628,16.474762,428.9,1,6.4964175,4.5549955,5.1641164,1.0547234,430.21,454.61,11.358819279999992,22.766894830000002,11,0
6.844016e-05,16.189514,457.54,1,0.30740628,6.4964175,4.5549955,4.659666,428.9,430.21,6.803892220159993,22.23739352016,12,0
0.0,14.914246,487.38,1,6.844016e-05,0.30740628,6.4964175,5.1641164,457.54,428.9,0.3074747201599929,21.18267012016,13,0
0.0,15.15979,524.21,1,0.0,6.844016e-05,0.30740628,4.5549955,487.38,457.54,6.844015999289457e-05,16.523004120160003,14,0
1.5707577e-05,16.607483,488.04,1,0.0,0.0,6.844016e-05,6.4964175,524.21,487.38,1.570757699289457e-05,11.358903427737003,15,0
8.975759e-06,18.643524,336.82,1,1.5707577e-05,0.0,0.0,0.30740628,488.04,524.21,2.4683335992894572e-05,6.803916903496002,16,0
3.0293184e-05,19.893005,428.9,1,8.975759e-06,1.5707577e-05,0.0,6.844016e-05,336.82,488.04,5.497651999289457e-05,0.30752969668000174,17,0
0.0033210309,20.405365,430.21,1,3.0293184e-05,8.975759e-06,1.5707577e-05,0.0,428.9,336.82,0.0033602998429928944,0.0034444475800017764,18,0
0.049825557,20.911682,405.16,1,0.0033210309,3.0293184e-05,8.975759e-06,0.0,430.21,428.9,0.05317688108399289,0.053201564420001776,19,0
0.040349398,20.096954,348.62,1,0.049825557,0.0033210309,3.0293184e-05,1.5707577e-05,405.16,430.21,0.09349598589999289,0.09355096242000177,20,0
0.021614749,17.647278,209.97,1,0.040349398,0.049825557,0.0033210309,8.975759e-06,348.62,405.16,0.1117897039999929,0.11516571142000177,21,0
0.006388496,17.646484,300.12,1,0.021614749,0.040349398,0.049825557,3.0293184e-05,209.97,348.62,0.0683526429999929,0.12153849984300179,22,0
0.00089196593,19.309021,487.38,1,0.006388496,0.021614749,0.040349398,0.0033210309,300.12,209.97,0.028895210929992893,0.12242149001400178,23,0
0.0024256988,20.128723,299.48,1,0.00089196593,0.006388496,0.021614749,0.049825557,487.38,300.12,0.009706160729992894,0.12481689563000177,24,0
0.055140328,21.02716,291.4,1,0.0024256988,0.00089196593,0.006388496,0.040349398,299.48,487.38,0.0584579927299929,0.17663619273000178,25,0
1.6486773,20.493347,207.9,1,0.055140328,0.0024256988,0.00089196593,0.021614749,291.4,299.48,1.7062433267999928,1.7754879357300017,26,0
0.6796613,20.27771,191.24,1,1.6486773,0.055140328,0.0024256988,0.006388496,207.9,291.4,2.3834789279999926,2.4147998377300017,27,0
3.53944,20.254791,185.65,1,0.6796613,1.6486773,0.055140328,0.00089196593,191.24,207.9,5.867778599999992,5.932625088730002,28,0
2.6189668,19.119568,168.78,1,3.53944,0.6796613,1.6486773,0.0024256988,185.65,191.24,6.838068099999993,8.545203392730002,29,0
0.48254353,19.81662,291.4,1,2.6189668,3.53944,0.6796613,0.055140328,168.78,185.65,6.640950329999993,9.026854956800001,30,0
0.289126,20.423676,207.9,1,0.48254353,2.6189668,3.53944,1.6486773,291.4,168.78,3.390636329999993,9.313555258000001,31,0
0.069111094,19.795319,191.24,2,0.289126,0.48254353,2.6189668,0.6796613,207.9,291.4,0.8407806239999929,9.327526024,32,0
6.7318188e-06,18.789612,173.58,2,0.069111094,0.289126,0.48254353,3.53944,191.24,207.9,0.3582438258187929,7.678855455818802,33,0
3.3659094e-06,19.098602,177.23,2,6.7318188e-06,0.069111094,0.289126,2.6189668,173.58,191.24,0.0691211917281929,6.999197521728202,34,0
0.00022327199,20.445526,182.86,2,3.3659094e-06,6.7318188e-06,0.069111094,0.48254353,177.23,173.58,0.0002333697181928946,3.4599807937182017,35,0
3.4781064e-05,21.756653,177.23,2,0.00022327199,3.3659094e-06,6.7318188e-06,0.289126,182.86,177.23,0.0002614189633928946,0.8410487747822017,36,0
3.3659094e-06,22.746826,182.86,2,3.4781064e-05,0.00022327199,3.3659094e-06,0.069111094,177.23,182.86,0.0002614189633928946,0.3585086106916018,37,0
0.0,23.032745,177.23,2,3.3659094e-06,3.4781064e-05,0.00022327199,6.7318188e-06,182.86,177.23,3.814697339289457e-05,0.06938261069160177,38,0
0.00026254094,22.965027,162.78,2,0.0,3.3659094e-06,3.4781064e-05,3.3659094e-06,177.23,182.86,0.00026590684939289456,0.0005340576316017764,39,0
0.0011848,20.700745,166.93,2,0.00026254094,0.0,3.3659094e-06,0.00022327199,162.78,177.23,0.0014473409399928946,0.0017121258128017765,40,0
0.063080505,19.723022,164.49,2,0.0011848,0.00026254094,0.0,3.4781064e-05,166.93,162.78,0.06452784593999289,0.06478926490340177,41,0
0.11757009,19.980835,162.78,2,0.063080505,0.0011848,0.00026254094,3.3659094e-06,164.49,166.93,0.1818353949999929,0.18213608291340178,42,0
0.06743711,21.282501,155.16,2,0.11757009,0.063080505,0.0011848,0.0,162.78,164.49,0.2480877049999929,0.24953841184940176,43,0
0.06766488,23.235168,163.37,2,0.06743711,0.11757009,0.063080505,0.00026254094,155.16,162.78,0.25267207999999286,0.31719992594000174,44,0
0.7473026,24.59909,166.93,2,0.06766488,0.06743711,0.11757009,0.0011848,163.37,155.16,0.8824045899999928,1.0645025259400018,45,0
3.9249692,24.037292,173.25,2,0.7473026,0.06766488,0.06743711,0.063080505,166.93,163.37,4.7399366799999925,4.989209185000002,46,0
2.5163493,23.045654,178.5,2,3.9249692,0.7473026,0.06766488,0.11757009,173.25,166.93,7.1886210999999935,7.504373685000003,47,0
0.20119947,23.346954,188.09,2,2.5163493,3.9249692,0.7473026,0.06743711,178.5,173.25,6.642517969999993,7.642492650000002,48,0
0.008399066,24.268616,184.32,2,0.20119947,2.5163493,3.9249692,0.06766488,188.09,178.5,2.725947835999993,7.533321626000002,49,0
0.0090531735,23.566284,182.86,2,0.008399066,0.20119947,2.5163493,0.7473026,184.32,188.09,0.21865170949999288,7.474937689500002,50,0
0.0006855235,23.517822,184.32,2,0.0090531735,0.008399066,0.20119947,3.9249692,182.86,184.32,0.018137762999992892,7.407958333000002,51,0
5.1610612e-05,24.830261,188.09,2,0.0006855235,0.0090531735,0.008399066,2.5163493,184.32,182.86,0.009790307611992894,6.6607073436120015,52,0
1.6829546e-05,25.736115,207.9,2,5.1610612e-05,0.0006855235,0.0090531735,0.20119947,188.09,184.32,0.0007539636579928946,2.735754973158002,53,0
0.0,25.842072,191.24,2,1.6829546e-05,5.1610612e-05,0.0006855235,0.008399066,207.9,188.09,6.844015799289458e-05,0.21940567315800222,54,0
0.0,26.316193,190.43,2,0.0,1.6829546e-05,5.1610612e-05,0.0090531735,191.24,207.9,1.6829545992894574e-05,0.01820620315800222,55,0
0.0,26.330933,184.32,2,0.0,0.0,1.6829546e-05,0.0006855235,190.43,191.24,0.0,0.00980713715800222,56,0
0.0,26.201385,181.34,2,0.0,0.0,0.0,5.1610612e-05,184.32,190.43,0.0,0.0007539636580022205,57,0
0.0,25.555786,178.5,2,0.0,0.0,0.0,1.6829546e-05,181.34,184.32,0.0,6.844015800222045e-05,58,0
0.007470075,26.06253,173.25,2,0.0,0.0,0.0,0.0,178.5,181.34,0.007470074999992894,0.00748690454600222,59,0
0.005780388,25.203674,164.49,2,0.007470075,0.0,0.0,0.0,173.25,178.5,0.013250462999992895,0.013250463000002221,60,0
0.050064538,25.349182,145.78,3,0.005780388,0.007470075,0.0,0.0,164.49,173.25,0.06331500099999289,0.06331500100000222,61,0
0.08183086,25.470459,137.65,3,0.050064538,0.005780388,0.007470075,0.0,145.78,164.49,0.1376757859999929,0.1451458610000022,62,0
0.042103037,25.412598,129.88,3,0.08183086,0.050064538,0.005780388,0.0,137.65,145.78,0.1739984349999929,0.18724889800000222,63,0
0.01519147,25.957214,149.32,3,0.042103037,0.08183086,0.050064538,0.007470075,129.88,137.65,0.1391253669999929,0.20244036800000223,64,0
0.0045170505,26.880127,145.78,3,0.01519147,0.042103037,0.08183086,0.005780388,149.32,129.88,0.0618115574999929,0.2069574185000022,65,0
0.00010546516,27.534973,166.93,3,0.0045170505,0.01519147,0.042103037,0.050064538,145.78,149.32,0.019813985659992893,0.19959280866000223,66,0
8.975758e-06,27.047974,163.37,3,0.00010546516,0.0045170505,0.01519147,0.08183086,166.93,145.78,0.004631491417992894,0.19382139641800222,67,0
0.001070359,26.392029,182.86,3,8.975758e-06,0.00010546516,0.0045170505,0.042103037,163.37,166.93,0.0011847999179928944,0.14482721741800225,68,0
0.004063775,25.69217,182.86,3,0.001070359,8.975758e-06,0.00010546516,0.01519147,182.86,163.37,0.005143109757992895,0.06706013241800222,69,0
0.0070437263,25.449463,186.09,3,0.004063775,0.001070359,8.975758e-06,0.0045170505,182.86,182.86,0.012177860299992894,0.03200082171800222,70,0
0.013591542,26.02237,188.76,3,0.0070437263,0.004063775,0.001070359,0.00010546516,186.09,182.86,0.024699043299992895,0.030400893718002222,71,0
0.013557883,26.858643,166.93,3,0.013591542,0.0070437263,0.004063775,8.975758e-06,188.76,186.09,0.0341931512999929,0.039441726218002224,72,0
0.09712219,26.744995,166.93,3,0.013557883,0.013591542,0.0070437263,0.001070359,166.93,188.76,0.1242716149999929,0.13645845105800222,73,0
0.026194628,25.72342,173.25,3,0.09712219,0.013557883,0.013591542,0.004063775,166.93,166.93,0.1368747009999929,0.16264410330000223,74,0
0.0067295744,25.613403,184.32,3,0.026194628,0.09712219,0.013557883,0.0070437263,173.25,166.93,0.13004639239999288,0.1683033187000022,75,0
0.020574683,26.708496,150.82,3,0.0067295744,0.026194628,0.09712219,0.013591542,184.32,173.25,0.053498885399992896,0.18481422670000222,76,0
0.0049983757,27.9263,149.32,3,0.020574683,0.0067295744,0.026194628,0.013557883,150.82,184.32,0.03230263309999289,0.18276887610000223,77,0
0.0013889987,28.451202,164.49,3,0.0049983757,0.020574683,0.0067295744,0.09712219,149.32,150.82,0.026962057399992894,0.17056633280000222,78,0
0.009007174,28.756042,181.34,3,0.0013889987,0.0049983757,0.020574683,0.026194628,164.49,149.32,0.015394548399992894,0.16601562380000223,79,0
0.004716761,29.018219,184.32,3,0.009007174,0.0013889987,0.0049983757,0.0067295744,181.34,164.49,0.015112933699992894,0.07361019480000222,80,0
0.0005161061,29.57669,184.32,3,0.004716761,0.009007174,0.0013889987,0.020574683,184.32,181.34,0.014240041099992894,0.04793167290000222,81,0
0.00050488644,28.995636,182.86,3,0.0005161061,0.004716761,0.009007174,0.0049983757,184.32,184.32,0.005737753539992894,0.041706984940002224,82,0
0.0027622895,27.789124,183.71,3,0.00050488644,0.0005161061,0.004716761,0.0013889987,182.86,184.32,0.0037832820399928946,0.02389459144000222,83,0
0.0010793349,27.998413,177.23,3,0.0027622895,0.00050488644,0.0005161061,0.009007174,183.71,182.86,0.004346510839992894,0.019975550640002223,84,0
0.00020868637,28.363617,173.58,3,0.0010793349,0.0027622895,0.00050488644,0.004716761,177.23,183.71,0.004050310769992895,0.01879523831000222,85,0
9.9855315e-05,28.718689,171.43,3,0.00020868637,0.0010793349,0.0027622895,0.0005161061,173.58,177.23,0.0013878765849928945,0.00988791962500222,86,0
8.975759e-06,29.252197,166.93,3,9.9855315e-05,0.00020868637,0.0010793349,0.00050488644,171.43,173.58,0.0003175174439928946,0.005180134384002221,87,0
0.0,29.684753,149.37,3,8.975759e-06,9.9855315e-05,0.00020868637,0.0027622895,166.93,171.43,0.00010883107399289458,0.004664028284002221,88,0
0.00043869021,29.853638,155.16,3,0.0,8.975759e-06,9.9855315e-05,0.0010793349,149.37,166.93,0.0004476659689928946,0.00459783205400222,89,0
0.55126137,29.44751,163.37,3,0.00043869021,0.0,8.975759e-06,0.00020868637,155.16,149.37,0.5517000602099928,0.5530969125540022,90,0
1.1591754,28.259796,168.77,3,0.55126137,0.00043869021,0.0,9.9855315e-05,163.37,155.16,1.710875460209993,1.7111929776540022,91,0
0.64580023,28.584991,160.77,4,1.1591754,0.55126137,0.00043869021,8.975759e-06,168.77,163.37,2.356236999999993,2.3567845212840024,92,0
0.18176809,29.622314,173.58,4,0.64580023,1.1591754,0.55126137,0.0,160.77,168.77,1.9867437199999929,2.538452755969002,93,0
0.14766021,30.284332,178.5,4,0.18176809,0.64580023,1.1591754,0.00043869021,173.58,160.77,0.9752285299999929,2.686103990210002,94,0
0.5439545,30.2818,181.34,4,0.14766021,0.18176809,0.64580023,0.55126137,178.5,173.58,0.8733827999999929,3.230058490210002,95,0
1.2422628,28.854767,171.43,4,0.5439545,0.14766021,0.18176809,1.1591754,181.34,178.5,1.933877509999993,4.4718826000000025,96,0
0.3650026,29.087769,160.77,4,1.2422628,0.5439545,0.14766021,0.64580023,171.43,181.34,2.151219899999993,4.285623830000002,97,0
0.5317026,29.22876,137.65,4,0.3650026,1.2422628,0.5439545,0.18176809,160.77,171.43,2.138967999999993,3.6581510300000017,98,0
0.5843757,29.936462,141.63,4,0.5317026,0.3650026,1.2422628,0.14766021,137.65,160.77,1.481080899999993,3.596726500000002,99,0
1.1242406,30.381592,129.88,4,0.5843757,0.5317026,0.3650026,0.5439545,141.63,137.65,2.240318899999993,4.539199010000003,100,0
1.9068877,29.712982,126.84,4,1.1242406,0.5843757,0.5317026,1.2422628,129.88,141.63,3.615503999999993,6.298426500000002,101,0
1.9470439,29.659485,150.32,4,1.9068877,1.1242406,0.5843757,0.3650026,126.84,129.88,4.978172199999992,7.701515900000002,102,0
0.88630563,30.114075,149.32,4,1.9470439,1.9068877,1.1242406,0.5317026,150.32,126.84,4.740237229999993,7.345558730000002,103,0
0.68708247,29.3042,14.785,4,0.88630563,1.9470439,1.9068877,0.5843757,149.32,150.32,3.520431999999993,7.667638600000003,104,0
0.2842084,29.729034,150.82,4,0.68708247,0.88630563,1.9470439,1.1242406,14.785,149.32,1.857596499999993,7.4201444000000025,105,0
0.32983556,30.22229,141.63,4,0.2842084,0.68708247,0.88630563,1.9068877,150.82,14.785,1.301126429999993,7.165604260000003,106,0
0.11257733,30.692719,137.65,4,0.32983556,0.2842084,0.68708247,1.9470439,141.63,150.82,0.726621289999993,6.153940990000002,107,0
0.28129354,31.257874,141.63,4,0.11257733,0.32983556,0.2842084,0.88630563,137.65,141.63,0.7237064299999929,4.528346830000002,108,0
0.41215447,31.81662,145.73,4,0.28129354,0.11257733,0.32983556,0.68708247,141.63,137.65,0.8060253399999928,2.9934574000000023,109,0
0.116156414,32.049805,144.31,4,0.41215447,0.28129354,0.11257733,0.2842084,145.73,141.63,0.8096044239999929,2.223308184000002,110,0
0.14520532,32.22641,140.87,4,0.116156414,0.41215447,0.28129354,0.32983556,144.31,145.73,0.6735162039999929,1.6814310340000023,111,0
0.08808136,31.673645,137.65,4,0.14520532,0.116156414,0.41215447,0.11257733,140.87,144.31,0.3494430939999929,1.4853039940000021,112,0
0.84329265,31.371368,145.78,4,0.08808136,0.14520532,0.116156414,0.28129354,137.65,140.87,1.0765793299999928,1.998761084000002,113,0
0.4009101,30.455933,164.49,4,0.84329265,0.08808136,0.14520532,0.41215447,145.78,137.65,1.3322841099999927,2.2870938540000023,114,0
1.1242328,30.980469,177.23,4,0.4009101,0.84329265,0.08808136,0.116156414,164.49,145.78,2.368435549999993,3.130033114000002,115,0
1.0350327,30.486969,181.7,4,1.1242328,0.4009101,0.84329265,0.14520532,177.23,164.49,2.560175599999993,3.752911344000002,116,0
1.8141645,30.172394,184.32,4,1.0350327,1.1242328,0.4009101,0.08808136,181.7,177.23,3.9734299999999925,5.450919430000003,117,0
1.2675152,30.310242,177.23,4,1.8141645,1.0350327,1.1242328,0.84329265,184.32,181.7,4.116712399999993,6.573229310000002,118,0
0.99262244,30.880646,171.43,4,1.2675152,1.8141645,1.0350327,0.4009101,177.23,184.32,4.074302139999992,7.4777703900000025,119,0
0.8428518,30.663239,170.64,4,0.99262244,1.2675152,1.8141645,1.1242328,171.43,177.23,3.1029894399999933,7.477329540000002,120,0
0.48253676,31.1633,178.5,4,0.8428518,0.99262244,1.2675152,1.0350327,170.64,171.43,2.318010999999993,7.558956200000002,121,0
0.5729114,31.53653,6405.0,5,0.48253676,0.8428518,0.99262244,1.8141645,178.5,170.64,1.898299959999993,7.007634800000002,122,0
0.1777402,31.595917,6405.0,5,0.5729114,0.48253676,0.8428518,1.2675152,6405.0,178.5,1.2331883599999929,6.150342300000002,123,0
1.0422359,30.972412,6491.0,5,0.1777402,0.5729114,0.48253676,0.99262244,6405.0,6405.0,1.7928874999999929,5.378413700000002,124,0
6.1456213,28.894714,6642.0,5,1.0422359,0.1777402,0.5729114,0.8428518,6491.0,6405.0,7.365597399999993,10.256519800000003,125,0
0.9571266,29.096802,6621.0,5,6.1456213,1.0422359,0.1777402,0.48253676,6642.0,6491.0,8.144983799999993,10.221023960000002,126,0
1.0717325,29.35611,6767.0,5,0.9571266,6.1456213,1.0422359,0.5729114,6621.0,6642.0,8.174480399999993,10.449904660000001,127,0
0.050208144,30.968994,7343.0,5,1.0717325,0.9571266,6.1456213,0.1777402,6767.0,6621.0,2.079067243999993,10.017576044000002,128,0
0.22759157,31.829956,10292.0,5,0.050208144,1.0717325,0.9571266,1.0422359,7343.0,6767.0,1.3495322139999928,9.672256214000003,129,0
1.0942807,30.844574,8561.0,5,0.22759157,0.050208144,1.0717325,6.1456213,10292.0,7343.0,1.372080413999993,10.588796714000003,130,0
1.0743971,30.46997,6885.0,5,1.0942807,0.22759157,0.050208144,0.9571266,8561.0,10292.0,2.396269369999993,10.620957914000003,131,0
0.44417322,31.363922,6885.0,5,1.0743971,1.0942807,0.22759157,1.0717325,6885.0,8561.0,2.6128510199999933,4.919509834000002,132,0
1.7018294,30.946167,6767.0,5,0.44417322,1.0743971,1.0942807,0.050208144,6885.0,6885.0,3.220399719999993,5.664212634000002,133,0
0.748723,31.723755,6928.0,5,1.7018294,0.44417322,1.0743971,0.22759157,6767.0,6885.0,2.894725619999993,5.341203134000002,134,0
0.79634386,32.54886,7343.0,5,0.748723,1.7018294,0.44417322,1.0942807,6928.0,6767.0,3.2468962599999927,6.087338850000002,135,0
0.22196938,32.462585,8501.0,5,0.79634386,0.748723,1.7018294,1.0743971,7343.0,6928.0,1.7670362399999928,6.081716660000002,136,0
0.09634803,32.880432,8855.0,5,0.22196938,0.79634386,0.748723,0.44417322,8501.0,7343.0,1.114661269999993,5.083783990000002,137,0
0.079196475,33.67276,8855.0,5,0.09634803,0.22196938,0.79634386,1.7018294,8855.0,8501.0,0.3975138849999929,4.088583365000002,138,0
0.1509902,33.684998,10292.0,5,0.079196475,0.09634803,0.22196938,0.748723,8855.0,8855.0,0.3265347049999929,3.795400345000002,139,0
0.25084665,33.435364,10292.0,5,0.1509902,0.079196475,0.09634803,0.79634386,10292.0,8855.0,0.48103332499999285,2.3444175950000017,140,0
0.2213624,32.86664,10578.0,5,0.25084665,0.1509902,0.079196475,0.22196938,10292.0,10292.0,0.6231992499999929,1.8170569950000017,141,0
0.088012934,33.212402,10292.0,5,0.2213624,0.25084665,0.1509902,0.09634803,10578.0,10292.0,0.5602219839999929,1.1087260690000016,142,0
0.12211967,33.68518,10076.0,5,0.088012934,0.2213624,0.25084665,0.079196475,10292.0,10578.0,0.43149500399999285,1.0088763590000018,143,0
0.18643099,33.804077,8501.0,5,0.12211967,0.088012934,0.2213624,0.1509902,10076.0,10292.0,0.39656359399999286,1.0989593190000018,144,0
0.05648557,34.409485,7449.0,5,0.18643099,0.12211967,0.088012934,0.25084665,8501.0,10076.0,0.3650362299999929,1.0762484140000017,145,0
0.036606506,34.44751,7348.0,5,0.05648557,0.18643099,0.12211967,0.2213624,7449.0,8501.0,0.2795230659999929,0.9618647200000018,146,0
0.13208166,34.43756,6886.0,5,0.036606506,0.05648557,0.18643099,0.088012934,7348.0,7449.0,0.22517373599999288,0.8430997300000017,147,0
0.2066287,34.207764,6852.0,5,0.13208166,0.036606506,0.05648557,0.12211967,6886.0,7348.0,0.37531686599999287,0.8283660300000018,148,0
0.4050019,34.29669,6928.0,5,0.2066287,0.13208166,0.036606506,0.18643099,6852.0,6886.0,0.7437122599999929,1.1453549960000018,149,0
0.20960864,34.11905,6950.0,5,0.4050019,0.2066287,0.13208166,0.05648557,6928.0,6852.0,0.8212392399999929,1.2328439660000017,150,0
0.048846077,34.271606,3712.0,5,0.20960864,0.4050019,0.2066287,0.036606506,6950.0,6928.0,0.6634566169999929,1.0952590530000017,151,0
0.063822135,34.555878,6690.0,5,0.048846077,0.20960864,0.4050019,0.13208166,3712.0,6950.0,0.3222768519999929,1.1025956180000018,152,0
0.05883834,34.655792,187.14,6,0.063822135,0.048846077,0.20960864,0.2066287,6690.0,3712.0,0.1715065519999929,1.1248274520000017,153,0
0.11749043,34.858246,170.64,6,0.05883834,0.063822135,0.048846077,0.4050019,187.14,6690.0,0.24015090499999292,1.110236222000002,154,0
0.34119776,34.511993,195.58,6,0.11749043,0.05883834,0.063822135,0.20960864,170.64,187.14,0.5175265299999929,1.244805282000002,155,0
0.02578062,35.03174,199.2,6,0.34119776,0.11749043,0.05883834,0.048846077,195.58,170.64,0.4844688099999929,0.8655840020000019,156,0
0.0069707986,35.738953,207.9,6,0.02578062,0.34119776,0.11749043,0.063822135,199.2,195.58,0.37394917859999294,0.6629461606000018,157,0
0.41339538,34.92633,207.27,6,0.0069707986,0.02578062,0.34119776,0.05883834,207.9,199.2,0.4461467985999929,1.0274954636000018,158,0
0.6511195,33.48755,203.64,6,0.41339538,0.0069707986,0.02578062,0.11749043,207.27,207.9,1.0714856785999929,1.614792828600002,159,0
1.1898737,33.41992,203.64,6,0.6511195,0.41339538,0.0069707986,0.34119776,203.64,207.27,2.2543885799999925,2.7458281886000018,160,0
0.9554762,33.79065,196.76,6,1.1898737,0.6511195,0.41339538,0.02578062,203.64,203.64,2.7964693999999928,3.5838139586000013,161,0
1.3493224,32.56299,196.14,6,0.9554762,1.1898737,0.6511195,0.0069707986,196.76,203.64,3.494672299999993,4.591938598600001,162,0
0.73191696,32.398712,203.64,6,1.3493224,0.9554762,1.1898737,0.41339538,196.14,196.76,3.0367155599999927,5.298074938600001,163,0
1.3832787,32.849182,203.64,6,0.73191696,1.3493224,0.9554762,0.6511195,203.64,196.14,3.464518059999993,6.674382840000002,164,0
1.4331157,31.754578,199.2,6,1.3832787,0.73191696,1.3493224,1.1898737,203.64,203.64,3.548311359999993,7.694103160000001,165,0
0.60458803,31.551697,199.2,6,1.4331157,1.3832787,0.73191696,0.9554762,199.2,203.64,3.420982429999993,7.647571690000001,166,0
1.6887654,31.841309,199.2,6,0.60458803,1.4331157,1.3832787,1.3493224,199.2,199.2,3.7264691299999932,8.146463390000001,167,0
8.929083,30.028809,199.2,6,1.6887654,0.60458803,1.4331157,0.73191696,199.2,199.2,11.222436429999993,16.120070190000003,168,0
13.946546,27.204773,207.9,6,8.929083,1.6887654,0.60458803,1.3832787,199.2,199.2,24.56439439999999,28.717293790000003,169,0
21.04611,27.901367,375.44,6,13.946546,8.929083,1.6887654,1.4331157,207.9,199.2,43.92173899999999,49.031486830000006,170,1
20.759043,26.81491,469.34,6,21.04611,13.946546,8.929083,0.60458803,375.44,207.9,55.75169899999999,68.40725113,171,1
25.908003,26.509216,359.55,6,20.759043,21.04611,13.946546,1.6887654,469.34,375.44,67.713156,92.88213843,172,1
39.799816,25.347107,524.21,6,25.908003,20.759043,21.04611,8.929083,359.55,469.34,86.46686199999999,132.07736640000002,173,1
26.56326,25.551758,348.62,6,39.799816,25.908003,20.759043,13.946546,524.21,359.55,92.271079,156.951861,174,1
16.661003,26.23285,465.16,6,26.56326,39.799816,25.908003,21.04611,348.62,524.21,83.024079,164.683781,175,0
9.062396,27.393005,3536.39,6,16.661003,26.56326,39.799816,20.759043,465.16,348.62,52.28665899999999,159.799631,176,0
1.9689649,28.91449,5473.7,6,9.062396,16.661003,26.56326,25.908003,3536.39,465.16,27.692363899999993,140.7224859,177,0
1.9111768,28.159363,3837.72,6,1.9689649,9.062396,16.661003,39.799816,5473.7,3536.39,12.942537699999992,121.87461970000001,178,0
0.8793786,29.638062,2471.72,6,1.9111768,1.9689649,9.062396,26.56326,3837.72,5473.7,4.759520299999993,96.84599530000001,179,0
0.6826221,30.06247,1545.56,6,0.8793786,1.9111768,1.9689649,16.661003,2471.72,3837.72,3.473177499999993,57.72880140000001,180,0
1.5118678,29.97876,1365.56,6,0.6826221,0.8793786,1.9111768,9.062396,1545.56,2471.72,3.073868499999993,32.67740920000001,181,0
3.041042,30.2565,1212.62,6,1.5118678,0.6826221,0.8793786,1.9689649,1365.56,1545.56,5.235531899999993,19.057448200000007,182,0
14.335626,27.983673,984.94,7,3.041042,1.5118678,0.6826221,1.9111768,1212.62,1365.56,18.888535799999993,24.33067820000001,183,0
23.46074,27.4151,970.26,7,14.335626,3.041042,1.5118678,0.8793786,984.94,1212.62,40.837407999999996,45.82245330000001,184,1
19.81444,26.860352,974.42,7,23.46074,14.335626,3.041042,0.6826221,970.26,984.94,57.610806,63.72571650000001,185,1
9.381997,27.591156,1225.14,7,19.81444,23.46074,14.335626,1.5118678,974.42,970.26,52.65717699999999,72.22833490000001,186,0
15.003861,27.471893,1341.92,7,9.381997,19.81444,23.46074,3.041042,1225.14,974.42,44.200298,86.5495738,187,0
13.149007,26.105469,1979.66,7,15.003861,9.381997,19.81444,14.335626,1341.92,1225.14,37.534864999999996,98.18671300000001,188,0
12.085622,26.053009,3729.09,7,13.149007,15.003861,9.381997,23.46074,1979.66,1341.92,40.23849,107.23129300000001,189,0
16.385284,26.044128,3648.67,7,12.085622,13.149007,15.003861,19.81444,3729.09,1979.66,41.619913,109.280951,190,0
19.720072,26.017395,2682.61,7,16.385284,12.085622,13.149007,9.381997,3648.67,3729.09,48.19097799999999,105.540283,191,1
4.610233,27.32428,1945.31,7,19.720072,16.385284,12.085622,15.003861,2682.61,3648.67,40.71558899999999,90.336076,192,0
5.8863945,28.236786,2047.63,7,4.610233,19.720072,16.385284,13.149007,1945.31,2682.61,30.21669949999999,86.84047350000002,193,0
7.5462136,27.88507,1945.03,7,5.8863945,4.610233,19.720072,12.085622,2047.63,1945.31,18.042841099999993,79.38282610000002,194,0
14.394073,27.537964,1771.94,7,7.5462136,5.8863945,4.610233,16.385284,1945.03,2047.63,27.82668109999999,80.6278921,195,0
15.526623,27.325378,1851.08,7,14.394073,7.5462136,5.8863945,19.720072,1771.94,1945.03,37.466909599999994,84.0688931,196,0
15.194028,26.850769,1772.51,7,15.526623,14.394073,7.5462136,4.610233,1851.08,1771.94,45.114723999999995,82.87763710000002,197,0
9.150464,26.856812,1943.37,7,15.194028,15.526623,14.394073,5.8863945,1772.51,1851.08,39.87111499999999,72.30802910000001,198,0
12.447659,27.000061,1634.92,7,9.150464,15.194028,15.526623,7.5462136,1943.37,1772.51,36.79215099999999,80.1454551,199,0
13.670127,26.883545,1478.53,7,12.447659,9.150464,15.194028,14.394073,1634.92,1943.37,35.268249999999995,87.9291876,200,0
16.85816,25.848022,2130.2,7,13.670127,12.447659,9.150464,15.526623,1478.53,1634.92,42.97594599999999,97.24113400000002,201,0
23.252653,25.73523,2776.19,7,16.85816,13.670127,12.447659,15.194028,2130.2,1478.53,53.78093999999999,106.09971400000002,202,1
26.135334,25.925049,2435.4,7,23.252653,16.85816,13.670127,9.150464,2776.19,2130.2,66.246147,116.708425,203,1
11.047254,26.399841,3355.32,7,26.135334,23.252653,16.85816,12.447659,2435.4,2776.19,60.43524099999999,112.56165100000001,204,0
3.1193385,26.393494,4614.52,7,11.047254,26.135334,23.252653,13.670127,3355.32,2435.4,40.3019265,106.53052550000001,205,0
11.406667,26.001709,4581.38,7,3.1193385,11.047254,26.135334,16.85816,4614.52,3355.32,25.573259499999992,105.48953350000001,206,0
22.458878,25.770142,3451.97,7,11.406667,3.1193385,11.047254,23.252653,4581.38,4614.52,36.98488349999999,114.27828450000001,207,1
18.48533,25.727905,3355.32,7,22.458878,11.406667,3.1193385,26.135334,3451.97,4581.38,52.35087499999999,115.9054545,208,0
8.188285,25.88269,3641.49,7,18.48533,22.458878,11.406667,11.047254,3355.32,3451.97,49.132493,100.84108650000002,209,0
7.043613,25.949463,3537.72,7,8.188285,18.48533,22.458878,3.1193385,3641.49,3355.32,33.71722799999999,81.74936550000001,210,0
9.863095,25.465118,5335.69,7,7.043613,8.188285,18.48533,11.406667,3537.72,3641.49,25.094992999999988,80.5652065,211,0
26.757397,24.247131,8560.48,7,9.863095,7.043613,8.188285,22.458878,5335.69,3537.72,43.66410499999999,104.203265,212,1
12.835508,24.365784,4246.55,7,26.757397,9.863095,7.043613,18.48533,8560.48,5335.69,49.45599999999999,105.63210600000001,213,0
4.9739647,25.487305,4297.68,8,12.835508,26.757397,9.863095,8.188285,4246.55,8560.48,44.566869699999984,88.1471927,214,0
24.961657,25.832794,12128.65,8,4.9739647,12.835508,26.757397,7.043613,4297.68,4246.55,42.77112969999999,94.6235197,215,1
37.79825,25.200256,11817.03,8,24.961657,4.9739647,12.835508,9.863095,12128.65,4297.68,67.7338717,124.23348470000002,216,1
32.430798,25.15149,10396.7,8,37.79825,24.961657,4.9739647,26.757397,11817.03,12128.65,95.190705,149.6206697,217,1
27.771856,25.379974,17480.35,8,32.430798,37.79825,24.961657,12.835508,10396.7,11817.03,98.00090399999999,167.52943070000003,218,1
8.377469,25.967896,19051.44,8,27.771856,32.430798,37.79825,4.9739647,17480.35,10396.7,68.58012299999999,149.14950270000003,219,0
1.3341511,26.9982,19731.25,8,8.377469,27.771856,32.430798,24.961657,19051.44,17480.35,37.48347609999998,137.6481458,220,0
9.874143,26.965332,19779.23,8,1.3341511,8.377469,27.771856,37.79825,19731.25,19051.44,19.585763099999987,142.5483241,221,0
16.62526,26.348846,17586.11,8,9.874143,1.3341511,8.377469,32.430798,19779.23,19731.25,27.833554099999986,134.2119271,222,0
22.19697,25.742462,14525.38,8,16.62526,9.874143,1.3341511,27.771856,17586.11,19779.23,48.69637299999999,118.61064710000001,223,1
19.712015,25.833252,14520.6,8,22.19697,16.62526,9.874143,8.377469,14525.38,17586.11,58.53424499999999,105.89186410000002,224,1
4.4256067,26.469604,13973.62,8,19.712015,22.19697,16.62526,1.3341511,14520.6,14525.38,46.33459169999999,82.5456148,225,0
9.524014,26.546844,16104.93,8,4.4256067,19.712015,22.19697,9.874143,13973.62,14520.6,33.66163569999999,83.69215980000001,226,0
7.784146,26.845886,16063.94,8,9.524014,4.4256067,19.712015,16.62526,16104.93,13973.62,21.733766699999986,90.1421547,227,0
11.732196,26.449036,15813.2,8,7.784146,9.524014,4.4256067,22.19697,16063.94,16104.93,29.04035599999999,92.0002077,228,0
16.96262,26.626556,10742.97,8,11.732196,7.784146,9.524014,19.712015,15813.2,16063.94,36.47896199999999,92.33756770000001,229,0
27.198143,26.1333,9794.54,8,16.96262,11.732196,7.784146,4.4256067,10742.97,15813.2,55.89295899999999,97.3387407,230,1
29.501383,25.90863,15807.37,8,27.198143,16.96262,11.732196,9.524014,9794.54,10742.97,73.66214599999999,107.12810870000001,231,1
4.805217,26.368103,19814.32,8,29.501383,27.198143,16.96262,7.784146,15807.37,9794.54,61.50474299999999,107.50771900000001,232,0
5.8196216,26.591858,18486.88,8,4.805217,29.501383,27.198143,11.732196,19814.32,15807.37,40.12622159999999,103.8033266,233,0
14.78554,25.963623,17291.28,8,5.8196216,4.805217,29.501383,16.96262,18486.88,19814.32,25.410378599999984,110.8047206,234,0
4.6554127,26.484558,11859.13,8,14.78554,5.8196216,4.805217,27.198143,17291.28,18486.88,25.260574299999984,103.72793730000001,235,0
2.6887064,27.563232,9968.31,8,4.6554127,14.78554,5.8196216,29.501383,11859.13,17291.28,22.129659099999984,89.45402370000002,236,0
10.303778,27.271057,10775.16,8,2.6887064,4.6554127,14.78554,4.805217,9968.31,11859.13,17.647897099999987,72.5596587,237,0
23.827694,26.603912,10766.72,8,10.303778,2.6887064,4.6554127,5.8196216,10775.16,9968.31,36.82017839999999,66.8859697,238,1
14.731544,26.054016,12246.76,8,23.827694,10.303778,2.6887064,14.78554,10766.72,10775.16,48.86301599999999,76.8122967,239,0
5.1143413,26.855713,12119.69,8,14.731544,23.827694,10.303778,4.6554127,12246.76,10766.72,43.673579299999986,76.10701640000002,240,0
4.7796006,27.636902,14518.6,8,5.1143413,14.731544,23.827694,2.6887064,12119.69,12246.76,24.625485899999987,66.101077,241,0
7.960683,27.696472,10887.87,8,4.7796006,5.1143413,14.731544,10.303778,14518.6,12119.69,17.854624899999987,69.40634730000001,242,0
5.998534,27.199615,8154.1,8,7.960683,4.7796006,5.1143413,23.827694,10887.87,14518.6,18.738817599999987,72.71617490000001,243,0
5.0877633,27.15747,5638.56,8,5.998534,7.960683,4.7796006,14.731544,8154.1,10887.87,19.046980299999987,67.50016020000001,244,0
6.219849,27.681213,4614.52,9,5.0877633,5.998534,7.960683,5.1143413,5638.56,8154.1,17.306146299999988,49.892315200000006,245,0
15.684579,27.038239,3573.88,9,6.219849,5.0877633,5.998534,4.7796006,4614.52,5638.56,26.992191299999988,50.845350200000006,246,0
16.2751,26.85495,3355.32,9,15.684579,6.219849,5.0877633,7.960683,3573.88,4614.52,38.17952799999998,62.00610890000001,247,0
19.469252,25.95874,3355.32,9,16.2751,15.684579,6.219849,5.998534,3355.32,3573.88,51.42893099999998,76.6957603,248,0
14.542605,25.826477,5868.35,9,19.469252,16.2751,15.684579,5.0877633,3355.32,3355.32,50.28695699999998,83.27768230000001,249,0
11.4964695,26.20465,6521.68,9,14.542605,19.469252,16.2751,6.219849,5868.35,3355.32,45.50832649999999,88.7756178,250,0
8.651586,26.419678,8812.11,9,11.4964695,14.542605,19.469252,15.684579,6521.68,5868.35,34.690660499999986,92.33944050000001,251,0
9.851729,27.361694,8154.1,9,8.651586,11.4964695,14.542605,16.2751,8812.11,6521.68,29.999784499999983,95.9713205,252,0
18.779669,25.815857,16432.96,9,9.851729,8.651586,11.4964695,19.469252,8154.1,8812.11,37.282983999999985,99.06641050000002,253,0
9.799404,26.055328,17480.35,9,18.779669,9.851729,8.651586,14.542605,16432.96,8154.1,38.430801999999986,92.5907145,254,0
7.0206094,26.327454,14031.43,9,9.799404,18.779669,9.851729,11.4964695,17480.35,16432.96,35.599682399999985,80.1420719,255,0
10.359467,26.306793,11006.56,9,7.0206094,9.799404,18.779669,8.651586,14031.43,17480.35,27.179480399999985,75.9589339,256,0
11.977748,25.990173,11059.13,9,10.359467,7.0206094,9.799404,9.851729,11006.56,14031.43,29.357824399999984,76.44021240000001,257,0
8.173164,26.57843,12241.67,9,11.977748,10.359467,7.0206094,18.779669,11059.13,11006.56,30.510378999999986,75.96179040000001,258,0
9.908483,26.53888,14552.34,9,8.173164,11.977748,10.359467,9.799404,12241.67,11059.13,30.059394999999988,76.01854440000001,259,0
14.3578205,26.301819,9794.64,9,9.908483,8.173164,11.977748,7.0206094,14552.34,12241.67,32.43946749999999,71.59669590000001,260,0
10.976404,26.455566,5868.35,9,14.3578205,9.908483,8.173164,10.359467,9794.64,14552.34,35.24270749999999,72.7736959,261,0
10.520726,26.644989,8154.1,9,10.976404,14.3578205,9.908483,11.977748,5868.35,9794.64,35.85495049999999,76.27381250000002,262,0
7.268016,27.250732,8805.8,9,10.520726,10.976404,14.3578205,8.173164,8154.1,5868.35,28.765145999999987,73.1823615,263,0
7.952651,26.884949,11859.13,9,7.268016,10.520726,10.976404,9.908483,8805.8,8154.1,25.741392999999984,69.15726450000001,264,0
8.046574,26.624268,10719.55,9,7.952651,7.268016,10.520726,14.3578205,11859.13,8805.8,23.267240999999984,69.0306745,265,0
11.433711,26.485992,8805.8,9,8.046574,7.952651,7.268016,10.976404,10719.55,11859.13,27.432935999999987,70.55590250000002,266,0
4.5140567,26.951355,12119.69,9,11.433711,8.046574,7.952651,10.520726,8805.8,10719.55,23.99434169999999,60.71213870000001,267,0
1.1213539,27.428406,8911.06,9,4.5140567,11.433711,8.046574,7.268016,12119.69,8805.8,17.06912159999999,50.857088600000004,268,0
1.1585785,27.424103,5932.29,9,1.1213539,4.5140567,11.433711,7.952651,8911.06,12119.69,6.793989099999986,41.49494110000001,269,0
0.15383215,27.410767,8486.45,9,1.1585785,1.1213539,4.5140567,8.046574,5932.29,8911.06,2.4337645499999856,34.38075725000001,270,0
0.36388958,27.473083,5979.63,9,0.15383215,1.1585785,1.1213539,11.433711,8486.45,5932.29,1.6763002299999856,26.79199583000001,271,0
1.6528007,27.489746,3573.88,9,0.36388958,0.15383215,1.1585785,4.5140567,5979.63,8486.45,2.170522429999986,20.39822253000001,272,0
4.601463,27.37622,4213.43,9,1.6528007,0.36388958,0.15383215,1.1213539,3573.88,5979.63,6.618153279999985,13.565974530000007,273,0
2.5325236,27.581635,2360.52,9,4.601463,1.6528007,0.36388958,1.1585785,4213.43,3573.88,8.786787299999986,11.584441430000009,274,0
2.9189026,27.286255,2722.52,10,2.5325236,4.601463,1.6528007,0.15383215,2360.52,4213.43,10.052889199999985,13.381990130000007,275,0
7.369226,26.704254,2166.14,10,2.9189026,2.5325236,4.601463,0.36388958,2722.52,2360.52,12.820652199999987,19.59263763000001,276,0
12.740354,25.883118,2182.82,10,7.369226,2.9189026,2.5325236,1.6528007,2166.14,2722.52,23.028482599999986,32.17915948000001,277,0
9.3519125,25.902466,1812.16,10,12.740354,7.369226,2.9189026,4.601463,2182.82,2166.14,29.461492499999984,41.16718240000001,278,0
1.0598968,26.686829,1648.04,10,9.3519125,12.740354,7.369226,2.5325236,1812.16,2182.82,23.152163299999984,40.574278500000005,279,0
0.023574831,26.792664,2220.59,10,1.0598968,9.3519125,12.740354,2.9189026,1648.04,1812.16,10.435384130999985,35.99639033100001,280,0
3.0701425,26.07901,3855.44,10,0.023574831,1.0598968,9.3519125,7.369226,2220.59,1648.04,4.153614130999986,36.534009231000006,281,0
5.0507655,25.853668,2870.44,10,3.0701425,0.023574831,1.0598968,12.740354,3855.44,2220.59,8.144482830999987,38.665872131,282,0
8.468654,25.450684,2238.99,10,5.0507655,3.0701425,0.023574831,9.3519125,2870.44,3855.44,16.589561999999987,39.765300131000004,283,0
3.9615138,25.382935,2491.78,10,8.468654,5.0507655,3.0701425,1.0598968,2238.99,2870.44,17.480933299999986,30.986459931000006,284,0
1.9289106,25.891388,2894.88,10,3.9615138,8.468654,5.0507655,0.023574831,2491.78,2238.99,14.359078399999987,23.56345803100001,285,0
2.5675874,25.91092,3641.49,10,1.9289106,3.9615138,8.468654,3.0701425,2894.88,2491.78,8.458011799999985,25.07114863100001,286,0
3.2312315,25.512146,4654.24,10,2.5675874,1.9289106,3.9615138,5.0507655,3641.49,2894.88,7.727729499999985,28.27880530000001,287,0
0.5558194,25.390747,2922.96,10,3.2312315,2.5675874,1.9289106,8.468654,4654.24,3641.49,6.354638299999985,25.764482200000007,288,0
0.036614362,25.481232,2531.97,10,0.5558194,3.2312315,2.5675874,3.9615138,2922.96,4654.24,3.8236652619999854,20.750331062000008,289,0
0.0029115116,25.56186,2182.82,10,0.036614362,0.5558194,3.2312315,1.9289106,2531.97,2922.96,0.5953452735999858,12.284588573600006,290,0
0.012023028,25.360565,1674.07,10,0.0029115116,0.036614362,0.5558194,2.5675874,2182.82,2531.97,0.051548901599985784,8.335097801600007,291,0
0.015615575,25.06195,1478.53,10,0.012023028,0.0029115116,0.036614362,3.2312315,1674.07,2182.82,0.030550114599985786,6.421802776600006,292,0
0.00477847,25.058838,1365.56,10,0.015615575,0.012023028,0.0029115116,0.5558194,1478.53,1674.07,0.03241707299998579,3.858993846600007,293,0
0.09764166,25.027496,1228.14,10,0.00477847,0.015615575,0.012023028,0.036614362,1365.56,1478.53,0.1180357049999858,0.725404006600007,294,0
0.39685082,25.209106,1163.56,10,0.09764166,0.00477847,0.015615575,0.0029115116,1228.14,1365.56,0.4992709499999858,0.5664354266000071,295,0
0.28915742,25.188782,1138.76,10,0.39685082,0.09764166,0.00477847,0.012023028,1163.56,1228.14,0.7836498999999858,0.8189784846000071,296,0
0.08913265,25.091858,984.94,10,0.28915742,0.39685082,0.09764166,0.015615575,1138.76,1163.56,0.7751408899999859,0.9051996230000071,297,0
0.036109474,24.762573,873.67,10,0.08913265,0.28915742,0.39685082,0.00477847,984.94,1138.76,0.4143995439999858,0.9292860690000071,298,0
0.0004745932,24.819153,855.16,10,0.036109474,0.08913265,0.28915742,0.09764166,873.67,984.94,0.12571671719998578,0.9141450872000071,299,0
0.05114948,24.787598,494.89,10,0.0004745932,0.036109474,0.08913265,0.39685082,855.16,873.67,0.08773354719998579,0.9605160972000071,300,0
0.22132874,24.57254,524.21,10,0.05114948,0.0004745932,0.036109474,0.28915742,494.89,855.16,0.27295281319998577,1.0842031772000071,301,0
0.005094865,23.664429,455.27,10,0.22132874,0.05114948,0.0004745932,0.08913265,524.21,494.89,0.2775730849999858,0.6924472222000071,302,0
0.0,22.665344,454.61,10,0.005094865,0.22132874,0.05114948,0.036109474,455.27,524.21,0.2264236049999858,0.4032898022000071,303,0
0.00015707576,22.584503,380.48,10,0.0,0.005094865,0.22132874,0.0004745932,454.61,455.27,0.0052519407599858165,0.31431422796000713,304,0
0.20718181,23.67694,398.26,10,0.00015707576,0.0,0.005094865,0.05114948,380.48,454.61,0.20733888575998582,0.48538656396000707,305,0
9.2325115,24.220673,380.48,11,0.20718181,0.00015707576,0.0,0.22132874,398.26,380.48,9.439850385759986,9.717423470760007,306,0
14.930262,23.767944,455.27,11,9.2325115,0.20718181,0.00015707576,0.005094865,380.48,398.26,24.369955309999987,24.59653599076001,307,0
13.836779,23.521484,762.99,11,14.930262,9.2325115,0.20718181,0.0,455.27,380.48,37.999552499999986,38.211986250760006,308,0
4.730442,23.906708,1212.02,11,13.836779,14.930262,9.2325115,0.00015707576,762.99,455.27,33.49748299999999,42.93733338576001,309,0
5.4457746,23.81128,1569.36,11,4.730442,13.836779,14.930262,0.20718181,1212.02,762.99,24.01299559999999,48.38310798576001,310,0
2.451504,24.211823,1545.56,11,5.4457746,4.730442,13.836779,9.2325115,1569.36,1212.02,12.627720599999986,50.83445491000001,311,0
2.3980782,23.544373,1545.56,11,2.451504,5.4457746,4.730442,14.930262,1545.56,1569.36,10.295356799999986,53.02535130000001,312,0
0.48016718,22.47342,1478.53,11,2.3980782,2.451504,5.4457746,13.836779,1545.56,1545.56,5.329749379999986,44.273006980000005,313,0
0.016606275,21.809052,1459.91,11,0.48016718,2.3980782,2.451504,4.730442,1478.53,1545.56,2.894851654999986,29.359351255000007,314,0
0.0004375682,21.326324,1365.56,11,0.016606275,0.48016718,2.3980782,5.4457746,1459.91,1478.53,0.49721102319998584,15.523009823200008,315,0
0.00037025003,21.005646,1250.0,11,0.0004375682,0.016606275,0.48016718,2.451504,1365.56,1459.91,0.01741409322998579,10.792938073230006,316,0
0.001374413,20.820343,1132.0,11,0.00037025003,0.0004375682,0.016606275,2.3980782,1250.0,1365.56,0.002182231229985789,5.348537886230007,317,0
0.00015595379,20.999664,1121.23,11,0.001374413,0.00037025003,0.0004375682,0.48016718,1132.0,1250.0,0.001900616819985789,2.8971898400200073,318,0
1.1219697e-06,20.90564,1113.26,11,0.00015595379,0.001374413,0.00037025003,0.016606275,1121.23,1132.0,0.001531488759685789,0.4991127619897071,319,0
1.1219697e-06,20.335022,1117.87,11,1.1219697e-06,0.00015595379,0.001374413,0.0004375682,1113.26,1121.23,0.00015819772938578916,0.018946703959407105,320,0
0.0068563577,19.716583,1097.98,11,1.1219697e-06,1.1219697e-06,0.00015595379,0.00037025003,1117.87,1113.26,0.00685860163938579,0.009196786659407106,321,0
0.5174132,20.54718,1097.98,11,0.0068563577,1.1219697e-06,1.1219697e-06,0.001374413,1097.98,1117.87,0.5242706796696858,0.5261724184594071,322,0
0.44431573,21.937439,756.32,11,0.5174132,0.0068563577,1.1219697e-06,0.00015595379,1097.98,1097.98,0.9685852876999858,0.9701178984294071,323,0
0.7368143,22.967957,524.21,11,0.44431573,0.5174132,0.0068563577,1.1219697e-06,756.32,1097.98,1.6985432299999859,1.705557785429407,324,0
0.7441117,23.076233,488.04,11,0.7368143,0.44431573,0.5174132,1.1219697e-06,524.21,756.32,1.925241729999986,2.449513531639407,325,0
0.08307738,23.140564,488.04,11,0.7441117,0.7368143,0.44431573,0.0068563577,488.04,524.21,1.564003379999986,2.5325897896697076,326,0
0.04062316,23.233063,431.47,11,0.08307738,0.7441117,0.7368143,0.5174132,488.04,488.04,0.8678122399999858,2.5732118277000073,327,0
0.103886545,22.829987,375.44,11,0.04062316,0.08307738,0.7441117,0.44431573,431.47,488.04,0.22758708499998578,2.6702420150000075,328,0
0.05734612,22.569214,359.55,11,0.103886545,0.04062316,0.08307738,0.7368143,375.44,431.47,0.20185582499998578,2.2101749350000075,329,0
0.008366529,22.047058,260.08,11,0.05734612,0.103886545,0.04062316,0.7441117,359.55,375.44,0.1695991939999858,1.7742257340000074,330,0
0.01501981,21.744019,267.04,11,0.008366529,0.05734612,0.103886545,0.08307738,260.08,359.55,0.0807324589999858,1.052431244000007,331,0
0.000409519,21.352783,299.48,11,0.01501981,0.008366529,0.05734612,0.04062316,267.04,260.08,0.02379585799998579,0.3087290630000071,332,0
0.00037025003,21.20346,291.4,11,0.000409519,0.01501981,0.008366529,0.103886545,299.48,267.04,0.01579957902998579,0.2260219330300071,333,0
0.0005755705,20.801697,267.04,11,0.00037025003,0.000409519,0.01501981,0.05734612,291.4,299.48,0.0013553395299857893,0.1859743435300071,334,0
0.00055425306,21.06012,267.04,11,0.0005755705,0.00037025003,0.000409519,0.008366529,267.04,291.4,0.0015000735899857892,0.0826420515900071,335,0
2.0195455e-05,20.590942,260.08,12,0.00055425306,0.0005755705,0.00037025003,0.01501981,267.04,267.04,0.001150019014985789,0.025316127045007103,336,0
2.2439395e-05,20.301544,250.72,12,2.0195455e-05,0.00055425306,0.0005755705,0.000409519,260.08,267.04,0.0005968879099857891,0.016972037440007106,337,0
8.190379e-05,19.952087,285.29,12,2.2439395e-05,2.0195455e-05,0.00055425306,0.00037025003,250.72,260.08,0.00012453863998578916,0.0020341312300071056,338,0
0.002826242,20.512207,284.66,12,8.190379e-05,2.2439395e-05,2.0195455e-05,0.0005755705,285.29,250.72,0.002930585184985789,0.004450854230007106,339,0
0.041221734,21.772125,359.55,12,0.002826242,8.190379e-05,2.2439395e-05,0.00055425306,284.66,285.29,0.04412987978998579,0.045302338200007106,340,0
0.0010232364,22.006866,285.29,12,0.041221734,0.002826242,8.190379e-05,2.0195455e-05,359.55,284.66,0.045071212399985794,0.04575000410000712,341,0
0.0,21.762878,299.48,12,0.0010232364,0.041221734,0.002826242,2.2439395e-05,285.29,359.55,0.042244970399985794,0.045195751040007115,342,0
0.00084372127,22.243805,260.08,12,0.0,0.0010232364,0.041221734,8.190379e-05,299.48,285.29,0.001866957669985789,0.04601927685500711,343,0
0.0043622185,22.85022,210.91,12,0.00084372127,0.0,0.0010232364,0.002826242,260.08,299.48,0.005205939769985789,0.050359055960007115,344,0
0.42565626,23.473633,240.68,12,0.0043622185,0.00084372127,0.0,0.041221734,210.91,260.08,0.4308621997699858,0.4759334121700071,345,0
4.137843,23.046204,240.68,12,0.42565626,0.0043622185,0.00084372127,0.0010232364,240.68,210.91,4.567861478499986,4.610950170170007,346,0
1.2621183,22.333862,207.9,12,4.137843,0.42565626,0.0043622185,0.0,240.68,240.68,5.825617559999986,5.831846736170007,347,0
0.75940746,22.613098,196.14,12,1.2621183,4.137843,0.42565626,0.00084372127,207.9,240.68,6.159368759999986,6.5902309597700075,348,0
0.2704396,22.911865,187.14,12,0.75940746,1.2621183,4.137843,0.0043622185,196.14,207.9,2.2919653599999856,6.860670559770007,349,0
0.18257813,22.386688,186.53,12,0.2704396,0.75940746,1.2621183,0.42565626,187.14,196.14,1.2124251899999858,7.042404968500007,350,0
0.023192234,21.74936,172.37,12,0.18257813,0.2704396,0.75940746,4.137843,186.53,187.14,0.4762099639999858,7.061234984000007,351,0
0.0007023531,20.78775,173.39,12,0.023192234,0.18257813,0.2704396,1.2621183,172.37,186.53,0.2064727170999858,6.636281077100008,352,0
2.8049244e-05,20.280212,168.29,12,0.0007023531,0.023192234,0.18257813,0.75940746,173.39,172.37,0.02392263634398579,2.4984661263440073,353,0
3.2537122e-05,19.872803,159.56,12,2.8049244e-05,0.0007023531,0.023192234,0.2704396,168.29,173.39,0.0007629394659857891,1.236380363466007,354,0
3.8146973e-05,19.550323,154.63,12,3.2537122e-05,2.8049244e-05,0.0007023531,0.18257813,159.56,168.29,9.873333898578914e-05,0.4770110504390071,355,0
0.00021205228,19.138458,151.75,12,3.8146973e-05,3.2537122e-05,2.8049244e-05,0.023192234,154.63,159.56,0.0002827363749857891,0.2067835027190071,356,0
0.0010546516,18.39917,149.06,12,0.00021205228,3.8146973e-05,3.2537122e-05,0.0007023531,151.75,154.63,0.001304850852985789,0.025260024319007104,357,0
7.517198e-05,17.37268,149.06,12,0.0010546516,0.00021205228,3.8146973e-05,2.8049244e-05,149.06,151.75,0.001341875859985789,0.0021429622990071055,358,0
0.00021317427,17.723816,146.52,12,7.517198e-05,0.0010546516,0.00021205228,3.2537122e-05,149.06,149.06,0.0013429978499857889,0.0016537834690071053,359,0
5.385455e-05,17.612366,146.52,12,0.00021317427,7.517198e-05,0.0010546516,3.8146973e-05,146.52,149.06,0.00034220079998578895,0.0016795887750071055,360,0
4.82447e-05,16.90567,149.06,12,5.385455e-05,0.00021317427,7.517198e-05,0.00021205228,146.52,146.52,0.00031527351998578894,0.0016952963530071055,361,0
1.0097728e-05,16.73111,149.06,12,4.82447e-05,5.385455e-05,0.00021317427,0.0010546516,149.06,146.52,0.00011219697798578893,0.0016672471080071052,362,0
0.00021990607,17.486847,149.72,12,1.0097728e-05,4.82447e-05,5.385455e-05,7.517198e-05,149.06,149.06,0.0002782484979857889,0.0016751008980071054,363,0
2.4683337e-05,18.715363,146.52,12,0.00021990607,1.0097728e-05,4.82447e-05,0.00021317427,149.72,149.06,0.00025468713498578895,0.0006451326350071055,364,0
1.0097728e-05,19.54132,152.96,12,2.4683337e-05,0.00021990607,1.0097728e-05,5.385455e-05,146.52,149.72,0.00025468713498578895,0.0005800583830071054,365,0
0.000633913,20.595612,175.46,12,1.0097728e-05,2.4683337e-05,0.00021990607,4.82447e-05,152.96,146.52,0.0006686940649857889,0.0010007971130071053,366,0
0.25372672,22.038544,168.29,1,0.000633913,1.0097728e-05,2.4683337e-05,1.0097728e-05,175.46,152.96,0.2543707307279858,0.2546736625630071,1,0
1.6624159,22.284363,167.69,1,0.25372672,0.000633913,1.0097728e-05,0.00021990607,168.29,175.46,1.916776532999986,1.9170413178630072,2,0
0.42443332,21.30249,172.37,1,1.6624159,0.25372672,0.000633913,2.4683337e-05,167.69,168.29,2.340575939999986,2.341464540135007,3,0
0.28889823,20.41336,159.06,1,0.42443332,1.6624159,0.25372672,1.0097728e-05,172.37,167.69,2.375747449999986,2.6301428640650073,4,0
0.11425355,21.031525,168.29,1,0.28889823,0.42443332,1.6624159,0.000633913,159.06,172.37,0.8275850999999858,2.744371730728007,5,0
0.5624738,20.480133,165.23,1,0.11425355,0.28889823,0.42443332,0.25372672,168.29,159.06,0.9656255799999858,3.3068354330000074,6,0
0.490689,19.728333,159.06,1,0.5624738,0.11425355,0.28889823,1.6624159,165.23,168.29,1.1674163499999857,3.796890520000007,7,0
0.1102167,18.004883,159.06,1,0.490689,0.5624738,0.11425355,0.42443332,159.06,165.23,1.1633794999999858,3.653380500000007,8,0
0.0066420613,17.400208,164.63,1,0.1102167,0.490689,0.5624738,0.28889823,159.06,159.06,0.6075477612999858,1.997606661300007,9,0
8.975758e-05,17.917023,158.36,1,0.0066420613,0.1102167,0.490689,0.11425355,164.63,159.06,0.1169485188799858,1.5732630988800071,10,0
3.4781064e-05,18.19339,172.37,1,8.975758e-05,0.0066420613,0.1102167,0.5624738,158.36,164.63,0.006766599943985789,1.2843996499440071,11,0
2.1317426e-05,18.430115,196.14,1,3.4781064e-05,8.975758e-05,0.0066420613,0.490689,172.37,158.36,0.00014585606998578914,1.170167417370007,12,0
0.0,19.834259,290.68,1,2.1317426e-05,3.4781064e-05,8.975758e-05,0.1102167,196.14,172.37,5.609848998578914e-05,0.607693617370007,13,0
0.0,21.07727,195.52,1,0.0,2.1317426e-05,3.4781064e-05,0.0066420613,290.68,196.14,2.1317425985789147e-05,0.1170046173700071,14,0
0.0008874781,21.537354,176.58,1,0.0,0.0,2.1317426e-05,8.975758e-05,195.52,290.68,0.0008874780999857891,0.007675395470007105,15,0
0.0061405404,22.277588,186.53,1,0.0008874781,0.0,0.0,3.4781064e-05,176.58,195.52,0.007028018499985789,0.007173874570007105,16,0
0.0036520115,22.610352,196.14,1,0.0061405404,0.0008874781,0.0,2.1317426e-05,186.53,176.58,0.01068002999998579,0.010736128490007105,17,0
0.005369747,22.007812,190.04,1,0.0036520115,0.0061405404,0.0008874781,0.0,196.14,186.53,0.015162298899985788,0.016071094426007106,18,0
0.012852164,21.576538,158.36,1,0.005369747,0.0036520115,0.0061405404,0.0,190.04,196.14,0.021873922499985786,0.028901941000007106,19,0
0.028577691,20.84842,207.9,1,0.012852164,0.005369747,0.0036520115,0.0008874781,158.36,190.04,0.046799601999985785,0.05747963200000711,20,0
0.16604929,19.981445,267.04,1,0.028577691,0.012852164,0.005369747,0.0061405404,207.9,158.36,0.20747914499998577,0.2235289220000071,21,0
0.027159523,19.65802,169.55,1,0.16604929,0.028577691,0.012852164,0.0036520115,267.04,207.9,0.22178650399998576,0.24980096690000708,22,0
0.005196964,19.698639,196.14,1,0.027159523,0.16604929,0.028577691,0.005369747,169.55,267.04,0.19840577699998577,0.24885739050000708,23,0
0.036769193,19.810486,207.9,1,0.005196964,0.027159523,0.16604929,0.012852164,196.14,169.55,0.06912567999998578,0.2819745720000071,24,0
0.018366646,19.797577,207.77,1,0.036769193,0.005196964,0.027159523,0.028577691,207.9,196.14,0.060332802999985786,0.2949714710000071,25,0
0.004871593,19.63028,133.03,1,0.018366646,0.036769193,0.005196964,0.16604929,207.77,207.9,0.06000743199998579,0.2869909000000071,26,0
0.0017648584,19.372345,141.63,1,0.004871593,0.018366646,0.036769193,0.027159523,133.03,207.77,0.02500309739998579,0.2601780674000071,27,0
0.0015830994,18.789673,210.91,1,0.0017648584,0.004871593,0.018366646,0.005196964,141.63,133.03,0.008219550799985788,0.0957118768000071,28,0
0.0015415865,18.934967,158.36,1,0.0015830994,0.0017648584,0.004871593,0.036769193,210.91,141.63,0.004889544299985789,0.0700939403000071,29,0
0.00024795532,19.36139,152.96,1,0.0015415865,0.0015830994,0.0017648584,0.018366646,158.36,210.91,0.003372641219985789,0.0651449316200071,30,0
0.008290235,19.899414,190.04,1,0.00024795532,0.0015415865,0.0015830994,0.004871593,152.96,158.36,0.01007977681998579,0.036665973620007106,31,0
0.00636269,20.464905,196.14,2,0.008290235,0.00024795532,0.0015415865,0.0017648584,190.04,152.96,0.01490088031998579,0.024662017620007106,32,0
0.036360793,20.97583,164.63,2,0.00636269,0.008290235,0.00024795532,0.0015830994,196.14,190.04,0.05101371799998579,0.056151217620007104,33,0
0.02302282,21.635315,161.49,2,0.036360793,0.00636269,0.008290235,0.0015415865,164.63,196.14,0.0657463029999858,0.0774091792200071,34,0
0.00072367047,22.683899,161.49,2,0.02302282,0.036360793,0.00636269,0.00024795532,161.49,164.63,0.06010728346998579,0.07654975029000712,35,0
0.0030775631,23.020355,375.44,2,0.00072367047,0.02302282,0.036360793,0.008290235,161.49,161.49,0.026824053569985788,0.07808572689000712,36,0
0.0010759691,23.703278,359.55,2,0.0030775631,0.00072367047,0.02302282,0.00636269,375.44,161.49,0.00487720266998579,0.0789137406700071,37,0
0.6919289,23.655914,380.48,2,0.0010759691,0.0030775631,0.00072367047,0.036360793,359.55,375.44,0.6960824321999858,0.762552405670007,38,0
1.8970366,21.481659,260.08,2,0.6919289,0.0010759691,0.0030775631,0.02302282,380.48,359.55,2.590041469099986,2.653226315670007,39,0
0.029769223,21.792694,207.17,2,1.8970366,0.6919289,0.0010759691,0.00072367047,260.08,380.48,2.618734722999986,2.6466347456700072,40,0
0.0012005077,22.339844,210.91,2,0.029769223,1.8970366,0.6919289,0.0030775631,207.17,260.08,1.928006330699986,2.624812433370007,41,0
2.4683335e-05,22.858612,250.72,2,0.0012005077,0.029769223,1.8970366,0.0010759691,210.91,207.17,0.030994414034986012,2.624113446235007,42,0
0.02515456,23.253662,259.48,2,2.4683335e-05,0.0012005077,0.029769223,0.6919289,250.72,210.91,0.02637975103498601,2.646190443135007,43,0
0.040770136,23.677704,249.47,2,0.02515456,2.4683335e-05,0.0012005077,1.8970366,259.48,250.72,0.06594937933498601,2.685884610035007,44,0
0.060361978,24.226929,196.14,2,0.040770136,0.02515456,2.4683335e-05,0.029769223,249.47,259.48,0.126286673999986,2.0543176880350074,45,0
1.2139646,23.51648,210.91,2,0.060361978,0.040770136,0.02515456,0.0012005077,196.14,249.47,1.3150967139999858,1.371245688035007,46,0
6.5815644,21.142395,209.97,2,1.2139646,0.060361978,0.040770136,2.4683335e-05,210.91,196.14,7.855890977999986,7.9230408650350075,47,0
6.2754507,20.018433,249.47,2,6.5815644,1.2139646,0.060361978,0.02515456,209.97,210.91,14.070979699999986,14.197291057335008,48,0
0.8377681,20.463898,207.17,2,6.2754507,6.5815644,1.2139646,0.040770136,249.47,209.97,13.694783199999987,15.035034474000009,49,0
0.017492631,21.142883,196.14,2,0.8377681,6.2754507,6.5815644,0.060361978,207.17,249.47,7.130711430999987,15.027372545000008,50,0
0.0010512857,22.177002,210.91,2,0.017492631,0.8377681,6.2754507,1.2139646,196.14,207.17,0.8563120166999858,14.987653694700008,51,0
0.00084933115,22.140167,259.45,2,0.0010512857,0.017492631,0.8377681,6.5815644,210.91,196.14,0.01939324784998579,14.928141047850009,52,0
8.975758e-05,22.998901,249.47,2,0.00084933115,0.0010512857,0.017492631,6.2754507,259.45,210.91,0.001990374429985789,13.714266205430008,53,0
0.15192817,24.331116,291.4,2,8.975758e-05,0.00084933115,0.0010512857,0.8377681,249.47,259.45,0.1528672587299858,7.284629975430008,54,0
0.10417378,24.541534,203.36,2,0.15192817,8.975758e-05,0.00084933115,0.017492631,291.4,249.47,0.2561917075799858,1.113353055430007,55,0
2.2439394e-06,24.627563,259.45,2,0.10417378,0.15192817,8.975758e-05,0.0010512857,203.36,291.4,0.25610419393938577,0.2755871993694071,56,0
0.0,24.369202,210.95,2,2.2439394e-06,0.10417378,0.15192817,0.00084933115,259.45,203.36,0.10417602393938578,0.25809456836940714,57,0
0.0,25.011963,209.97,2,0.0,2.2439394e-06,0.10417378,8.975758e-05,210.95,259.45,2.2439393857891453e-06,0.2570432826694071,58,0
0.0,25.888214,203.86,2,0.0,0.0,2.2439394e-06,0.15192817,209.97,210.95,0.0,0.2561939515194071,59,0
0.0,24.626373,203.86,3,0.0,0.0,0.0,0.10417378,203.86,209.97,0.0,0.25610419393940714,60,0
0.0,23.926575,186.53,3,0.0,0.0,0.0,2.2439394e-06,203.86,203.86,0.0,0.1041760239394071,61,0
0.0001077091,24.153473,303.07,3,0.0,0.0,0.0,0.0,186.53,203.86,0.00010770909998578915,0.00010995303940710542,62,0
3.5903035e-05,24.620178,259.45,3,0.0001077091,0.0,0.0,0.0,303.07,186.53,0.00014361213498578914,0.00014361213500710542,63,0
0.0,25.129639,190.04,3,3.5903035e-05,0.0001077091,0.0,0.0,259.45,303.07,0.00014361213498578914,0.00014361213500710542,64,0
2.3561366e-05,25.534332,185.07,3,0.0,3.5903035e-05,0.0001077091,0.0,190.04,259.45,5.946440098578915e-05,0.00016717350100710544,65,0
1.0097728e-05,25.738678,184.39,3,2.3561366e-05,0.0,3.5903035e-05,0.0,185.07,190.04,3.3659093985789147e-05,0.00017727122900710544,66,0
0.00018849093,25.792358,176.58,3,1.0097728e-05,2.3561366e-05,0.0,0.0001077091,184.39,185.07,0.00022215002398578916,0.00036576215900710544,67,0
0.00036464017,26.322266,175.97,3,0.00018849093,1.0097728e-05,2.3561366e-05,3.5903035e-05,176.58,184.39,0.0005632288279857891,0.0007304023290071054,68,0
0.00018175911,26.883362,172.37,3,0.00036464017,0.00018849093,1.0097728e-05,0.0,175.97,176.58,0.0007348902099857892,0.0008044523390071054,69,0
0.0011455312,27.64447,196.14,3,0.00018175911,0.00036464017,0.00018849093,2.3561366e-05,172.37,175.97,0.001691930479985789,0.0019140805040071054,70,0
0.0056794104,28.187378,249.47,3,0.0011455312,0.00018175911,0.00036464017,1.0097728e-05,196.14,172.37,0.00700670070998579,0.007593490904007106,71,0
0.027144935,28.36795,250.09,3,0.0056794104,0.0011455312,0.00018175911,0.00018849093,249.47,196.14,0.033969876599985786,0.0347148645380071,72,0
1.0510602,27.373291,184.39,3,0.027144935,0.0056794104,0.0011455312,0.00036464017,250.09,249.47,1.0838845453999857,1.0857649668100071,73,0
1.1939677,26.853333,196.14,3,1.0510602,0.027144935,0.0056794104,0.00018175911,184.39,250.09,2.272172834999986,2.279544175880007,74,0
1.5702785,26.279205,203.86,3,1.1939677,1.0510602,0.027144935,0.0011455312,196.14,184.39,3.8153063999999857,3.8494580357100068,75,0
0.953377,24.837524,207.17,3,1.5702785,1.1939677,1.0510602,0.0056794104,203.86,196.14,3.7176231999999856,4.802653276600007,76,0
0.038327612,26.149414,203.86,3,0.953377,1.5702785,1.1939677,0.027144935,207.17,203.86,2.561983111999986,4.839835357400007,77,0
0.0010333341,27.135193,240.68,3,0.038327612,0.953377,1.5702785,1.0510602,203.86,207.17,0.9927379460999858,4.835189281100007,78,0
0.008344089,27.972595,249.47,3,0.0010333341,0.038327612,0.953377,1.1939677,240.68,203.86,0.04770503509998579,4.8163884351000075,79,0
0.014314092,28.32782,203.86,3,0.008344089,0.0010333341,0.038327612,1.5702785,249.47,240.68,0.02369151509998579,3.779642327100007,80,0
0.042466555,29.028809,184.39,3,0.014314092,0.008344089,0.0010333341,0.953377,203.86,249.47,0.06512473599998579,2.628141182100007,81,0
0.07593716,29.357788,196.14,3,0.042466555,0.014314092,0.008344089,0.038327612,184.39,203.86,0.1327178069999858,1.133799842100007,82,0
0.5265741,29.326447,190.04,3,0.07593716,0.042466555,0.014314092,0.0010333341,196.14,184.39,0.6449778149999859,0.7069969421000072,83,0
0.025626913,29.976868,169.55,3,0.5265741,0.07593716,0.042466555,0.008344089,190.04,196.14,0.6281381729999859,0.6942962431000071,84,0
0.019287784,30.4599,333.5,3,0.025626913,0.5265741,0.07593716,0.014314092,169.55,190.04,0.5714887969999858,0.7125506930000072,85,0
0.085000426,30.305847,299.48,3,0.019287784,0.025626913,0.5265741,0.042466555,333.5,169.55,0.1299151229999858,0.7892070300000071,86,0
0.8698789,29.86322,299.48,3,0.085000426,0.019287784,0.025626913,0.07593716,299.48,333.5,0.9741671099999858,1.6447718380000071,87,0
0.6435103,28.885254,291.4,3,0.8698789,0.085000426,0.019287784,0.5265741,299.48,299.48,1.5983896259999857,2.245815583000007,88,0
0.23368612,29.597473,249.47,3,0.6435103,0.8698789,0.085000426,0.025626913,291.4,299.48,1.7470753199999858,2.403564543000007,89,0
0.06273495,29.892761,259.45,3,0.23368612,0.6435103,0.8698789,0.019287784,249.47,291.4,0.9399313699999857,1.9397253930000071,90,0
0.24198532,30.078033,267.04,4,0.06273495,0.23368612,0.6435103,0.085000426,259.45,249.47,0.5384063899999858,2.1560838000000073,91,0
0.8650364,29.580322,398.26,4,0.24198532,0.06273495,0.23368612,0.8698789,267.04,259.45,1.1697566699999857,3.001832416000007,92,0
0.5062855,29.79541,209.97,4,0.8650364,0.24198532,0.06273495,0.6435103,398.26,267.04,1.6133072199999858,3.423117490000007,93,0
0.0030607337,30.32721,249.47,4,0.5062855,0.8650364,0.24198532,0.23368612,209.97,398.26,1.3743826336999858,2.5562993237000073,94,0
0.0003242493,29.819519,207.17,4,0.0030607337,0.5062855,0.8650364,0.06273495,249.47,209.97,0.5096704829999859,1.913113273000007,95,0
0.0020633023,29.790497,185.07,4,0.0003242493,0.0030607337,0.5062855,0.24198532,207.17,249.47,0.0054482852999857894,1.6814904553000072,96,0
0.00094133266,30.201233,250.09,4,0.0020633023,0.0003242493,0.0030607337,0.8650364,185.07,207.17,0.0033288842599857892,1.6196968379600072,97,0
0.00042522652,30.754456,284.66,4,0.00094133266,0.0020633023,0.0003242493,0.5062855,250.09,185.07,0.003429861479985789,1.3781367444800072,98,0
0.002081254,31.53955,291.4,4,0.00042522652,0.00094133266,0.0020633023,0.0030607337,284.66,250.09,0.003447813179985789,0.5151815984800071,99,0
0.0869448,31.748291,337.17,4,0.002081254,0.00042522652,0.00094133266,0.0003242493,291.4,284.66,0.0894512805199858,0.09584089848000711,100,0
0.67318076,30.973022,375.44,4,0.0869448,0.002081254,0.00042522652,0.0020633023,337.17,291.4,0.7622068139999858,0.7659609247800072,101,0
0.1906911,31.38855,359.55,4,0.67318076,0.0869448,0.002081254,0.00094133266,375.44,337.17,0.9508166599999858,0.9563277754800071,102,0
1.1615361,30.394745,359.55,4,0.1906911,0.67318076,0.0869448,0.00042522652,359.55,375.44,2.0254079599999857,2.115800573180007,103,0
1.1527027,28.703186,337.17,4,1.1615361,0.1906911,0.67318076,0.002081254,359.55,359.55,2.504929899999986,3.267561940520007,104,0
0.39883333,29.605682,333.49,4,1.1527027,1.1615361,0.1906911,0.0869448,337.17,359.55,2.713072129999986,3.665970044000007,105,0
0.29380912,30.674072,483.39,4,0.39883333,1.1527027,1.1615361,0.67318076,333.49,337.17,1.845345149999986,3.9576979100000074,106,0
0.5208318,30.921051,431.47,4,0.29380912,0.39883333,1.1527027,0.1906911,483.39,333.49,1.213474249999986,4.391584910000007,107,0
2.0791626,30.246887,380.48,4,0.5208318,0.29380912,0.39883333,1.1615361,431.47,483.39,2.8938035199999863,5.797566750000007,108,0
4.60142,28.286407,333.49,4,2.0791626,0.5208318,0.29380912,1.1527027,380.48,431.47,7.201414399999987,10.208295650000007,109,0
11.730952,24.94983,299.48,4,4.60142,2.0791626,0.5208318,0.39883333,333.49,380.48,18.411534599999985,20.777711550000006,110,0
13.233719,23.77774,207.17,4,11.730952,4.60142,2.0791626,0.29380912,299.48,333.49,29.566090999999986,32.85872785000001,111,0
4.4097214,25.929321,284.66,4,13.233719,11.730952,4.60142,0.5208318,207.17,299.48,29.374392399999984,36.86961592000001,112,0
2.0069256,27.295532,299.48,4,4.4097214,13.233719,11.730952,2.0791626,284.66,207.17,19.650365999999988,38.582732400000005,113,0
0.86685294,28.640808,267.04,4,2.0069256,4.4097214,13.233719,4.60142,299.48,284.66,7.283499939999985,38.92875354000001,114,0
0.37553224,29.814026,267.04,4,0.86685294,2.0069256,4.4097214,11.730952,267.04,299.48,3.249310779999986,37.225123180000004,115,0
1.4014391,29.815979,333.49,4,0.37553224,0.86685294,2.0069256,13.233719,267.04,267.04,2.643824279999986,34.02514228000001,116,0
0.5214287,30.948883,380.48,4,1.4014391,0.37553224,0.86685294,4.4097214,333.49,267.04,2.2984000399999855,22.815618980000007,117,0
0.11852376,32.021667,431.47,4,0.5214287,1.4014391,0.37553224,2.0069256,380.48,333.49,2.041391559999986,9.700423740000007,118,0
0.26875553,32.398315,359.55,4,0.11852376,0.5214287,1.4014391,0.86685294,431.47,380.48,0.9087079899999858,5.559457870000007,119,0
0.27659473,32.745026,267.04,4,0.26875553,0.11852376,0.5214287,0.37553224,359.55,431.47,0.6638740199999859,3.8291270000000073,120,0
0.3463846,33.059967,203.86,5,0.27659473,0.26875553,0.11852376,1.4014391,267.04,359.55,0.8917348599999859,3.3086586600000074,121,0
0.27327818,32.893555,398.26,5,0.3463846,0.27659473,0.26875553,0.5214287,203.86,267.04,0.8962575099999858,3.206404600000007,122,0
0.25891134,32.281372,333.49,5,0.27327818,0.3463846,0.27659473,0.11852376,398.26,203.86,0.8785741199999857,2.063876840000007,123,0
0.7971314,32.10913,249.47,5,0.25891134,0.27327818,0.3463846,0.26875553,333.49,398.26,1.3293209199999858,2.339579540000007,124,0
0.99465877,31.84674,209.97,5,0.7971314,0.25891134,0.27327818,0.27659473,249.47,333.49,2.050701509999986,3.2157145500000075,125,0
1.0076568,32.182343,291.4,5,0.99465877,0.7971314,0.25891134,0.3463846,209.97,249.47,2.7994469699999858,3.954615820000007,126,0
0.36702886,32.40387,299.48,5,1.0076568,0.99465877,0.7971314,0.27327818,291.4,209.97,2.3693444299999857,4.045049950000007,127,0
0.116320215,33.295654,291.4,5,0.36702886,1.0076568,0.99465877,0.25891134,299.48,291.4,1.4910058749999857,3.814985565000007,128,0
0.08208892,33.746796,284.66,5,0.116320215,0.36702886,1.0076568,0.7971314,291.4,299.48,0.5654379949999858,3.623796305000007,129,0
0.07872189,33.862,267.04,5,0.08208892,0.116320215,0.36702886,0.99465877,284.66,291.4,0.27713102499998576,3.443606855000007,130,0
0.16693789,33.865906,209.97,5,0.07872189,0.08208892,0.116320215,1.0076568,267.04,284.66,0.3277486999999858,2.8134133450000074,131,0
2.1002162,31.65448,249.47,5,0.16693789,0.07872189,0.08208892,0.36702886,209.97,267.04,2.345875979999986,3.918970775000007,132,0
0.6104671,31.657776,375.44,5,2.1002162,0.16693789,0.07872189,0.116320215,249.47,209.97,2.877621189999986,3.5217810750000074,133,0
0.44262943,31.10675,454.61,5,0.6104671,2.1002162,0.16693789,0.08208892,375.44,249.47,3.153312729999986,3.597381645000007,134,0
1.270615,31.222504,380.48,5,0.44262943,0.6104671,2.1002162,0.07872189,454.61,375.44,2.323711529999986,4.751676430000007,135,0
0.032539368,32.191772,333.49,5,1.270615,0.44262943,0.6104671,0.16693789,380.48,454.61,1.7457837979999857,4.702126878000007,136,0
0.7712679,32.958527,303.07,5,0.032539368,1.270615,0.44262943,2.1002162,333.49,380.48,2.074422267999986,5.394672888000008,137,0
0.05052342,33.526703,267.04,5,0.7712679,0.032539368,1.270615,0.6104671,303.07,333.49,0.854330687999986,5.278258418000007,138,0
0.12327419,33.60086,259.45,5,0.05052342,0.7712679,0.032539368,0.44262943,267.04,303.07,0.9450655099999861,3.3013164080000075,139,0
0.12798421,33.942413,333.49,5,0.12327419,0.05052342,0.7712679,1.270615,259.45,267.04,0.301781819999986,2.818833518000007,140,0
0.17674613,33.9003,299.48,5,0.12798421,0.12327419,0.05052342,0.032539368,333.49,259.45,0.428004529999986,2.5529502180000074,141,0
0.18331751,34.158447,250.09,5,0.17674613,0.12798421,0.12327419,0.7712679,299.48,333.49,0.48804784999998596,1.4656527280000071,142,0
0.0114171645,34.371857,209.97,5,0.18331751,0.17674613,0.12798421,0.05052342,250.09,299.48,0.371480804499986,1.4445305245000073,143,0
0.0358963,34.650085,299.48,5,0.0114171645,0.18331751,0.17674613,0.12327419,209.97,250.09,0.23063097449998599,0.7091589245000071,144,0
0.24700503,34.74774,332.85,5,0.0358963,0.0114171645,0.18331751,0.12798421,299.48,209.97,0.29431849449998604,0.9056405345000071,145,0
2.4739175,32.24524,291.4,5,0.24700503,0.0358963,0.0114171645,0.17674613,332.85,299.48,2.756818829999986,3.2562838445000075,146,0
3.2264268,30.158813,524.21,5,2.4739175,0.24700503,0.0358963,0.18331751,291.4,332.85,5.947349329999986,6.354726434500007,147,0
1.9055344,31.36853,483.39,5,3.2264268,2.4739175,0.24700503,0.0114171645,524.21,291.4,7.605878699999987,8.083514704500008,148,0
8.174423,30.170166,380.48,5,1.9055344,3.2264268,2.4739175,0.0358963,483.39,524.21,13.306384199999986,16.074620194500007,149,0
10.564008,30.327332,380.0,5,8.174423,1.9055344,3.2264268,0.24700503,380.48,483.39,20.643965399999985,26.62721103000001,150,0
0.35921884,30.354095,291.4,5,10.564008,8.174423,1.9055344,2.4739175,380.0,380.48,19.097649839999985,26.950533570000008,151,0
1.7534997,30.882355,332.85,6,0.35921884,10.564008,8.174423,3.2264268,291.4,380.0,12.676726539999983,28.457028240000007,152,0
1.2977488,30.158478,240.68,6,1.7534997,0.35921884,10.564008,1.9055344,332.85,291.4,3.4104673399999843,27.28085954000001,153,0
1.3756921,30.352203,203.86,6,1.2977488,1.7534997,0.35921884,8.174423,240.68,332.85,4.426940599999984,25.43012484000001,154,0
2.4469318,30.387207,267.04,6,1.3756921,1.2977488,1.7534997,10.564008,203.86,240.68,5.120372699999985,25.97152224000001,155,0
3.5793943,30.314148,193.42,6,2.4469318,1.3756921,1.2977488,0.35921884,267.04,203.86,7.402018199999985,21.37649354000001,156,0
7.0193906,30.350922,203.86,6,3.5793943,2.4469318,1.3756921,1.7534997,193.42,267.04,13.045716699999986,17.831876140000006,157,0
6.304561,29.468689,380.48,6,7.0193906,3.5793943,2.4469318,1.2977488,203.86,193.42,16.903345899999984,23.77721830000001,158,0
8.507015,28.337769,454.61,6,6.304561,7.0193906,3.5793943,1.3756921,380.48,203.86,21.830966599999986,30.53073360000001,159,0
13.696593,28.901794,873.67,6,8.507015,6.304561,7.0193906,2.4469318,454.61,380.48,28.508168999999985,42.929577800000004,160,0
15.310745,27.838501,984.94,6,13.696593,8.507015,6.304561,3.5793943,873.67,454.61,37.514352999999986,56.864630700000006,161,0
22.70604,27.287476,844.94,6,15.310745,13.696593,8.507015,7.0193906,984.94,873.67,51.71337799999999,77.1237389,162,1
31.315405,27.0094,454.61,6,22.70604,15.310745,13.696593,6.304561,844.94,984.94,69.33218999999998,104.85974960000001,163,1
25.982365,26.364899,240.68,6,31.315405,22.70604,15.310745,8.507015,454.61,844.94,80.00380999999999,123.82272400000001,164,1
9.666113,26.17694,284.66,6,25.982365,31.315405,22.70604,13.696593,240.68,454.61,66.96388299999998,127.18427600000001,165,0
5.3410625,26.094055,299.48,6,9.666113,25.982365,31.315405,15.310745,284.66,240.68,40.98954049999999,124.01832350000001,166,0
2.4048703,27.882568,291.4,6,5.3410625,9.666113,25.982365,22.70604,299.48,284.66,17.412045799999984,112.72660080000001,167,0
1.5052391,29.493958,2484.5,6,2.4048703,5.3410625,9.666113,31.315405,291.4,299.48,9.251171899999985,98.9210949,168,0
3.0428753,29.62918,3855.44,6,1.5052391,2.4048703,5.3410625,25.982365,2484.5,291.4,6.952984699999986,79.25793020000002,169,0
4.5675664,29.284485,1851.08,6,3.0428753,1.5052391,2.4048703,9.666113,3855.44,2484.5,9.115680799999986,52.51009160000001,170,0
7.62097,28.393646,1232.63,6,4.5675664,3.0428753,1.5052391,5.3410625,1851.08,3855.44,15.231411699999985,34.14869660000001,171,0
9.777937,28.067749,970.26,6,7.62097,4.5675664,3.0428753,2.4048703,1232.63,1851.08,21.966473399999984,34.26052060000001,172,0
20.379488,27.374023,554.11,6,9.777937,7.62097,4.5675664,1.5052391,970.26,1232.63,37.77839499999999,49.29894610000001,173,1
24.96026,27.313293,488.04,6,20.379488,9.777937,7.62097,3.0428753,554.11,970.26,55.11768499999999,71.8543358,174,1
27.34509,26.930023,337.17,6,24.96026,20.379488,9.777937,4.5675664,488.04,554.11,72.68483799999998,97.69418670000002,175,1
16.33417,26.715271,359.55,6,27.34509,24.96026,20.379488,7.62097,337.17,488.04,68.63951999999999,110.9854814,176,0
6.5702915,26.4422,524.21,6,16.33417,27.34509,24.96026,9.777937,359.55,337.17,50.24955149999998,112.9882065,177,0
4.9195347,26.89087,5932.29,6,6.5702915,16.33417,27.34509,20.379488,524.21,359.55,27.82399619999999,110.2867712,178,0
7.1982665,27.255096,9794.64,6,4.9195347,6.5702915,16.33417,24.96026,5932.29,524.21,18.688092699999988,107.70710070000001,179,0
14.192433,27.351929,3573.88,6,7.1982665,4.9195347,6.5702915,27.34509,9794.64,5932.29,26.31023419999999,101.52004570000001,180,0
14.301223,26.992798,1365.56,6,14.192433,7.1982665,4.9195347,16.33417,3573.88,9794.64,35.69192249999999,90.86100870000001,181,0
12.434346,26.890778,1097.98,7,14.301223,14.192433,7.1982665,6.5702915,1365.56,3573.88,40.92800199999999,75.9502647,182,0
11.774721,26.252808,747.88,7,12.434346,14.301223,14.192433,4.9195347,1097.98,1365.56,38.51028999999999,71.3908157,183,0
6.2044754,26.960938,880.44,7,11.774721,12.434346,14.301223,7.1982665,747.88,1097.98,30.41354239999999,71.02499960000002,184,0
4.334444,27.63092,756.32,7,6.2044754,11.774721,12.434346,14.192433,880.44,747.88,22.31364039999999,70.4399089,185,0
4.8734555,27.560364,844.94,7,4.334444,6.2044754,11.774721,14.301223,756.32,880.44,15.412374899999989,68.11509790000001,186,0
4.3433423,27.911041,984.94,7,4.8734555,4.334444,6.2044754,12.434346,844.94,756.32,13.551241799999989,58.266007200000004,187,0
7.1232405,28.123444,1223.63,7,4.3433423,4.8734555,4.334444,11.774721,984.94,844.94,16.34003829999999,51.088024700000005,188,0
4.872569,28.415924,1513.52,7,7.1232405,4.3433423,4.8734555,6.2044754,1223.63,984.94,16.33915179999999,43.526247700000006,189,0
8.152723,27.888275,1513.52,7,4.872569,7.1232405,4.3433423,4.334444,1513.52,1223.63,20.14853249999999,39.90424970000001,190,0
10.392408,27.425415,1097.98,7,8.152723,4.872569,7.1232405,4.8734555,1513.52,1513.52,23.41769999999999,44.092182300000005,191,0
15.837688,26.855652,873.67,7,10.392408,8.152723,4.872569,4.3433423,1097.98,1513.52,34.38281899999999,55.5954263,192,0
5.2114496,26.65506,844.94,7,15.837688,10.392408,8.152723,7.1232405,873.67,1097.98,31.44154559999999,55.9334204,193,0
6.447583,26.538086,1771.94,7,5.2114496,15.837688,10.392408,4.872569,844.94,873.67,27.49672059999999,58.03766110000001,194,0
10.208422,26.18985,2047.63,7,6.447583,5.2114496,15.837688,8.152723,1771.94,844.94,21.867454599999988,61.122842600000006,195,0
7.7083864,26.430664,2776.19,7,10.208422,6.447583,5.2114496,10.392408,2047.63,1771.94,24.364391399999988,63.95866000000001,196,0
6.8298936,26.435211,1894.88,7,7.7083864,10.208422,6.447583,15.837688,2776.19,2047.63,24.746701999999992,62.635830600000006,197,0
5.1306667,27.026794,2047.63,7,6.8298936,7.7083864,10.208422,5.2114496,1894.88,2776.19,19.66894669999999,57.3740893,198,0
8.396489,27.34375,1573.13,7,5.1306667,6.8298936,7.7083864,6.447583,2047.63,1894.88,20.357049299999993,49.93289030000001,199,0
8.907666,27.28949,1573.13,7,8.396489,5.1306667,6.8298936,10.208422,1573.13,2047.63,22.434821699999993,53.62910670000001,200,0
11.653513,27.075317,1851.08,7,8.907666,8.396489,5.1306667,7.7083864,1573.13,1573.13,28.95766799999999,58.83503670000001,201,0
17.210793,27.063782,1851.08,7,11.653513,8.907666,8.396489,6.8298936,1851.08,1573.13,37.77197199999999,65.8374077,202,0
18.97568,26.716064,2220.59,7,17.210793,11.653513,8.907666,5.1306667,1851.08,1851.08,47.839985999999996,77.1047013,203,0
9.08535,26.576508,3451.97,7,18.97568,17.210793,11.653513,8.396489,2220.59,1851.08,45.27182299999999,79.3601577,204,0
7.5222754,26.504944,9840.46,7,9.08535,18.97568,17.210793,8.907666,3451.97,2220.59,35.58330539999999,81.75176640000001,205,0
18.304403,26.161499,9840.46,7,7.5222754,9.08535,18.97568,11.653513,9840.46,3451.97,34.9120284,91.65968040000001,206,0
28.435364,25.402863,6521.68,7,18.304403,7.5222754,9.08535,17.210793,9840.46,9840.46,54.2620424,111.1873784,207,1
16.363413,25.965546,5283.32,7,28.435364,18.304403,7.5222754,18.97568,6521.68,9840.46,63.103179999999995,115.8972784,208,0
6.617684,26.41388,3322.99,7,16.363413,28.435364,18.304403,9.08535,5283.32,6521.68,51.41646099999999,105.30416940000002,209,0
22.085218,25.779907,12401.31,7,6.617684,16.363413,28.435364,7.5222754,3322.99,5283.32,45.066314999999996,108.4137074,210,1
37.714577,25.225006,13099.11,7,22.085218,6.617684,16.363413,18.304403,12401.31,3322.99,66.41747899999999,137.0429344,211,1
13.130836,25.328003,12119.69,7,37.714577,22.085218,6.617684,28.435364,13099.11,12401.31,72.93063099999999,142.651495,212,0
4.932481,25.158203,20887.03,8,13.130836,37.714577,22.085218,16.363413,12119.69,13099.11,55.77789399999999,129.279573,213,0
2.9208026,26.37445,20538.5,8,4.932481,13.130836,37.714577,6.617684,20887.03,12119.69,20.984119599999993,103.76501160000002,214,0
3.7214954,27.287903,16131.38,8,2.9208026,4.932481,13.130836,22.085218,20538.5,20887.03,11.574778999999992,91.12309400000001,215,0
11.673783,27.11322,14520.6,8,3.7214954,2.9208026,4.932481,37.714577,16131.38,20538.5,18.316080999999993,96.17919300000001,216,0
9.665311,26.948639,15813.2,8,11.673783,3.7214954,2.9208026,13.130836,14520.6,16131.38,25.060589399999994,83.759286,217,0
10.5836935,26.884277,13066.79,8,9.665311,11.673783,3.7214954,4.932481,15813.2,14520.6,31.9227875,56.62840250000001,218,0
15.273075,26.681183,11006.56,8,10.5836935,9.665311,11.673783,2.9208026,13066.79,15813.2,35.5220795,58.77064150000001,219,0
15.076885,26.18988,10719.55,8,15.273075,10.5836935,9.665311,3.7214954,11006.56,13066.79,40.93365349999999,68.91504550000002,220,0
7.328629,26.879395,8911.06,8,15.076885,15.273075,10.5836935,11.673783,10719.55,11006.56,37.678588999999995,73.32287190000001,221,0
8.580321,27.095825,8560.48,8,7.328629,15.076885,15.273075,9.665311,8911.06,10719.55,30.985834999999994,78.18169750000001,222,0
12.780713,26.542908,8658.59,8,8.580321,7.328629,15.076885,10.5836935,8560.48,8911.06,28.689662999999996,79.28862750000002,223,0
9.9017315,26.352661,6804.36,8,12.780713,8.580321,7.328629,15.273075,8658.59,8560.48,31.262765499999993,79.52504800000001,224,0
4.5361867,27.071014,5932.29,8,9.9017315,12.780713,8.580321,15.076885,6804.36,8658.59,27.218631199999994,73.4775412,225,0
3.548685,27.752289,6804.31,8,4.5361867,9.9017315,12.780713,7.328629,5932.29,6804.36,17.986603199999994,61.75315120000001,226,0
5.88758,28.130005,8486.45,8,3.548685,4.5361867,9.9017315,8.580321,6804.31,5932.29,13.972451699999993,52.56384620000001,227,0
10.2013235,27.30133,4976.73,8,5.88758,3.548685,4.5361867,12.780713,8486.45,6804.31,19.637588499999993,55.43654070000001,228,0
14.148851,26.41275,3451.97,8,10.2013235,5.88758,3.548685,9.9017315,4976.73,8486.45,30.237754499999994,61.00507070000001,229,0
22.998247,25.819855,2722.52,8,14.148851,10.2013235,5.88758,4.5361867,3451.97,4976.73,47.34842149999999,71.2226047,230,1
25.577267,25.612793,2894.88,8,22.998247,14.148851,10.2013235,3.548685,2722.52,3451.97,62.72436499999999,86.8981402,231,1
17.230072,25.462372,3573.88,8,25.577267,22.998247,14.148851,5.88758,2894.88,2722.52,65.80558599999999,99.5920255,232,0
14.354715,25.052887,11859.13,8,17.230072,25.577267,22.998247,10.2013235,3573.88,2894.88,57.16205399999999,110.3980555,233,0
3.632671,25.633118,13099.11,8,14.354715,17.230072,25.577267,14.148851,11859.13,3573.88,35.21745799999999,108.1431465,234,0
1.5665569,26.576263,10088.4,8,3.632671,14.354715,17.230072,22.998247,13099.11,11859.13,19.553942899999992,99.5083799,235,0
2.145407,27.025696,12119.69,8,1.5665569,3.632671,14.354715,25.577267,10088.4,13099.11,7.344634899999993,87.5049359,236,0
1.6294703,27.134369,10887.87,8,2.145407,1.5665569,3.632671,17.230072,12119.69,10088.4,5.341434199999993,66.1361592,237,0
2.9165885,26.959473,8911.06,8,1.6294703,2.145407,1.5665569,14.354715,10887.87,12119.69,6.6914657999999925,43.475480700000006,238,0
18.544853,25.719513,8154.1,8,2.9165885,1.6294703,2.145407,3.632671,8911.06,10887.87,23.090911799999994,44.79026170000001,239,0
23.865768,24.754608,3837.72,8,18.544853,2.9165885,1.6294703,1.5665569,8154.1,8911.06,45.327209499999995,54.301314700000006,240,1
10.649408,25.578552,3453.64,8,23.865768,18.544853,2.9165885,2.145407,3837.72,8154.1,53.06002899999999,61.318051700000005,241,0
1.2056597,27.162964,4213.43,8,10.649408,23.865768,18.544853,1.6294703,3453.64,3837.72,35.720835699999995,60.9571545,242,0
1.4644612,27.559235,8560.48,8,1.2056597,10.649408,23.865768,2.9165885,4213.43,3453.64,13.319528899999993,60.276208700000005,243,0
5.747702,28.097656,14031.43,9,1.4644612,1.2056597,10.649408,18.544853,8560.48,4213.43,8.417822899999994,64.39444040000001,244,0
12.343018,26.962158,12241.0,9,5.747702,1.4644612,1.2056597,23.865768,14031.43,8560.48,19.555181199999993,73.8208699,245,0
12.184624,26.234497,8805.0,9,12.343018,5.747702,1.4644612,10.649408,12241.0,14031.43,30.275343999999997,67.4606409,246,0
1.9219668,26.979675,6953.0,9,12.184624,12.343018,5.747702,1.2056597,8805.0,12241.0,26.449608799999996,45.516839700000006,247,0
1.7977457,27.624695,4213.43,9,1.9219668,12.184624,12.343018,1.4644612,6953.0,8805.0,15.904336499999994,36.665177400000005,248,0
6.935039,27.225525,4976.73,9,1.7977457,1.9219668,12.184624,5.747702,4213.43,6953.0,10.654751499999994,42.39455670000001,249,0
9.21915,26.956665,4976.73,9,6.935039,1.7977457,1.9219668,12.343018,4976.73,4213.43,17.951934699999995,50.149245500000006,250,0
10.772231,26.534119,2894.88,9,9.21915,6.935039,1.7977457,12.184624,4976.73,4976.73,26.926419999999993,55.17377450000001,251,0
8.177243,26.321564,1945.03,9,10.772231,9.21915,6.935039,1.9219668,2894.88,4976.73,28.168623999999994,51.007999500000004,252,0
6.7896414,27.03479,2360.52,9,8.177243,10.772231,9.21915,1.7977457,1945.03,2894.88,25.739115399999996,45.61301690000001,253,0
4.3345213,27.330566,2152.82,9,6.7896414,8.177243,10.772231,6.935039,2360.52,1945.03,19.301405699999997,48.025571400000004,254,0
2.7220547,27.631836,1962.96,9,4.3345213,6.7896414,8.177243,9.21915,2152.82,2360.52,13.846217399999993,48.94988040000001,255,0
4.660628,27.880524,1771.94,9,2.7220547,4.3345213,6.7896414,10.772231,1962.96,2152.82,11.717203999999995,46.67546940000001,256,0
5.2006426,27.460388,1478.53,9,4.660628,2.7220547,4.3345213,8.177243,1771.94,1962.96,12.583325299999995,42.65696200000001,257,0
5.5192413,27.048248,1325.87,9,5.2006426,4.660628,2.7220547,6.7896414,1478.53,1771.94,15.380511899999995,37.40397230000001,258,0
8.980458,26.869446,1197.12,9,5.5192413,5.2006426,4.660628,4.3345213,1325.87,1478.53,19.700341899999994,38.20718730000001,259,0
8.307585,26.67627,1156.04,9,8.980458,5.5192413,5.2006426,2.7220547,1197.12,1325.87,22.807284299999992,39.72513090000001,260,0
13.287529,26.644714,1196.0,9,8.307585,8.980458,5.5192413,4.660628,1156.04,1197.12,30.575571999999994,48.67813860000001,261,0
17.41636,25.851685,1341.92,9,13.287529,8.307585,8.980458,5.2006426,1196.0,1156.04,39.01147399999999,63.37244390000001,262,0
14.52289,25.603699,1573.13,9,17.41636,13.287529,8.307585,5.5192413,1341.92,1196.0,45.22677899999999,73.23470590000001,263,0
12.581188,25.837555,2894.88,9,14.52289,17.41636,13.287529,8.980458,1573.13,1341.92,44.52043799999999,80.61525130000001,264,0
4.0837793,25.933868,3237.91,9,12.581188,14.52289,17.41636,8.307585,2894.88,1573.13,31.18785729999999,79.17978930000001,265,0
0.68742186,26.901978,5865.35,9,4.0837793,12.581188,14.52289,13.287529,3237.91,2894.88,17.35238915999999,70.88675316000001,266,0
0.7886471,27.332397,5867.42,9,0.68742186,4.0837793,12.581188,17.41636,5865.35,3237.91,5.559848259999993,63.36781526,267,0
1.5213046,27.669403,5821.3,9,0.7886471,0.68742186,4.0837793,14.52289,5867.42,5865.35,2.9973735599999927,51.60159086000001,268,0
3.1615908,27.602966,5253.32,9,1.5213046,0.7886471,0.68742186,12.581188,5821.3,5867.42,5.471542499999993,37.34682166,269,0
10.199053,27.086853,4297.63,9,3.1615908,1.5213046,0.7886471,4.0837793,5253.32,5821.3,14.881948399999992,33.022984660000006,270,0
17.429558,26.275238,2922.96,9,10.199053,3.1615908,1.5213046,0.68742186,4297.63,5253.32,30.79020179999999,37.87135466000001,271,0
15.682526,25.800842,2894.58,9,17.429558,10.199053,3.1615908,0.7886471,2922.96,4297.63,43.31113699999999,49.47010136,272,0
22.231888,25.44809,2776.19,9,15.682526,17.429558,10.199053,1.5213046,2894.58,2922.96,55.343971999999994,71.0145675,273,1
20.958792,25.081879,2775.18,10,22.231888,15.682526,17.429558,3.1615908,2776.19,2894.58,58.873205999999996,91.18471240000001,274,1
12.328684,25.653961,5932.29,10,20.958792,22.231888,15.682526,10.199053,2775.18,2776.19,55.519363999999996,101.99209180000001,275,0
10.363615,25.81897,10396.7,10,12.328684,20.958792,22.231888,17.429558,5932.29,2775.18,43.651090999999994,109.19411600000001,276,0
6.4361115,25.97647,11859.13,10,10.363615,12.328684,20.958792,15.682526,10396.7,5932.29,29.128410499999994,105.43117450000001,277,0
6.176982,26.404846,9794.64,10,6.4361115,10.363615,12.328684,22.231888,11859.13,10396.7,22.97670849999999,94.17859850000002,278,0
3.9888718,26.78888,8486.45,10,6.176982,6.4361115,10.363615,20.958792,9794.64,11859.13,16.601965299999993,82.48494430000001,279,0
9.189066,26.259094,10719.55,10,3.9888718,6.176982,6.4361115,12.328684,8486.45,9794.64,19.354919799999994,69.44212230000001,280,0
10.941679,25.690125,10742.97,10,9.189066,3.9888718,6.176982,10.363615,10719.55,8486.45,24.119616799999996,59.425009300000006,281,0
10.960882,25.541077,4976.73,10,10.941679,9.189066,3.9888718,6.4361115,10742.97,10719.55,31.091626999999995,58.05720730000001,282,0
5.58781,25.643555,12241.67,10,10.960882,10.941679,9.189066,6.176982,4976.73,10742.97,27.490370999999993,53.2814023,283,0
9.460695,26.210571,16259.53,10,5.58781,10.960882,10.941679,3.9888718,12241.67,4976.73,26.009386999999993,56.30598580000001,284,0
46.40527,25.15683,19051.14,10,9.460695,5.58781,10.960882,9.189066,16259.53,12241.67,61.45377499999999,96.53427380000001,285,1
35.356365,24.791595,13973.62,10,46.40527,9.460695,5.58781,10.941679,19051.14,16259.53,91.22233,127.901767,286,1
2.1867752,24.918365,18486.88,10,35.356365,46.40527,9.460695,10.960882,13973.62,19051.14,83.9484102,120.89947620000001,287,0
0.31641567,25.345215,10775.16,10,2.1867752,35.356365,46.40527,5.58781,18486.88,13973.62,37.85955586999999,110.27421287,288,0
0.29539892,25.823608,9794.64,10,0.31641567,2.1867752,35.356365,9.460695,10775.16,18486.88,2.7985897899999927,99.60872979,289,0
0.44613445,25.742737,5821.3,10,0.29539892,0.31641567,2.1867752,46.40527,9794.64,10775.16,1.057949039999993,94.46705424,290,0
0.29324478,25.918335,4297.68,10,0.44613445,0.29539892,0.31641567,35.356365,5821.3,9794.64,1.0347781499999928,85.29960402,291,0
0.7172427,26.059814,3603.22,10,0.29324478,0.44613445,0.29539892,2.1867752,4297.68,5821.3,1.4566219299999927,39.61157672,292,0
4.7901645,25.876648,2531.97,10,0.7172427,0.29324478,0.44613445,0.31641567,3603.22,4297.68,5.800651979999993,9.045376220000009,293,0
15.179796,24.626617,1851.08,10,4.7901645,0.7172427,0.29324478,0.29539892,2531.97,3603.22,20.687203199999992,22.03839702000001,294,0
13.307038,24.193634,1945.03,10,15.179796,4.7901645,0.7172427,0.44613445,1851.08,2531.97,33.27699849999999,35.029019350000006,295,0
20.278086,24.09552,2360.52,10,13.307038,15.179796,4.7901645,0.29324478,1945.03,1851.08,48.76491999999999,55.01170643000001,296,1
21.806744,23.75238,4803.82,10,20.278086,13.307038,15.179796,0.7172427,2360.52,1945.03,55.391867999999995,76.37231598000001,297,1
31.680279,23.736572,8154.1,10,21.806744,20.278086,13.307038,4.7901645,4803.82,2360.52,73.765109,107.75935020000001,298,1
19.426586,23.619812,10719.55,10,31.680279,21.806744,20.278086,15.179796,8154.1,4803.82,72.913609,126.46869350000001,299,0
17.944359,23.460358,6953.71,10,19.426586,31.680279,21.806744,13.307038,10719.55,8154.1,69.05122399999999,139.62288800000002,300,0
0.78093696,24.262146,8911.06,10,17.944359,19.426586,31.680279,20.278086,6953.71,10719.55,38.15188196,125.22402896,301,0
0.05738651,24.13031,8397.41,10,0.78093696,17.944359,19.426586,21.806744,8911.06,6953.71,18.782682469999994,111.97437747000001,302,0
0.09652082,23.629639,5868.35,10,0.05738651,0.78093696,17.944359,31.680279,8397.41,8911.06,0.9348442899999965,91.79281229,303,0
1.7628984,23.438385,6521.68,10,0.09652082,0.05738651,0.78093696,19.426586,5868.35,8397.41,1.9168057299999965,71.74896669,304,0
0.030409869,23.646423,3603.22,11,1.7628984,0.09652082,0.05738651,17.944359,6521.68,5868.35,1.8898290889999967,40.09909755900001,305,0
0.01583997,23.791565,1513.52,11,0.030409869,1.7628984,0.09652082,0.78093696,3603.22,6521.68,1.8091482389999964,20.688351529000006,306,0
0.012255276,23.722046,1771.94,11,0.01583997,0.030409869,1.7628984,0.05738651,1513.52,3603.22,0.058505114999996444,2.756247805000007,307,0
0.038921133,23.45337,1513.52,11,0.012255276,0.01583997,0.030409869,0.09652082,1771.94,1513.52,0.06701637899999643,2.0142319780000073,308,0
0.06743487,23.066193,1569.36,11,0.038921133,0.012255276,0.01583997,1.7628984,1513.52,1771.94,0.11861127899999645,2.024280338000007,309,0
0.062021367,22.899414,1163.58,11,0.06743487,0.038921133,0.012255276,0.030409869,1569.36,1513.52,0.16837736999999645,1.9897808850000072,310,0
0.05134246,22.71463,1156.04,11,0.062021367,0.06743487,0.038921133,0.01583997,1163.58,1569.36,0.18079869699999646,0.2782249450000071,311,0
0.009190055,22.501984,1097.98,11,0.05134246,0.062021367,0.06743487,0.012255276,1156.04,1163.58,0.12255388199999646,0.2570051310000071,312,0
0.00077976903,22.33014,1097.98,11,0.009190055,0.05134246,0.062021367,0.038921133,1097.98,1156.04,0.06131228402999646,0.2419449300300071,313,0
0.001114116,21.894226,984.98,11,0.00077976903,0.009190055,0.05134246,0.06743487,1097.98,1097.98,0.011083940029996462,0.2308037700300071,314,0
0.0,21.105652,873.67,11,0.001114116,0.00077976903,0.009190055,0.062021367,984.98,1097.98,0.0018938850299964611,0.1918826370300071,315,0
0.0,20.57428,855.16,11,0.0,0.001114116,0.00077976903,0.05134246,873.67,984.98,0.0011141159999964612,0.12444776703000711,316,0
0.00018736895,20.080566,984.94,11,0.0,0.0,0.001114116,0.009190055,855.16,873.67,0.00018736894999646118,0.0626137689800071,317,0
3.3659097e-05,19.628693,855.16,11,0.00018736895,0.0,0.0,0.00077976903,984.94,855.16,0.00022102804699646118,0.011304968077007106,318,0
0.018530453,19.753174,756.32,11,3.3659097e-05,0.00018736895,0.0,0.001114116,855.16,984.94,0.01875148104699646,0.020645366077007104,319,0
0.24186301,21.006409,747.88,11,0.018530453,3.3659097e-05,0.00018736895,0.0,756.32,855.16,0.2604271220969965,0.26172860704700707,320,0
0.0053506736,22.26181,984.98,11,0.24186301,0.018530453,3.3659097e-05,0.0,747.88,756.32,0.26574413659999646,0.2659651646470071,321,0
0.0,21.818878,1097.98,11,0.0053506736,0.24186301,0.018530453,0.00018736895,984.98,747.88,0.24721368359999646,0.2659651646470071,322,0
0.013892231,21.37259,873.67,11,0.0,0.0053506736,0.24186301,3.3659097e-05,1097.98,984.98,0.019242904599996474,0.27985739564700707,323,0
0.12019663,21.179108,855.16,11,0.013892231,0.0,0.0053506736,0.018530453,873.67,1097.98,0.13408886099999648,0.3998666566970071,324,0
1.9452791,21.342407,756.32,11,0.12019663,0.013892231,0.0,0.24186301,855.16,873.67,2.0793679609999964,2.345112097600007,325,0
0.5152096,22.253479,747.88,11,1.9452791,0.12019663,0.013892231,0.0053506736,756.32,855.16,2.5806853299999966,2.841791244600007,326,0
0.09599573,23.492615,556.64,11,0.5152096,1.9452791,0.12019663,0.0,747.88,756.32,2.5564844299999967,2.6959239646000075,327,0
0.3025627,23.527039,556.64,11,0.09599573,0.5152096,1.9452791,0.013892231,556.64,747.88,0.9137680299999965,2.993135991000007,328,0
0.015684016,22.257568,545.64,11,0.3025627,0.09599573,0.5152096,0.12019663,556.64,556.64,0.4142424459999965,3.0088200070000073,329,0
0.0029878055,21.195007,556.64,11,0.015684016,0.3025627,0.09599573,1.9452791,545.64,556.64,0.3212345214999965,2.997915581500007,330,0
0.020497266,20.93216,556.64,11,0.0029878055,0.015684016,0.3025627,0.5152096,556.64,545.64,0.039169087499996445,2.898216217500007,331,0
0.25955984,22.043732,545.64,11,0.020497266,0.0029878055,0.015684016,0.09599573,556.64,556.64,0.28304491149999644,1.212496957500007,332,0
0.080334164,23.623962,545.64,11,0.25955984,0.020497266,0.0029878055,0.3025627,545.64,556.64,0.36039126999999643,0.7776215215000071,333,0
0.17729591,23.55008,524.21,11,0.080334164,0.25955984,0.020497266,0.015684016,545.64,545.64,0.5171899139999965,0.858921701500007,334,0
0.13685115,22.173767,488.04,12,0.17729591,0.080334164,0.25955984,0.0029878055,524.21,545.64,0.3944812239999964,0.6932101515000071,335,0
0.008497799,21.32306,431.47,12,0.13685115,0.17729591,0.080334164,0.020497266,488.04,524.21,0.32264485899999645,0.686023934500007,336,0
0.0023258436,20.661163,454.61,12,0.008497799,0.13685115,0.17729591,0.25955984,431.47,488.04,0.14767479259999644,0.6853619726000071,337,0
1.1219697e-06,20.09378,431.47,12,0.0023258436,0.008497799,0.13685115,0.080334164,454.61,431.47,0.010824764569696447,0.664865828569707,338,0
1.34636375e-05,19.330322,375.44,12,1.1219697e-06,0.0023258436,0.008497799,0.17729591,431.47,454.61,0.0023404292071964473,0.4053194522072071,339,0
0.0,18.47644,359.55,12,1.34636375e-05,1.1219697e-06,0.0023258436,0.13685115,375.44,431.47,1.4585607196447287e-05,0.3249852882072071,340,0
1.1219697e-06,18.560883,337.17,12,0.0,1.34636375e-05,1.1219697e-06,0.008497799,359.55,375.44,1.4585607196447287e-05,0.1476905001769071,341,0
0.002231598,18.788452,375.44,12,1.1219697e-06,0.0,1.34636375e-05,0.0023258436,337.17,359.55,0.0022327199696964475,0.013070948176907106,342,0
0.32802808,19.060577,333.39,12,0.002231598,1.1219697e-06,0.0,1.1219697e-06,375.44,337.17,0.33026079996969643,0.3326012291769071,343,0
2.3979917,19.828125,303.07,12,0.32802808,0.002231598,1.1219697e-06,1.34636375e-05,333.39,375.44,2.7282513779999964,2.728267085576907,344,0
0.10954015,19.980713,303.69,12,2.3979917,0.32802808,0.002231598,0.0,303.07,333.39,2.8355599299999965,2.8378061136072072,345,0
0.00045215382,19.18512,267.04,12,0.10954015,2.3979917,0.32802808,1.1219697e-06,303.69,303.07,2.5079840038199963,2.8382448037897072,346,0
0.0,18.859497,259.45,12,0.00045215382,0.10954015,2.3979917,0.002231598,267.04,303.69,0.10999230381999645,2.8382448037897072,347,0
3.3659094e-06,18.919067,249.47,12,0.0,0.00045215382,0.10954015,0.32802808,259.45,267.04,0.00045551972939644725,2.838247047729407,348,0
0.00019522273,18.573242,209.97,12,3.3659094e-06,0.0,0.00045215382,2.3979917,249.47,259.45,0.0001985886393964473,2.836210672459407,349,0
2.9171215e-05,18.716614,203.86,12,0.00019522273,3.3659094e-06,0.0,0.10954015,209.97,249.47,0.0002277598543964473,2.508211763674407,350,0
0.00018512501,18.89273,196.14,12,2.9171215e-05,0.00019522273,3.3659094e-06,0.00045215382,203.86,209.97,0.00040951895499644726,0.1104051886844071,351,0
0.00039493336,18.634125,190.04,12,0.00018512501,2.9171215e-05,0.00019522273,0.0,196.14,203.86,0.0006092295849964473,0.0012599720444071054,352,0
0.0005699607,19.241364,185.07,12,0.00039493336,0.00018512501,2.9171215e-05,3.3659094e-06,190.04,196.14,0.0011500190699964474,0.0013777789244071054,353,0
0.018298205,19.904419,184.46,12,0.0005699607,0.00039493336,0.00018512501,0.00019522273,185.07,190.04,0.019263099059996448,0.019675983924407107,354,0
0.025144465,20.580933,181.68,12,0.018298205,0.0005699607,0.00039493336,2.9171215e-05,184.46,185.07,0.04401263069999645,0.04481708301500711,355,0
0.001743541,20.806671,177.67,12,0.025144465,0.018298205,0.0005699607,0.00018512501,181.68,184.46,0.045186210999996444,0.04636540128500711,356,0
0.0010950426,20.710968,177.67,12,0.001743541,0.025144465,0.018298205,0.00039493336,177.67,181.68,0.02798304859999645,0.04743127267000711,357,0
6.7318186e-05,20.41449,174.98,12,0.0010950426,0.001743541,0.025144465,0.0005699607,177.67,177.67,0.0029059017859964474,0.047313465846007104,358,0
0.0015696357,19.895416,174.98,12,6.7318186e-05,0.0010950426,0.001743541,0.018298205,174.98,177.67,0.0027319964859964475,0.04848816818600711,359,0
0.00065298646,19.336182,174.98,12,0.0015696357,6.7318186e-05,0.0010950426,0.025144465,174.98,174.98,0.0022899403459964475,0.048571193946007105,360,0
3.2537122e-05,19.437195,171.71,12,0.00065298646,0.0015696357,6.7318186e-05,0.001743541,174.98,174.98,0.0022551592819964475,0.030305526068007106,361,0
3.926894e-05,19.865143,174.98,12,3.2537122e-05,0.00065298646,0.0015696357,0.0010950426,171.71,174.98,0.0007247925219964473,0.005200330008007106,362,0
0.0003534205,20.1828,171.82,12,3.926894e-05,3.2537122e-05,0.00065298646,6.7318186e-05,174.98,171.71,0.00042522656199644733,0.0038102095080071053,363,0
0.0009110395,19.90738,174.98,12,0.0003534205,3.926894e-05,3.2537122e-05,0.0015696357,171.82,174.98,0.0013037289399964473,0.0036262064080071054,364,0
0.0001077091,19.875305,177.67,12,0.0009110395,0.0003534205,3.926894e-05,0.00065298646,174.98,171.82,0.0013721690999964474,0.003666597322007105,365,0
0.000594644,20.282959,177.67,1,0.0001077091,0.0009110395,0.0003534205,3.2537122e-05,177.67,174.98,0.0016133925999964474,0.0026916056220071052,1,0
0.00036912807,20.320068,174.98,1,0.000594644,0.0001077091,0.0009110395,3.926894e-05,177.67,177.67,0.0010714811699964475,0.0024077472320071054,2,0
0.0007203046,19.862732,177.67,1,0.00036912807,0.000594644,0.0001077091,0.0003534205,174.98,177.67,0.0016840766699964473,0.003095514710007106,3,0
0.005682777,19.787964,181.68,1,0.0007203046,0.00036912807,0.000594644,0.0009110395,177.67,174.98,0.006772209669996447,0.008739022770007106,4,0
0.13480692,20.584137,177.67,1,0.005682777,0.0007203046,0.00036912807,0.0001077091,181.68,177.67,0.14121000159999644,0.14319252227000712,5,0
0.23481369,20.427856,174.06,1,0.13480692,0.005682777,0.0007203046,0.000594644,177.67,181.68,0.37530338699999644,0.37709517277000715,6,0
0.12787987,19.833923,171.71,1,0.23481369,0.13480692,0.005682777,0.00036912807,174.06,177.67,0.4975004799999964,0.5048673336700071,7,0
0.028110955,19.7406,164.63,1,0.12787987,0.23481369,0.13480692,0.0007203046,171.71,174.06,0.3908045149999964,0.5323836446700071,8,0
0.0035521563,20.155151,164.63,1,0.028110955,0.12787987,0.23481369,0.005682777,164.63,171.71,0.15954298129999644,0.5355666729000071,9,0
0.022333931,20.779114,161.72,1,0.0035521563,0.028110955,0.12787987,0.13480692,164.63,164.63,0.05399704229999645,0.5571802993000071,10,0
0.2586993,20.711517,161.72,1,0.022333931,0.0035521563,0.028110955,0.23481369,161.72,164.63,0.2845853872999965,0.8101968223000071,11,0
0.073013306,20.364777,159.09,1,0.2586993,0.022333931,0.0035521563,0.12787987,161.72,161.72,0.3540465369999965,0.7484032083000072,12,0
0.04653931,19.885895,159.09,1,0.073013306,0.2586993,0.022333931,0.028110955,159.09,161.72,0.37825191599999647,0.5601288283000071,13,0
0.043485306,20.00232,157.26,1,0.04653931,0.073013306,0.2586993,0.0035521563,159.09,159.09,0.16303792199999645,0.4757342643000071,14,0
0.055013545,20.416138,157.26,1,0.043485306,0.04653931,0.073013306,0.022333931,157.26,159.09,0.14503816099999645,0.502636854300007,15,0
0.15219633,20.82257,164.63,1,0.055013545,0.043485306,0.04653931,0.2586993,157.26,157.26,0.25069518099999644,0.6512810280000071,16,0
0.13023826,21.021729,164.03,1,0.15219633,0.055013545,0.043485306,0.073013306,164.63,157.26,0.33744813499999643,0.7591853570000071,17,0
0.3889252,20.687042,168.29,1,0.13023826,0.15219633,0.055013545,0.04653931,164.03,164.63,0.6713597899999965,0.8894112570000071,18,0
0.11675105,21.071564,171.71,1,0.3889252,0.13023826,0.15219633,0.043485306,168.29,164.03,0.6359145099999964,0.9331490010000071,19,0
0.035820004,21.11499,209.97,1,0.11675105,0.3889252,0.13023826,0.055013545,171.71,168.29,0.5414962539999966,0.9224296950000072,20,0
0.027724994,20.655396,267.04,1,0.035820004,0.11675105,0.3889252,0.15219633,209.97,171.71,0.18029604799999643,0.9066693830000071,21,0
0.014732585,20.4198,284.66,1,0.027724994,0.035820004,0.11675105,0.13023826,267.04,209.97,0.07827758299999645,0.8663884230000071,22,0
0.0036385478,20.67456,149.47,1,0.014732585,0.027724994,0.035820004,0.3889252,284.66,267.04,0.046096126799996445,0.7178306408000071,23,0
0.007511588,20.988708,209.97,1,0.0036385478,0.014732585,0.027724994,0.11675105,149.47,284.66,0.025882720799996446,0.5951039688000072,24,0
0.00025132124,21.0737,133.03,1,0.007511588,0.0036385478,0.014732585,0.035820004,209.97,149.47,0.011401457039996447,0.2064300900400071,25,0
0.00041625078,20.810669,130.02,1,0.00025132124,0.007511588,0.0036385478,0.027724994,133.03,209.97,0.008179160019996447,0.09009529082000711,26,0
0.0025872623,19.855316,130.02,1,0.00041625078,0.00025132124,0.007511588,0.014732585,130.02,133.03,0.003254834319996447,0.05686254912000711,27,0
0.0002457114,19.59085,129.46,1,0.0025872623,0.00041625078,0.00025132124,0.0036385478,130.02,130.02,0.0032492244799964473,0.029383266520007105,28,0
8.190379e-05,19.695557,130.02,1,0.0002457114,0.0025872623,0.00041625078,0.007511588,129.46,130.02,0.0029148774899964472,0.014732585310007104,29,0
0.0,19.918518,133.03,1,8.190379e-05,0.0002457114,0.0025872623,0.00025132124,130.02,129.46,0.0003276151899964473,0.011094037510007104,30,0
5.609849e-06,19.92749,141.63,1,0.0,8.190379e-05,0.0002457114,0.00041625078,133.03,130.02,8.75136389964473e-05,0.0035880593590071055,31,0
0.00021766215,20.177185,146.52,2,5.609849e-06,0.0,8.190379e-05,0.0025872623,141.63,133.03,0.0002232719989964473,0.0035544002690071053,32,0
0.0,20.443726,141.63,2,0.00021766215,5.609849e-06,0.0,0.0002457114,146.52,141.63,0.0002232719989964473,0.0031381494890071054,33,0
5.609849e-06,21.206238,149.06,2,0.0,0.00021766215,5.609849e-06,8.190379e-05,141.63,146.52,0.0002232719989964473,0.0005564970380071054,34,0
2.0195454e-05,22.134766,152.96,2,5.609849e-06,0.0,0.00021766215,0.0,149.06,141.63,2.5805302996447286e-05,0.00033098109200710543,35,0
0.00049478863,22.805359,190.04,2,2.0195454e-05,5.609849e-06,0.0,5.609849e-06,152.96,149.06,0.0005205939329964473,0.0007438659320071054,36,0
0.0002154182,23.308044,196.14,2,0.00049478863,2.0195454e-05,5.609849e-06,0.00021766215,190.04,152.96,0.0007304022839964472,0.0009592841320071055,37,0
0.0010299681,24.164307,203.86,2,0.0002154182,0.00049478863,2.0195454e-05,0.0,196.14,190.04,0.0017401749299964472,0.0019836423830071055,38,0
0.0,24.504578,204.49,2,0.0010299681,0.0002154182,0.00049478863,5.609849e-06,203.86,196.14,0.0012453862999964472,0.0017659802330071055,39,0
1.34636375e-05,24.404358,157.26,2,0.0,0.0010299681,0.0002154182,2.0195454e-05,204.49,203.86,0.0010434317374964472,0.0017794438705071055,40,0
0.005426968,23.465393,157.26,2,1.34636375e-05,0.0,0.0010299681,0.00049478863,157.26,204.49,0.005440431637496447,0.007200802021507106,41,0
0.1899147,22.807312,154.63,2,0.005426968,1.34636375e-05,0.0,0.0002154182,157.26,157.26,0.19535513163749643,0.1970953065675071,42,0
0.16067617,22.178406,152.96,2,0.1899147,0.005426968,1.34636375e-05,0.0010299681,154.63,157.26,0.3560178379999964,0.3572766879375071,43,0
0.09998097,23.229126,152.96,2,0.16067617,0.1899147,0.005426968,0.0,152.96,154.63,0.4505718399999964,0.4570422397375071,44,0
0.19196904,23.520386,146.52,2,0.09998097,0.16067617,0.1899147,1.34636375e-05,152.96,152.96,0.45262617999999644,0.6479813116375072,45,0
4.269123,22.242065,146.52,2,0.19196904,0.09998097,0.16067617,0.005426968,146.52,152.96,4.561073009999996,4.917104311637507,46,0
8.854645,19.707275,141.63,2,4.269123,0.19196904,0.09998097,0.1899147,146.52,146.52,13.315737039999995,13.771735848000006,47,0
0.10775398,18.971436,190.04,2,8.854645,4.269123,0.19196904,0.16067617,141.63,146.52,13.231521979999997,13.874062860000008,48,0
5.1610612e-05,18.834229,184.46,2,0.10775398,8.854645,4.269123,0.09998097,190.04,141.63,8.962450590611995,13.684199770612008,49,0
6.7318188e-06,20.068512,181.68,2,5.1610612e-05,0.10775398,8.854645,0.19196904,184.46,190.04,0.10781232243079822,13.523530332430807,50,0
2.8049244e-05,21.170227,157.26,2,6.7318188e-06,5.1610612e-05,0.10775398,4.269123,181.68,184.46,8.639167479822365e-05,13.423577411674808,51,0
0.0002558091,22.736877,154.63,2,2.8049244e-05,6.7318188e-06,5.1610612e-05,8.854645,157.26,181.68,0.00029059016279822365,13.231864180774807,52,0
1.4707768,23.764832,151.75,2,0.0002558091,2.8049244e-05,6.7318188e-06,0.10775398,154.63,157.26,1.4710606583439982,10.433517980774807,53,0
1.2590936,22.767395,209.97,2,1.4707768,0.0002558091,2.8049244e-05,5.1610612e-05,151.75,154.63,2.730126209099998,2.837966580774809,54,0
0.088320345,23.489258,249.47,2,1.2590936,1.4707768,0.0002558091,6.7318188e-06,209.97,151.75,2.818190744999998,2.818532945774809,55,0
0.1708199,24.15683,337.17,2,0.088320345,1.2590936,1.4707768,2.8049244e-05,249.47,209.97,1.5182338449999981,2.9893012351628085,56,0
0.4262184,24.206085,333.49,2,0.1708199,0.088320345,1.2590936,0.0002558091,337.17,249.47,0.6853586449999982,3.415512903344009,57,0
1.1927493,23.533905,168.29,2,0.4262184,0.1708199,0.088320345,1.4707768,333.49,337.17,1.7897875999999981,4.608234154100009,58,0
1.4510223,22.167755,167.68,2,1.1927493,0.4262184,0.1708199,1.2590936,168.29,333.49,3.069989999999998,6.059000645000009,59,0
1.3021278,22.782654,196.14,3,1.4510223,1.1927493,0.4262184,0.088320345,167.68,168.29,3.9458993999999983,5.890351645000009,60,0
0.63931525,22.635864,163.29,3,1.3021278,1.4510223,1.1927493,0.1708199,196.14,167.68,3.3924653499999984,5.270573295000009,61,0
1.7126666,22.904175,209.97,3,0.63931525,1.3021278,1.4510223,0.4262184,163.29,196.14,3.6541096499999983,6.89491955000001,62,0
12.302305,20.184021,375.44,3,1.7126666,0.63931525,1.3021278,1.1927493,209.97,163.29,14.654286849999998,19.02640465000001,63,0
0.34328124,21.894104,196.14,3,12.302305,1.7126666,0.63931525,1.4510223,375.44,209.97,14.358252839999999,18.94346749000001,64,0
1.4933676,22.493958,203.86,3,0.34328124,12.302305,1.7126666,1.3021278,196.14,375.44,14.13895384,19.24408579000001,65,0
0.53648674,23.28891,209.97,3,1.4933676,0.34328124,12.302305,0.63931525,203.86,196.14,2.3731355799999982,18.32955023000001,66,0
0.77134746,23.947418,196.14,3,0.53648674,1.4933676,0.34328124,1.7126666,209.97,203.86,2.801201799999998,17.79876989000001,67,0
2.346822,23.72406,196.14,3,0.77134746,0.53648674,1.4933676,12.302305,196.14,209.97,3.654656199999998,19.50627664000001,68,0
1.8676994,22.610168,203.86,3,2.346822,0.77134746,0.53648674,0.34328124,196.14,196.14,4.985868859999998,19.66130944000001,69,0
0.120681316,24.63504,234.66,3,1.8676994,2.346822,0.77134746,1.4933676,203.86,196.14,4.335202715999998,7.479685756000011,70,0
0.17486909,25.45642,196.14,3,0.120681316,1.8676994,2.346822,0.53648674,234.66,203.86,2.1632498059999983,7.311273606000011,71,0
0.46467724,25.319092,177.67,3,0.17486909,0.120681316,1.8676994,0.77134746,196.14,234.66,0.7602276459999981,6.28258324600001,72,0
0.24163637,25.940704,168.29,3,0.46467724,0.17486909,0.120681316,2.346822,177.67,196.14,0.8811826999999982,5.987732876000011,73,0
0.11203766,26.75238,241.47,3,0.24163637,0.46467724,0.17486909,1.8676994,168.29,177.67,0.8183512699999983,5.328423076000011,74,0
0.023280872,27.062378,203.86,3,0.11203766,0.24163637,0.46467724,0.120681316,241.47,168.29,0.3769549019999982,3.0048819480000106,75,0
3.4781064e-05,27.372864,190.04,3,0.023280872,0.11203766,0.24163637,0.17486909,203.86,241.47,0.13535331306399823,1.1372173290640106,76,0
0.019895889,28.073181,209.97,3,3.4781064e-05,0.023280872,0.11203766,0.46467724,190.04,203.86,0.04321154206399823,1.0364319020640107,77,0
0.03489326,28.081482,159.09,3,0.019895889,3.4781064e-05,0.023280872,0.24163637,209.97,190.04,0.05482393006399822,0.8964560720640106,78,0
0.032860253,27.434479,192.78,3,0.03489326,0.019895889,3.4781064e-05,0.11203766,159.09,209.97,0.08764940199999822,0.46463908506401064,79,0
0.07438548,27.497131,177.67,3,0.032860253,0.03489326,0.019895889,0.023280872,192.78,159.09,0.14213899299999821,0.29738819506401065,80,0
0.5030913,27.801636,196.14,3,0.07438548,0.032860253,0.03489326,3.4781064e-05,177.67,192.78,0.6103370329999982,0.6884418350640107,81,0
0.13552272,27.87967,194.19,3,0.5030913,0.07438548,0.032860253,0.019895889,196.14,177.67,0.7129994999999982,0.8006836830640106,82,0
0.18606634,28.28061,161.72,3,0.13552272,0.5030913,0.07438548,0.03489326,194.19,196.14,0.8246803599999981,0.9867152420000107,83,0
0.2705271,27.876709,192.78,3,0.18606634,0.13552272,0.5030913,0.032860253,161.72,194.19,0.5921161599999982,1.2373464530000107,84,0
0.05223779,29.225128,154.63,3,0.2705271,0.18606634,0.13552272,0.07438548,192.78,161.72,0.5088312299999982,1.2546909830000106,85,0
0.020201067,29.984009,177.67,3,0.05223779,0.2705271,0.18606634,0.5030913,154.63,192.78,0.34296595699999827,1.2420317970000108,86,0
0.0058903415,30.578918,174.06,3,0.020201067,0.05223779,0.2705271,0.13552272,177.67,154.63,0.07832919849999823,1.1735366585000107,87,0
0.0012846553,30.953766,165.24,3,0.0058903415,0.020201067,0.05223779,0.18606634,174.06,177.67,0.027376063799998223,0.6717300138000106,88,0
0.00012117274,31.003357,161.72,3,0.0012846553,0.0058903415,0.020201067,0.2705271,165.24,174.06,0.007296169539998224,0.5363284665400107,89,0
0.025238711,30.495972,154.63,3,0.00012117274,0.0012846553,0.0058903415,0.05223779,161.72,165.24,0.026644539039998225,0.3755008375400107,90,0
0.301719,29.79358,164.63,4,0.025238711,0.00012117274,0.0012846553,0.020201067,154.63,161.72,0.3270788837399982,0.4066927375400107,91,0
0.08024216,29.73175,181.68,4,0.301719,0.025238711,0.00012117274,0.0058903415,164.63,154.63,0.4071998709999982,0.4346971075400107,92,0
0.17016354,30.084473,203.86,4,0.08024216,0.301719,0.025238711,0.0012846553,181.68,164.63,0.5521246999999982,0.5846595805400107,93,0
9.7611366e-05,29.499146,192.78,4,0.17016354,0.08024216,0.301719,0.00012117274,203.86,181.68,0.25050331136599824,0.5788668504060106,94,0
0.00023561365,29.743774,168.29,4,9.7611366e-05,0.17016354,0.08024216,0.025238711,192.78,203.86,0.17049676501599823,0.5778178087560106,95,0
6.395228e-05,30.597412,149.06,4,0.00023561365,9.7611366e-05,0.17016354,0.301719,168.29,192.78,0.0003971772959982236,0.5777605882960106,96,0
0.0018546161,31.47647,146.52,4,6.395228e-05,0.00023561365,9.7611366e-05,0.08024216,149.06,168.29,0.0021541820299982237,0.5543764933960107,97,0
0.10906892,31.300537,259.45,4,0.0018546161,6.395228e-05,0.00023561365,0.17016354,146.52,149.06,0.11098748837999822,0.36172641339601064,98,0
0.5209833,29.98169,190.04,4,0.10906892,0.0018546161,6.395228e-05,9.7611366e-05,259.45,146.52,0.6319068360999982,0.8024675533960106,99,0
0.19166948,29.585571,181.68,4,0.5209833,0.10906892,0.0018546161,0.00023561365,190.04,259.45,0.8217216999999983,0.8239734933960108,100,0
0.22169338,29.826874,284.66,4,0.19166948,0.5209833,0.10906892,6.395228e-05,181.68,190.04,0.9343461599999984,1.0455692620300108,101,0
0.6512473,29.350159,192.78,4,0.22169338,0.19166948,0.5209833,0.0018546161,284.66,181.68,1.0646101599999982,1.6965809483800105,102,0
1.259033,28.73108,177.67,4,0.6512473,0.22169338,0.19166948,0.10906892,192.78,284.66,2.131973679999998,2.955549996100011,103,0
0.3355587,29.003296,359.55,4,1.259033,0.6512473,0.22169338,0.5209833,177.67,192.78,2.2458389999999984,3.2892540800000107,104,0
0.14288846,29.756714,284.66,4,0.3355587,1.259033,0.6512473,0.19166948,359.55,177.67,1.7374801599999983,3.3230736200000104,105,0
0.64612556,29.988617,259.45,4,0.14288846,0.3355587,1.259033,0.22169338,284.66,359.55,1.1245727199999982,3.4482158800000104,106,0
1.9100167,29.457947,209.97,4,0.64612556,0.14288846,0.3355587,0.6512473,259.45,284.66,2.699030719999998,5.16656310000001,107,0
1.6944504,29.42044,196.14,4,1.9100167,0.64612556,0.14288846,1.259033,209.97,259.45,4.250592659999998,6.639320120000011,108,0
0.52736616,30.178955,190.04,4,1.6944504,1.9100167,0.64612556,0.3355587,196.14,209.97,4.131833259999999,6.5154389800000105,109,0
0.71386,29.637878,184.46,4,0.52736616,1.6944504,1.9100167,0.14288846,190.04,196.14,2.9356765599999983,5.970265980000011,110,0
0.25136164,30.59967,192.72,4,0.71386,0.52736616,1.6944504,0.64612556,184.46,190.04,1.4925877999999984,5.886068920000011,111,0
0.3140943,30.803772,177.67,4,0.25136164,0.71386,0.52736616,1.9100167,192.72,184.46,1.2793159399999983,6.05727476000001,112,0
0.1511742,31.497864,203.86,4,0.3140943,0.25136164,0.71386,1.6944504,177.67,192.72,0.7166301399999983,5.56232340000001,113,0
0.10543823,32.021423,196.14,4,0.1511742,0.3140943,0.25136164,0.52736616,203.86,177.67,0.5707067299999982,3.75774493000001,114,0
0.024629481,32.094666,259.45,4,0.10543823,0.1511742,0.3140943,0.71386,196.14,203.86,0.28124191099999823,2.0879240110000103,115,0
0.14078027,32.36734,333.49,4,0.024629481,0.10543823,0.1511742,0.25136164,259.45,196.14,0.27084798099999824,1.7013381210000107,116,0
0.20243478,32.381226,192.78,4,0.14078027,0.024629481,0.10543823,0.3140943,333.49,259.45,0.36784453099999825,1.1899129010000105,117,0
0.5519452,32.15265,196.14,4,0.20243478,0.14078027,0.024629481,0.1511742,192.78,333.49,0.8951602499999982,1.4904964610000104,118,0
0.29097387,31.982666,209.97,4,0.5519452,0.20243478,0.14078027,0.10543823,196.14,192.78,1.0453538499999981,1.4673760310000106,119,0
0.106850795,31.897186,192.78,4,0.29097387,0.5519452,0.20243478,0.024629481,209.97,196.14,0.9497698649999983,1.4230526260000107,120,0
0.42969763,31.838287,181.68,5,0.106850795,0.29097387,0.5519452,0.14078027,192.78,209.97,0.8275222949999983,1.7473120260000106,121,0
0.9546684,31.12677,203.86,5,0.42969763,0.106850795,0.29097387,0.20243478,181.68,192.78,1.4912168249999982,2.6773509450000104,122,0
0.82141316,30.65564,184.46,5,0.9546684,0.42969763,0.106850795,0.5519452,203.86,181.68,2.205779189999998,3.3579838350000104,123,0
0.9272632,30.161926,181.68,5,0.82141316,0.9546684,0.42969763,0.29097387,184.46,203.86,2.703344759999998,4.08281225500001,124,0
1.5386751,29.131409,196.14,5,0.9272632,0.82141316,0.9546684,0.106850795,181.68,184.46,3.2873514599999982,5.06954215500001,125,0
1.0133215,29.507568,192.78,5,1.5386751,0.9272632,0.82141316,0.42969763,196.14,181.68,3.479259799999998,5.79188978500001,126,0
0.41936538,30.495636,203.86,5,1.0133215,1.5386751,0.9272632,0.9546684,192.78,196.14,2.971361979999998,6.104404370000011,127,0
0.8790342,30.899841,249.47,5,0.41936538,1.0133215,1.5386751,0.82141316,203.86,192.78,2.311721079999998,6.553740940000011,128,0
3.690272,29.461212,184.46,5,0.8790342,0.41936538,1.0133215,0.9272632,249.47,203.86,4.988671579999998,9.28934454000001,129,0
7.2596188,27.417694,181.68,5,3.690272,0.8790342,0.41936538,1.5386751,184.46,249.47,11.828924999999998,15.72755018000001,130,0
0.13653363,30.950378,164.63,5,7.2596188,3.690272,0.8790342,1.0133215,181.68,184.46,11.08642443,14.93682061000001,131,0
0.004688712,32.501892,184.46,5,0.13653363,7.2596188,3.690272,0.41936538,164.63,181.68,7.400841141999998,13.402834222000012,132,0
0.075023875,32.422394,203.36,5,0.004688712,0.13653363,7.2596188,0.8790342,184.46,164.63,0.21624621699999821,12.464536597000011,133,0
0.11570202,31.98236,196.14,5,0.075023875,0.004688712,0.13653363,3.690272,203.36,184.46,0.19541460699999824,12.160873237000011,134,0
0.047630984,31.845764,209.97,5,0.11570202,0.075023875,0.004688712,7.2596188,196.14,203.36,0.23835687899999822,11.329470021000011,135,0
0.004197289,32.36026,333.49,5,0.047630984,0.11570202,0.075023875,0.13653363,209.97,196.14,0.16753029299999822,7.6433953100000105,136,0
0.09100297,32.670044,303.69,5,0.004197289,0.047630984,0.11570202,0.004688712,333.49,209.97,0.14283124299999822,0.4747794800000107,137,0
0.48067206,32.54187,203.86,5,0.09100297,0.004197289,0.047630984,0.075023875,303.69,333.49,0.5758723189999982,0.8189179100000107,138,0
0.5526666,32.32721,184.46,5,0.48067206,0.09100297,0.004197289,0.11570202,203.86,303.69,1.1243416299999982,1.3668957980000107,139,0
0.029162237,32.30658,184.46,5,0.5526666,0.48067206,0.09100297,0.047630984,184.46,203.86,1.0625008969999983,1.3210341600000106,140,0
0.029912835,33.024475,196.14,5,0.029162237,0.5526666,0.48067206,0.004197289,184.46,184.46,0.6117416719999982,1.2352449750000105,141,0
0.2518463,33.13861,249.47,5,0.029912835,0.029162237,0.5526666,0.09100297,196.14,184.46,0.31092137199999825,1.4394602910000107,142,0
0.13980192,33.26471,333.49,5,0.2518463,0.029912835,0.029162237,0.48067206,249.47,196.14,0.4215610549999983,1.5750649220000106,143,0
1.2089382,32.519897,375.44,5,0.13980192,0.2518463,0.029912835,0.5526666,333.49,249.47,1.6005864199999982,2.6930001520000104,144,0
19.041176,28.206238,431.47,5,1.2089382,0.13980192,0.2518463,0.029162237,375.44,333.49,20.38991612,21.25350409200001,145,0
34.436546,26.207703,453.35,5,19.041176,1.2089382,0.13980192,0.029912835,431.47,375.44,54.6866602,55.13738349200001,146,1
15.351436,27.055573,488.04,5,34.436546,19.041176,1.2089382,0.2518463,453.35,431.47,68.829158,70.45965725500001,147,0
0.22280076,29.71991,431.47,5,15.351436,34.436546,19.041176,0.13980192,488.04,453.35,50.01078276,70.65254518,148,0
0.055890925,31.673767,375.44,5,0.22280076,15.351436,34.436546,1.2089382,431.47,488.04,15.630127685,70.45658980500001,149,0
0.042412702,32.894287,873.67,5,0.055890925,0.22280076,15.351436,19.041176,375.44,431.47,0.321104387,70.35920058700002,150,0
0.77457994,31.834106,1156.04,5,0.042412702,0.055890925,0.22280076,34.436546,873.67,375.44,0.8728835669999999,69.92484232700001,151,0
4.0030274,31.130432,1097.98,6,0.77457994,0.042412702,0.055890925,15.351436,1156.04,873.67,4.8200200419999994,54.886693727000015,152,0
1.1578178,31.241333,855.16,6,4.0030274,0.77457994,0.042412702,0.22280076,1097.98,1156.04,5.9354251399999995,21.607965527000005,153,0
0.95275426,31.07016,747.88,6,1.1578178,4.0030274,0.77457994,0.055890925,855.16,1097.98,6.11359946,7.209283787000007,154,0
0.7477581,31.705048,524.21,6,0.95275426,1.1578178,4.0030274,0.042412702,747.88,855.16,2.85833016,7.734241127000006,155,0
0.09488387,32.37317,431.47,6,0.7477581,0.95275426,1.1578178,0.77457994,524.21,747.88,1.79539623,7.773234072000006,156,0
0.027821485,33.238647,431.47,6,0.09488387,0.7477581,0.95275426,4.0030274,431.47,524.21,0.870463455,7.758642855000006,157,0
0.208738,33.288605,488.04,6,0.027821485,0.09488387,0.7477581,1.1578178,431.47,431.47,0.331443355,7.1928009150000065,158,0
1.7293291,32.719543,375.44,6,0.208738,0.027821485,0.09488387,0.95275426,488.04,431.47,1.965888585,4.919102615000007,159,0
0.43699938,32.464294,524.21,6,1.7293291,0.208738,0.027821485,0.7477581,375.44,488.04,2.3750664799999996,4.1982841950000065,160,0
0.58172333,33.10199,529.09,6,0.43699938,1.7293291,0.208738,0.09488387,524.21,375.44,2.7480518099999998,3.827253265000007,161,0
0.42659646,33.50464,488.04,6,0.58172333,0.43699938,1.7293291,0.027821485,529.09,524.21,1.4453191699999999,3.506091625000007,162,0
0.34713635,33.617126,431.47,6,0.42659646,0.58172333,0.43699938,0.208738,488.04,529.09,1.3554561399999998,3.758344105000007,163,0
0.51646966,33.446716,375.44,6,0.34713635,0.42659646,0.58172333,1.7293291,431.47,488.04,1.2902024699999999,4.246992280000008,164,0
1.7889539,31.377136,359.55,6,0.51646966,0.34713635,0.42659646,0.43699938,375.44,431.47,2.65255991,5.827208180000007,165,0
2.544559,30.841797,375.44,6,1.7889539,0.51646966,0.34713635,0.58172333,359.55,375.44,4.84998256,6.642438080000008,166,0
5.1259956,30.865753,431.47,6,2.544559,1.7889539,0.51646966,0.42659646,375.44,359.55,9.4595085,11.331434300000009,167,0
13.211013,29.150024,375.44,6,5.1259956,2.544559,1.7889539,0.34713635,431.47,375.44,20.8815676,23.960723970000007,168,0
25.958662,27.350616,431.47,6,13.211013,5.1259956,2.544559,0.51646966,375.44,431.47,44.295670599999994,49.49278951000001,169,1
25.6979,26.696228,380.48,6,25.958662,13.211013,5.1259956,1.7889539,431.47,375.44,64.86757499999999,74.84355316,170,1
22.862135,26.567505,359.55,6,25.6979,25.958662,13.211013,2.544559,380.48,431.47,74.518697,97.18921850000001,171,1
8.487766,27.530457,303.69,6,22.862135,25.6979,25.958662,5.1259956,359.55,380.48,57.04780099999999,103.88803060000001,172,0
1.4581995,29.89972,284.66,6,8.487766,22.862135,25.6979,13.211013,303.69,359.55,32.808100499999995,102.80167110000001,173,0
0.5168298,31.101837,181.68,6,1.4581995,8.487766,22.862135,25.958662,284.66,303.69,10.462795299999996,98.19250530000001,174,0
0.6411553,30.99591,177.67,6,0.5168298,1.4581995,8.487766,25.6979,181.68,284.66,2.6161845999999964,85.62264760000001,175,0
2.3549943,29.607544,174.06,6,0.6411553,0.5168298,1.4581995,22.862135,177.67,181.68,3.5129793999999963,62.01897990000001,176,0
11.358996,27.860626,184.46,6,2.3549943,0.6411553,0.5168298,8.487766,174.06,177.67,14.355145599999997,47.680075900000006,177,0
14.356508,27.37439,190.04,6,11.358996,2.3549943,0.6411553,1.4581995,184.46,174.06,28.070498299999997,39.17444890000001,178,0
8.063013,27.922424,184.46,6,14.356508,11.358996,2.3549943,0.5168298,190.04,184.46,33.778516999999994,38.749695900000006,179,0
7.596438,28.727997,164.63,6,8.063013,14.356508,11.358996,0.6411553,184.46,190.04,30.015958999999995,44.887934400000006,180,0
7.850971,28.146362,154.63,6,7.596438,8.063013,14.356508,2.3549943,164.63,184.46,23.510422,52.222075600000004,181,0
5.1367598,29.302185,182.78,7,7.850971,7.596438,8.063013,11.358996,154.63,164.63,20.584168799999997,56.71768010000001,182,0
4.6440473,29.700592,192.78,7,5.1367598,7.850971,7.596438,14.356508,182.78,154.63,17.6317781,59.006733100000005,183,0
12.823451,29.257019,196.14,7,4.6440473,5.1367598,7.850971,8.063013,192.78,182.78,22.604258099999996,60.471188100000006,184,0
16.372149,27.555054,284.66,7,12.823451,4.6440473,5.1367598,7.596438,196.14,192.78,33.839647299999996,62.48682910000001,185,0
9.851661,27.596558,249.47,7,16.372149,12.823451,4.6440473,7.850971,284.66,196.14,39.04726099999999,64.27547710000002,186,0
5.611914,28.09259,192.78,7,9.851661,16.372149,12.823451,5.1367598,249.47,284.66,31.835723999999995,62.29095310000001,187,0
2.9026685,28.879059,177.78,7,5.611914,9.851661,16.372149,4.6440473,192.78,249.47,18.366243499999996,57.34265060000001,188,0
4.42597,28.693329,177.67,7,2.9026685,5.611914,9.851661,12.823451,177.78,192.78,12.940552499999995,56.63186080000001,189,0
7.5876064,29.222778,182.78,7,4.42597,2.9026685,5.611914,16.372149,177.67,177.78,14.916244899999997,59.575419900000014,190,0
13.51498,28.902985,203.86,7,7.5876064,4.42597,2.9026685,9.851661,182.78,177.67,25.5285564,60.2669489,191,0
19.749054,27.26233,209.97,7,13.51498,7.5876064,4.42597,5.611914,203.86,182.78,40.8516404,63.64385390000001,192,1
18.479574,27.288025,203.86,7,19.749054,13.51498,7.5876064,2.9026685,209.97,203.86,51.743607999999995,72.2717669,193,0
20.92043,27.257385,182.78,7,18.479574,19.749054,13.51498,4.42597,203.86,209.97,59.149058,87.58028290000001,194,1
25.072908,27.092804,203.87,7,20.92043,18.479574,19.749054,7.5876064,182.78,203.86,64.47291200000001,109.75052240000001,195,1
17.650326,26.430176,337.17,7,25.072908,20.92043,18.479574,13.51498,203.87,182.78,63.643664,122.97487840000001,196,0
5.3340707,26.802734,453.35,7,17.650326,25.072908,20.92043,19.749054,337.17,203.87,48.0573047,120.72134270000001,197,0
11.405813,27.133698,1569.36,7,5.3340707,17.650326,25.072908,18.479574,453.35,337.17,34.3902097,118.61217570000001,198,0
30.150927,26.26532,1163.58,7,11.405813,5.3340707,17.650326,20.92043,1569.36,453.35,46.8908107,129.0140487,199,1
32.38668,25.70877,1097.98,7,30.150927,11.405813,5.3340707,25.072908,1163.58,1569.36,73.94342,142.9211547,200,1
49.142143,25.307556,1156.04,7,32.38668,30.150927,11.405813,17.650326,1097.98,1163.58,111.67975,171.1428677,201,1
60.20984,24.755371,1341.97,7,49.142143,32.38668,30.150927,5.3340707,1156.04,1097.98,141.738663,206.27979969999998,202,1
17.844553,25.053864,5335.09,7,60.20984,49.142143,32.38668,11.405813,1341.97,1156.04,127.19653600000001,206.47402670000002,203,0
0.89753544,25.946411,6521.68,7,17.844553,60.20984,49.142143,30.150927,5335.09,1341.97,78.95192844,202.03749144,204,0
1.5345035,26.333252,11559.13,7,0.89753544,17.844553,60.20984,32.38668,6521.68,5335.09,20.27659194000001,192.16618194,205,0
3.2351348,26.234375,20535.5,7,1.5345035,0.89753544,17.844553,49.142143,11559.13,6521.68,5.667173740000007,165.25038974,206,0
8.348416,26.221191,8911.06,7,3.2351348,1.5345035,0.89753544,60.20984,20535.5,11559.13,13.118054300000008,141.21212574,207,0
11.86759,26.86789,4976.73,7,8.348416,3.2351348,1.5345035,17.844553,8911.06,20535.5,23.451140800000008,103.93757274000001,208,0
10.208808,27.143677,16259.53,7,11.86759,8.348416,3.2351348,0.89753544,4976.73,8911.06,30.424814000000005,53.936540740000005,209,0
15.390322,26.829498,14051.14,7,10.208808,11.86759,8.348416,1.5345035,16259.53,4976.73,37.46672000000001,51.482309740000005,210,0
20.013472,26.489471,13066.56,7,15.390322,10.208808,11.86759,3.2351348,14051.14,16259.53,45.61260200000001,70.5982463,211,1
18.68302,27.01593,13099.11,7,20.013472,15.390322,10.208808,8.348416,13066.56,14051.14,54.086814000000004,87.7467628,212,0
9.580296,27.828888,20887.03,8,18.68302,20.013472,15.390322,11.86759,13099.11,13066.56,48.27678800000001,94.091924,213,0
20.178185,27.164246,19055.5,8,9.580296,18.68302,20.013472,10.208808,20887.03,13099.11,48.441501,105.921693,214,1
40.18754,25.731445,16131.38,8,20.178185,9.580296,18.68302,15.390322,19055.5,20887.03,69.946021,134.241643,215,1
53.221073,25.355011,24186.33,8,40.18754,20.178185,9.580296,20.013472,16131.38,19055.5,113.58679799999999,177.253908,216,1
26.684628,25.506653,28746.77,8,53.221073,40.18754,20.178185,18.68302,24186.33,16131.38,120.09324099999999,188.548214,217,1
1.5910587,26.99588,26830.56,8,26.684628,53.221073,40.18754,9.580296,28746.77,24186.33,81.4967597,170.12580069999998,218,0
2.7787747,27.658264,31345.83,8,1.5910587,26.684628,53.221073,20.178185,26830.56,28746.77,31.0544614,154.2215554,219,0
9.512395,27.058167,31343.82,8,2.7787747,1.5910587,26.684628,40.18754,31345.83,26830.56,13.882228399999999,154.1536544,220,0
18.230661,26.269318,29288.21,8,9.512395,2.7787747,1.5910587,53.221073,31343.82,31345.83,30.521830700000002,152.2061304,221,0
12.857676,26.381317,20936.28,8,18.230661,9.512395,2.7787747,26.684628,29288.21,31343.82,40.600732,124.87626639999999,222,0
4.371893,26.952545,21019.28,8,12.857676,18.230661,9.512395,1.5910587,20936.28,29288.21,35.460229999999996,76.0270864,223,0
4.867473,27.412292,20887.03,8,4.371893,12.857676,18.230661,2.7787747,21019.28,20936.28,22.097041999999995,54.2099314,224,0
7.290115,27.541199,19731.25,8,4.867473,4.371893,12.857676,9.512395,20887.03,21019.28,16.529480999999997,59.908987700000004,225,0
13.596328,26.815033,16937.33,8,7.290115,4.867473,4.371893,18.230661,19731.25,20887.03,25.753915999999997,70.72654100000001,226,0
5.848309,27.272308,16920.62,8,13.596328,7.290115,4.867473,12.857676,16937.33,19731.25,26.734751999999997,67.06245500000001,227,0
5.3668666,26.80249,13099.11,8,5.848309,13.596328,7.290115,4.371893,16920.62,16937.33,24.811503599999995,54.19866060000001,228,0
5.8352747,26.868225,11859.13,8,5.3668666,5.848309,13.596328,4.867473,13099.11,16920.62,17.050450299999998,47.176259300000005,229,0
3.4026573,27.629517,10775.16,8,5.8352747,5.3668666,5.848309,7.290115,11859.13,13099.11,14.604798599999997,46.20702360000001,230,0
2.935514,28.605957,10719.55,8,3.4026573,5.8352747,5.3668666,13.596328,10775.16,11859.13,12.173445999999997,44.27506460000001,231,0
8.095276,27.49823,8911.06,8,2.935514,3.4026573,5.8352747,5.848309,10719.55,10775.16,14.433447299999997,45.080225600000006,232,0
9.495805,27.401978,4813.11,8,8.095276,2.935514,3.4026573,5.3668666,8911.06,10719.55,20.526594999999997,40.97970260000001,233,0
9.68231,26.79889,4581.85,8,9.495805,8.095276,2.935514,5.8352747,4813.11,8911.06,27.273390999999997,44.81370360000001,234,0
7.895167,26.91681,4976.73,8,9.68231,9.495805,8.095276,3.4026573,4581.85,4813.11,27.073281999999995,47.34200400000001,235,0
5.6281686,27.748322,4654.24,8,7.895167,9.68231,9.495805,2.935514,4976.73,4581.85,23.205645599999997,47.134897900000006,236,0
6.5797267,27.7724,4654.0,8,5.6281686,7.895167,9.68231,8.095276,4654.24,4976.73,20.103062299999998,50.311967300000006,237,0
7.2724195,27.567505,3355.32,8,6.5797267,5.6281686,7.895167,9.495805,4654.0,4654.24,19.480314799999995,54.64887280000001,238,0
11.42597,27.19806,3237.91,8,7.2724195,6.5797267,5.6281686,9.68231,3355.32,4654.0,25.278116199999996,57.979566800000015,239,0
8.2115755,26.872925,3355.32,8,11.42597,7.2724195,6.5797267,7.895167,3237.91,3355.32,26.909964999999993,56.695337300000006,240,0
9.638271,26.844269,3453.64,8,8.2115755,11.42597,7.2724195,5.6281686,3355.32,3237.91,29.275816499999998,56.65129830000001,241,0
11.434845,26.343933,3573.88,8,9.638271,8.2115755,11.42597,6.5797267,3453.64,3355.32,29.284691499999994,60.1909763,242,0
17.339434,25.964142,4654.0,8,11.434845,9.638271,8.2115755,7.2724195,3573.88,3453.64,38.412549999999996,71.90224170000002,243,0
24.311878,25.141418,3855.44,9,17.339434,11.434845,9.638271,11.42597,4654.0,3573.88,53.086157,89.634393,244,1
15.940811,25.265137,4297.68,9,24.311878,17.339434,11.434845,8.2115755,3855.44,4654.0,57.592123,98.3027845,245,0
21.537668,25.366425,5335.09,9,15.940811,24.311878,17.339434,9.638271,4297.68,3855.44,61.790357,108.41448250000002,246,1
21.776709,25.671783,8851.7,9,21.537668,15.940811,24.311878,11.434845,5335.09,4297.68,59.255188000000004,121.97961600000001,247,1
29.371254,25.631927,6804.31,9,21.776709,21.537668,15.940811,17.339434,8851.7,5335.09,72.685631,141.712599,248,1
33.402905,25.591064,20533.5,9,29.371254,21.776709,21.537668,24.311878,6804.31,8851.7,84.55086800000001,163.68065900000002,249,1
7.7473803,26.127197,20543.65,9,33.402905,29.371254,21.776709,15.940811,20533.5,6804.31,70.5215393,154.0886053,250,0
2.316943,25.916138,17586.11,9,7.7473803,33.402905,29.371254,21.537668,20543.65,20533.5,43.467228299999995,132.0936703,251,0
0.9227988,26.1427,20936.28,9,2.316943,7.7473803,33.402905,21.776709,17586.11,20543.65,10.987122100000008,117.0756581,252,0
2.3833566,26.473083,16063.94,9,0.9227988,2.316943,7.7473803,29.371254,20936.28,17586.11,5.623098400000007,97.92134670000002,253,0
4.9032974,26.96106,14031.43,9,2.3833566,0.9227988,2.316943,33.402905,16063.94,20936.28,8.209452800000006,81.04793510000002,254,0
5.47738,26.9404,12119.69,9,4.9032974,2.3833566,0.9227988,7.7473803,14031.43,16063.94,12.764034000000006,57.15406110000001,255,0
8.810966,26.732025,14031.43,9,5.47738,4.9032974,2.3833566,2.316943,12119.69,14031.43,19.191643400000007,32.56212210000001,256,0
8.60404,26.726898,13066.79,9,8.810966,5.47738,4.9032974,0.9227988,14031.43,12119.69,22.89238600000001,33.41878180000001,257,0
6.918025,26.53659,8658.59,9,8.60404,8.810966,5.47738,2.3833566,13066.79,14031.43,24.333031000000005,38.01986380000001,258,0
5.650969,26.82544,10396.7,9,6.918025,8.60404,8.810966,4.9032974,8658.59,13066.79,21.17303400000001,42.74803400000002,259,0
2.8706987,27.471008,8911.06,9,5.650969,6.918025,8.60404,5.47738,10396.7,8658.59,15.439692700000007,43.23537610000002,260,0
7.3083553,28.138245,8658.59,9,2.8706987,5.650969,6.918025,8.810966,8911.06,10396.7,15.830023000000008,45.64043400000001,261,0
16.052523,27.070984,6804.31,9,7.3083553,2.8706987,5.650969,8.60404,8658.59,8911.06,26.23157700000001,56.21557700000001,262,0
21.794073,25.947144,5335.09,9,16.052523,7.3083553,2.8706987,6.918025,6804.31,8658.59,45.15495130000001,69.19868400000001,263,1
11.881769,26.04007,5283.32,9,21.794073,16.052523,7.3083553,5.650969,5335.09,6804.31,49.72836500000001,72.47641300000002,264,0
4.5239596,27.044617,5868.35,9,11.881769,21.794073,16.052523,2.8706987,5283.32,5335.09,38.19980160000001,70.08234760000002,265,0
1.1891052,27.891693,11859.13,9,4.5239596,11.881769,21.794073,7.3083553,5868.35,5283.32,17.594833800000007,65.62048380000002,266,0
0.29844174,28.042023,13549.97,9,1.1891052,4.5239596,11.881769,16.052523,11859.13,5868.35,6.011506540000007,63.04822684000001,267,0
0.23953156,27.650146,12805.5,9,0.29844174,1.1891052,4.5239596,21.794073,13549.97,11859.13,1.727078500000007,55.97940310000001,268,0
0.11374641,27.904083,8911.06,9,0.23953156,0.29844174,1.1891052,11.881769,12805.5,13549.97,0.6517197100000072,40.04062651000002,269,0
0.0662467,27.772614,5821.3,9,0.11374641,0.23953156,0.29844174,4.5239596,8911.06,12805.5,0.41952467000000715,18.312800210000013,270,0
0.041628446,27.473297,3573.88,9,0.0662467,0.11374641,0.23953156,1.1891052,5821.3,8911.06,0.2216215560000071,6.4726596560000145,271,0
0.124625035,27.732147,3855.44,9,0.041628446,0.0662467,0.11374641,0.29844174,3573.88,5821.3,0.2325001810000071,2.0733250910000143,272,0
0.2853214,27.651306,3641.49,9,0.124625035,0.041628446,0.0662467,0.23953156,3855.44,3573.88,0.4515748810000071,1.1695412910000142,273,0
0.49081248,27.366455,2870.44,10,0.2853214,0.124625035,0.041628446,0.11374641,3641.49,3855.44,0.900758915000007,1.3619120310000143,274,0
0.72809,27.386261,2182.82,10,0.49081248,0.2853214,0.124625035,0.0662467,2870.44,3641.49,1.5042238800000072,1.8504704710000142,275,0
1.0217128,27.435425,1478.53,10,0.72809,0.49081248,0.2853214,0.041628446,2182.82,2870.44,2.240615280000007,2.758436861000014,276,0
0.88640666,27.330536,1513.52,10,1.0217128,0.72809,0.49081248,0.124625035,1478.53,2182.82,2.636209460000007,3.578596821000014,277,0
1.6113819,27.153961,1341.92,10,0.88640666,1.0217128,0.72809,0.2853214,1513.52,1478.53,3.519501360000007,5.1483502750000145,278,0
1.9947826,26.59082,1513.52,10,1.6113819,0.88640666,1.0217128,0.49081248,1341.92,1513.52,4.492571160000007,7.018507840000014,279,0
1.5900466,26.384766,1341.92,10,1.9947826,1.6113819,0.88640666,0.72809,1513.52,1341.92,5.196211100000007,8.323233040000014,280,0
0.800448,26.955688,1341.92,10,1.5900466,1.9947826,1.6113819,1.0217128,1341.92,1513.52,4.385277200000007,8.632868560000015,281,0
0.40382385,27.240479,1365.56,10,0.800448,1.5900466,1.9947826,0.88640666,1341.92,1341.92,2.7943184500000076,8.308602410000015,282,0
3.6389744,27.03238,1232.63,10,0.40382385,0.800448,1.5900466,1.6113819,1365.56,1341.92,4.843246250000007,10.925864010000014,283,0
9.525919,26.242432,1459.91,10,3.6389744,0.40382385,0.800448,1.9947826,1232.63,1365.56,13.568717250000006,19.565376350000015,284,0
28.264791,25.10968,1228.14,10,9.525919,3.6389744,0.40382385,1.5900466,1459.91,1232.63,41.429684400000006,46.21878545000001,285,1
25.447536,25.657715,13066.79,10,28.264791,9.525919,3.6389744,0.800448,1228.14,1459.91,63.238246000000004,69.67153885000002,286,1
1.2863159,26.875732,10887.87,10,25.447536,28.264791,9.525919,0.40382385,13066.79,1228.14,54.9986429,69.36780815000002,287,0
2.357169,26.84134,4581.85,10,1.2863159,25.447536,28.264791,3.6389744,10887.87,13066.79,29.091020900000007,70.92452915000001,288,0
3.3427868,26.321777,2722.52,10,2.357169,1.2863159,25.447536,9.525919,4581.85,10887.87,6.986271700000007,73.8634921,289,0
3.5152323,25.944489,2531.97,10,3.3427868,2.357169,1.2863159,28.264791,2722.52,4581.85,9.215188100000006,73.73975000000002,290,0
1.3720444,26.049194,2438.4,10,3.5152323,3.3427868,2.357169,25.447536,2531.97,2722.52,8.230063500000007,65.5858754,291,0
0.34665725,26.349762,1851.07,10,1.3720444,3.5152323,3.3427868,1.2863159,2438.4,2531.97,5.233933950000007,37.66774165000001,292,0
0.6102001,26.129028,1648.04,10,0.34665725,1.3720444,3.5152323,2.357169,1851.07,2438.4,2.328901750000007,12.830405750000015,293,0
0.4113186,25.512268,1648.04,10,0.6102001,0.34665725,1.3720444,3.3427868,1648.04,1851.07,1.368175950000007,11.955408450000014,294,0
0.13555863,25.13153,2047.63,10,0.4113186,0.6102001,0.34665725,3.5152323,1648.04,1648.04,1.157077330000007,9.733798080000016,295,0
0.04254285,24.88501,1478.53,10,0.13555863,0.4113186,0.6102001,1.3720444,2047.63,1648.04,0.5894200800000071,6.433554130000014,296,0
0.048304167,25.023132,1156.04,10,0.04254285,0.13555863,0.4113186,0.34665725,1478.53,2047.63,0.22640564700000712,2.966625997000014,297,0
0.6791855,24.964142,1097.98,10,0.048304167,0.04254285,0.13555863,0.6102001,1156.04,1478.53,0.7700325170000071,2.273767097000014,298,0
4.1597657,23.124207,873.67,10,0.6791855,0.048304167,0.04254285,0.4113186,1097.98,1156.04,4.887255367000007,6.086875547000014,299,0
2.5347686,22.522705,855.16,10,4.1597657,0.6791855,0.048304167,0.13555863,873.67,1097.98,7.373719800000007,8.011444047000014,300,0
1.0203384,23.328918,880.44,10,2.5347686,4.1597657,0.6791855,0.04254285,855.16,873.67,7.714872700000008,8.620463847000014,301,0
0.07578906,23.748535,1132.0,10,1.0203384,2.5347686,4.1597657,0.048304167,880.44,855.16,3.630896060000007,8.560694277000014,302,0
0.014237796,24.142578,1156.04,10,0.07578906,1.0203384,2.5347686,0.6791855,1132.0,880.44,1.110365256000007,8.532389223000013,303,0
0.0007696713,24.27005,1097.98,10,0.014237796,0.07578906,1.0203384,4.1597657,1156.04,1132.0,0.0907965273000071,8.484854727300014,304,0
0.0012330447,23.948792,1111.87,11,0.0007696713,0.014237796,0.07578906,2.5347686,1097.98,1156.04,0.016240512000007104,7.8069022720000145,305,0
0.001228557,23.997284,1365.56,11,0.0012330447,0.0007696713,0.014237796,1.0203384,1111.87,1097.98,0.003231273000007105,3.6483651290000143,306,0
0.0012846553,23.475311,1097.98,11,0.001228557,0.0012330447,0.0007696713,0.07578906,1365.56,1111.87,0.0037462570000071052,1.1148811843000141,307,0
0.0013149485,23.104614,880.44,11,0.0012846553,0.001228557,0.0012330447,0.014237796,1097.98,1365.56,0.0038281608000071054,0.09585773280001422,308,0
0.00012902652,23.315063,855.16,11,0.0013149485,0.0012846553,0.001228557,0.0007696713,880.44,1097.98,0.0027286303200071056,0.020197699320014213,309,0
2.2439394e-06,23.361816,756.32,11,0.00012902652,0.0013149485,0.0012846553,0.0012330447,855.16,880.44,0.0014462189594071054,0.005962147259414211,310,0
0.2108316,22.768158,873.67,11,2.2439394e-06,0.00012902652,0.0013149485,0.001228557,756.32,855.16,0.21096287045940712,0.21602407595941422,311,0
0.45993242,23.796814,545.64,11,0.2108316,2.2439394e-06,0.00012902652,0.0012846553,873.67,756.32,0.6707662639394072,0.6747234512594142,312,0
0.2758026,24.617737,556.64,11,0.45993242,0.2108316,2.2439394e-06,0.0013149485,545.64,873.67,0.9465666200000071,0.9492974942594142,313,0
1.0415672,25.338806,577.75,11,0.2758026,0.45993242,0.2108316,0.00012902652,556.64,545.64,1.777302220000007,1.9895800389594143,314,0
1.3020751,25.554321,756.32,11,1.0415672,0.2758026,0.45993242,2.2439394e-06,577.75,556.64,2.619444900000007,3.290340190459414,315,0
0.81641364,24.95111,747.88,11,1.3020751,1.0415672,0.2758026,0.2108316,756.32,577.75,3.160055940000007,4.106624803939414,316,0
0.26548386,24.559692,556.64,11,0.81641364,1.3020751,1.0415672,0.45993242,747.88,756.32,2.3839726000000074,4.372106420000015,317,0
0.0151757635,24.294556,545.64,11,0.26548386,0.81641364,1.3020751,0.2758026,556.64,747.88,1.0970732635000071,4.176450583500014,318,0
0.0046180277,23.874786,545.64,11,0.0151757635,0.26548386,0.81641364,1.0415672,545.64,556.64,0.28527765120000714,3.7211361912000145,319,0
0.08790969,23.642365,555.52,11,0.0046180277,0.0151757635,0.26548386,1.3020751,545.64,545.64,0.1077034812000071,3.533243281200014,320,0
0.06923339,22.78482,544.98,11,0.08790969,0.0046180277,0.0151757635,0.81641364,555.52,545.64,0.16176110770000712,2.560909471200014,321,0
0.034325544,21.727722,539.21,11,0.06923339,0.08790969,0.0046180277,0.26548386,544.98,555.52,0.1914686240000071,1.2931599152000142,322,0
0.0040626526,21.213531,524.21,11,0.034325544,0.06923339,0.08790969,0.0151757635,539.21,544.98,0.1076215866000071,0.4808089278000142,323,0
4.487879e-05,21.090027,529.09,11,0.0040626526,0.034325544,0.06923339,0.0046180277,524.21,539.21,0.03843307539000711,0.2153699465900142,324,0
0.00025693106,21.297913,524.21,11,4.487879e-05,0.0040626526,0.034325544,0.08790969,529.09,524.21,0.004364462450007106,0.2004511141500142,325,0
1.5707577e-05,21.45044,488.04,11,0.00025693106,4.487879e-05,0.0040626526,0.06923339,524.21,529.09,0.00031751742700710536,0.19584879402701422,326,0
1.34636375e-05,21.386414,488.04,11,1.5707577e-05,0.00025693106,4.487879e-05,0.034325544,488.04,524.21,0.00028610227450710535,0.10795256766451422,327,0
0.00011107501,21.051514,493.79,11,1.34636375e-05,1.5707577e-05,0.00025693106,0.0040626526,488.04,488.04,0.00014024622450710544,0.03883025267451421,328,0
0.00015034397,20.5318,488.04,11,0.00011107501,1.34636375e-05,1.5707577e-05,4.487879e-05,493.79,488.04,0.0002748826175071054,0.004655052644514211,329,0
1.4585607e-05,20.47873,483.39,11,0.00015034397,0.00011107501,1.34636375e-05,0.00025693106,488.04,493.79,0.0002760045870071054,0.0006069856515142108,330,0
0.0,20.699127,431.47,11,1.4585607e-05,0.00015034397,0.00011107501,1.5707577e-05,483.39,488.04,0.00016492957700710542,0.0005621068615142108,331,0
5.834243e-05,21.293243,453.35,11,0.0,1.4585607e-05,0.00015034397,1.34636375e-05,431.47,483.39,7.292803700710543e-05,0.00036351823151421086,332,0
0.0003837137,21.7807,453.35,11,5.834243e-05,0.0,1.4585607e-05,0.00011107501,453.35,431.47,0.0004420561300071055,0.0007315243545142108,333,0
0.00014136819,21.873688,431.47,11,0.0003837137,5.834243e-05,0.0,0.00015034397,453.35,453.35,0.0005834243200071054,0.0008594289070142109,334,0
5.1610612e-05,21.719849,431.47,12,0.00014136819,0.0003837137,5.834243e-05,1.4585607e-05,431.47,453.35,0.0005766925020071054,0.0007999645090142109,335,0
3.3659094e-06,21.057892,380.48,12,5.1610612e-05,0.00014136819,0.0003837137,0.0,431.47,431.47,0.0001963447114071054,0.000652986448414211,336,0
1.4585607e-05,20.699097,359.55,12,3.3659094e-06,5.1610612e-05,0.00014136819,5.834243e-05,380.48,431.47,6.956212840710538e-05,0.0006529864484142109,337,0
0.00019410078,20.477356,375.44,12,1.4585607e-05,3.3659094e-06,5.1610612e-05,0.0003837137,359.55,380.48,0.00021205229640710538,0.0008470872284142109,338,0
0.0002670288,20.319214,359.55,12,0.00019410078,1.4585607e-05,3.3659094e-06,0.00014136819,375.44,359.55,0.00047571518700710537,0.0010557735984142108,339,0
0.00014697804,20.350464,337.17,12,0.0002670288,0.00019410078,1.4585607e-05,5.1610612e-05,359.55,375.44,0.0006081076200071054,0.0008190379384142109,340,0
0.0013295341,20.36261,359.55,12,0.00014697804,0.0002670288,0.00019410078,3.3659094e-06,337.17,359.55,0.0017435409400071056,0.0020072038484142112,341,0
0.004041335,20.586487,375.44,12,0.0013295341,0.00014697804,0.0002670288,1.4585607e-05,359.55,337.17,0.005517847140007106,0.0059969282364142115,342,0
0.003729428,21.017578,337.17,12,0.004041335,0.0013295341,0.00014697804,0.00019410078,375.44,359.55,0.009100297100007107,0.009722990327014212,343,0
0.0003085417,21.489502,337.17,12,0.003729428,0.004041335,0.0013295341,0.0002670288,337.17,375.44,0.008079304700007105,0.010016946420014211,344,0
0.013068704,21.44278,333.49,12,0.0003085417,0.003729428,0.004041335,0.00014697804,337.17,337.17,0.017106673700007104,0.022891549640014212,345,0
0.04952038,21.166168,303.69,12,0.013068704,0.0003085417,0.003729428,0.0013295341,333.49,337.17,0.0628976257000071,0.07214490084001421,346,0
0.11320002,20.938934,333.49,12,0.04952038,0.013068704,0.0003085417,0.004041335,303.69,333.49,0.1757891040000071,0.18519794280001423,347,0
0.39612153,20.917877,303.69,12,0.11320002,0.04952038,0.013068704,0.003729428,333.49,303.69,0.5588419300000071,0.5799899387000143,348,0
0.7287676,20.949554,299.48,12,0.39612153,0.11320002,0.04952038,0.0003085417,303.69,333.49,1.238089150000007,1.3047162037000142,349,0
0.11766657,19.912659,291.4,12,0.7287676,0.39612153,0.11320002,0.013068704,299.48,303.69,1.2425557000000071,1.4186533457000141,350,0
0.021774067,17.756744,284.66,12,0.11766657,0.7287676,0.39612153,0.04952038,291.4,299.48,0.868208237000007,1.4401188710000141,351,0
0.0,17.20401,284.66,12,0.021774067,0.11766657,0.7287676,0.11320002,284.66,291.4,0.139440637000007,1.427050167000014,352,0
6.7318188e-06,17.382965,291.4,12,0.0,0.021774067,0.11766657,0.39612153,284.66,284.66,0.021780798818806995,1.377536518818814,353,0
0.00047347124,17.701904,284.66,12,6.7318188e-06,0.0,0.021774067,0.7287676,291.4,284.66,0.00048020305880699444,1.264809970058814,354,0
6.7318188e-06,17.989166,284.66,12,0.00047347124,6.7318188e-06,0.0,0.11766657,284.66,291.4,0.00048693487760699447,0.868695171877614,355,0
6.1708335e-05,18.022583,267.04,12,6.7318188e-06,0.00047347124,6.7318188e-06,0.021774067,284.66,284.66,0.0005419113938069945,0.1399892802126141,356,0
0.00026927274,18.41864,267.67,12,6.1708335e-05,6.7318188e-06,0.00047347124,0.0,267.04,284.66,0.0003377128938069944,0.022591982952614102,357,0
2.2439394e-06,18.69519,284.97,12,0.00026927274,6.1708335e-05,6.7318188e-06,6.7318188e-06,267.67,267.04,0.00033322501440699435,0.0008201598920140998,358,0
1.5707577e-05,18.655823,267.67,12,2.2439394e-06,0.00026927274,6.1708335e-05,0.00047347124,284.97,267.67,0.0002872242564069944,0.0008358674690140998,359,0
0.0,17.725525,284.02,12,1.5707577e-05,2.2439394e-06,0.00026927274,6.7318188e-06,267.67,284.97,1.7951516406994404e-05,0.0008291356502140998,360,0
2.2439394e-06,16.660522,267.67,12,0.0,1.5707577e-05,2.2439394e-06,6.1708335e-05,284.02,267.67,1.7951516406994404e-05,0.0003579083496140998,361,0
0.0,16.62207,267.67,12,2.2439394e-06,0.0,1.5707577e-05,0.00026927274,267.67,284.02,2.243939406994405e-06,0.0003511765308140998,362,0
0.9367258,18.110626,266.41,12,0.0,2.2439394e-06,0.0,2.2439394e-06,267.67,267.67,0.936728043939407,0.9370152681958142,363,0
1.8624092,19.768005,284.02,12,0.9367258,0.0,2.2439394e-06,1.5707577e-05,266.41,267.67,2.7991350000000073,2.799155195455814,364,0
8.657685,19.83612,285.29,12,1.8624092,0.9367258,0.0,0.0,284.02,266.41,11.456820000000008,11.456837951516414,365,0
13.866194,20.309723,285.29,1,8.657685,1.8624092,0.9367258,2.2439394e-06,285.29,284.02,24.38628820000001,25.323016243939414,1,0
1.9998697,21.283966,299.48,1,13.866194,8.657685,1.8624092,0.0,285.29,285.29,24.523748700000006,27.322885943939415,2,0
2.614807,21.668396,299.48,1,1.9998697,13.866194,8.657685,0.9367258,299.48,285.29,18.480870700000008,29.93769070000001,3,0
1.2873526,21.438568,291.4,1,2.614807,1.9998697,13.866194,1.8624092,299.48,299.48,5.902029300000007,31.225043300000014,4,0
0.082722835,19.567688,291.4,1,1.2873526,2.614807,1.9998697,8.657685,291.4,299.48,3.984882435000007,30.371040335000014,5,0
0.011412676,18.808746,284.02,1,0.082722835,1.2873526,2.614807,13.866194,291.4,291.4,1.381488111000007,28.520043811000015,6,0
0.004155776,18.892822,284.02,1,0.011412676,0.082722835,1.2873526,1.9998697,284.02,291.4,0.0982912870000071,19.86651458700001,7,0
0.22663228,18.75586,291.4,1,0.004155776,0.011412676,0.082722835,2.614807,284.02,284.02,0.24220073200000708,6.226952867000012,8,0
0.037092324,17.853333,299.48,1,0.22663228,0.004155776,0.011412676,1.2873526,291.4,284.02,0.2678803800000071,4.264175491000013,9,0
0.0,18.125366,333.49,1,0.037092324,0.22663228,0.004155776,0.082722835,299.48,291.4,0.2637246040000071,1.6493684910000124,10,0
0.0,17.72351,303.69,1,0.0,0.037092324,0.22663228,0.011412676,333.49,299.48,0.03709232400000711,0.3620158910000124,11,0
0.00038034777,17.865997,299.48,1,0.0,0.0,0.037092324,0.004155776,303.69,333.49,0.00038034777000710545,0.27967340377001243,12,0
0.0010916766,17.932678,291.4,1,0.00038034777,0.0,0.0,0.22663228,299.48,303.69,0.0014720243700071054,0.26935240437001245,13,0
0.00016268561,18.800446,285.29,1,0.0010916766,0.00038034777,0.0,0.037092324,291.4,299.48,0.0016347099800071054,0.26535931398001245,14,0
0.00026254094,19.088867,285.29,1,0.00016268561,0.0010916766,0.00038034777,0.0,285.29,291.4,0.0015169031500071053,0.03898957492001244,15,0
0.0040547987,18.847534,267.04,1,0.00026254094,0.00016268561,0.0010916766,0.0,285.29,285.29,0.004480025250007106,0.005952049620012435,16,0
0.00045215382,18.22287,285.29,1,0.0040547987,0.00026254094,0.00016268561,0.00038034777,267.04,285.29,0.004769493460007104,0.006404203440012434,17,0
0.004184947,17.432068,267.04,1,0.00045215382,0.0040547987,0.00026254094,0.0010916766,285.29,267.04,0.008691899520007103,0.010589150440012435,18,0
0.003940358,17.628784,267.04,1,0.004184947,0.00045215382,0.0040547987,0.00016268561,267.04,285.29,0.008577458820007103,0.014149160670012432,19,0
0.00023785759,18.0766,285.29,1,0.003940358,0.004184947,0.00045215382,0.00026254094,267.04,267.04,0.008363162590007103,0.013295341660012434,20,0
0.00023112577,18.756653,267.04,1,0.00023785759,0.003940358,0.004184947,0.0040547987,285.29,267.04,0.004409341360007105,0.013363781820012435,21,0
2.3561364e-05,19.50003,285.29,1,0.00023112577,0.00023785759,0.003940358,0.00045215382,267.04,285.29,0.0004925447240071046,0.013124802244012435,22,0
0.009242787,20.370178,267.04,1,2.3561364e-05,0.00023112577,0.00023785759,0.004184947,285.29,267.04,0.009497474134007105,0.018312790544012435,23,0
0.024513919,21.153198,284.02,1,0.009242787,2.3561364e-05,0.00023112577,0.003940358,267.04,285.29,0.033780267364007105,0.042374555724012435,24,0
0.009247275,21.60669,267.04,1,0.024513919,0.009242787,2.3561364e-05,0.00023785759,284.02,267.04,0.0430039810000071,0.04743688372401243,25,0
0.0046976875,21.835022,259.45,1,0.009247275,0.024513919,0.009242787,0.00023112577,267.04,284.02,0.0384588815000071,0.04819421322401243,26,0
0.025453007,22.059479,259.45,1,0.0046976875,0.009247275,0.024513919,2.3561364e-05,259.45,267.04,0.039397969500007096,0.07340936263401243,27,0
0.08685168,22.101288,284.2,1,0.025453007,0.0046976875,0.009247275,0.009242787,259.45,259.45,0.1170023745000071,0.16002991686401244,28,0
0.20796494,21.787842,267.04,1,0.08685168,0.025453007,0.0046976875,0.024513919,284.2,259.45,0.32026962700000705,0.3679712955000124,29,0
0.21528244,20.312256,258.82,1,0.20796494,0.08685168,0.025453007,0.009247275,267.04,284.2,0.510099060000007,0.5740109485000124,30,0
0.12653014,19.16156,258.82,1,0.21528244,0.20796494,0.08685168,0.0046976875,258.82,267.04,0.5497775200000071,0.6760271695000124,31,0
0.019849889,19.649963,266.41,2,0.12653014,0.21528244,0.20796494,0.025453007,258.82,258.82,0.36166246900000715,0.6866297835000124,32,0
0.0013250463,20.726868,249.47,2,0.019849889,0.12653014,0.21528244,0.08685168,266.41,258.82,0.14770507530000712,0.6832571423000124,33,0
4.2634852e-05,21.835175,209.97,2,0.0013250463,0.019849889,0.12653014,0.20796494,249.47,266.41,0.021217570152007103,0.6578467701520124,34,0
0.00022215,22.60257,209.97,2,4.2634852e-05,0.0013250463,0.019849889,0.21528244,209.97,249.47,0.0015898311520071054,0.5712172401520125,35,0
0.0026422387,22.236023,206.54,2,0.00022215,4.2634852e-05,0.0013250463,0.12653014,209.97,209.97,0.0029070235520071057,0.36589453885201245,36,0
3.926894e-05,21.589783,206.54,2,0.0026422387,0.00022215,4.2634852e-05,0.019849889,206.54,209.97,0.0029036576400071055,0.15065136779201244,37,0
0.0005172281,21.957764,203.86,2,3.926894e-05,0.0026422387,0.00022215,0.0013250463,206.54,206.54,0.0031987357400071054,0.024638455892012433,38,0
0.013918036,22.378296,196.14,2,0.0005172281,3.926894e-05,0.0026422387,4.2634852e-05,203.86,206.54,0.014474533040007105,0.018706602892012435,39,0
0.20292282,21.905945,192.78,2,0.013918036,0.0005172281,3.926894e-05,0.00022215,196.14,203.86,0.21735808410000712,0.22030437659201244,40,0
0.13722363,22.398193,182.78,2,0.20292282,0.013918036,0.0005172281,0.0026422387,192.78,196.14,0.3540644860000072,0.35748537174001244,41,0
1.019341,22.039917,177.67,2,0.13722363,0.20292282,0.013918036,3.926894e-05,182.78,192.78,1.3594874500000071,1.3766042217400125,42,0
3.6387277,20.967346,166.29,2,1.019341,0.13722363,0.20292282,0.0005172281,177.67,182.78,4.795292330000008,5.012689683040012,43,0
0.20755094,21.972656,164.63,2,3.6387277,1.019341,0.13722363,0.013918036,166.29,177.67,4.865619640000007,5.220201354100013,44,0
0.07241193,22.33728,164.63,2,0.20755094,3.6387277,1.019341,0.20292282,164.63,166.29,3.918690570000007,5.2920960560000125,45,0
0.019062268,23.771362,168.29,2,0.07241193,0.20755094,3.6387277,0.13722363,164.63,164.63,0.2990251380000071,5.297240288000013,46,0
0.15913346,23.911926,161.72,2,0.019062268,0.07241193,0.20755094,1.019341,168.29,164.63,0.2506076580000071,5.253450928000013,47,0
0.10786393,24.469147,164.63,2,0.15913346,0.019062268,0.07241193,3.6387277,161.72,168.29,0.2860596580000071,5.224091228000012,48,0
0.23552616,25.057281,168.29,2,0.10786393,0.15913346,0.019062268,0.20755094,164.63,161.72,0.5025235500000071,4.4402763880000125,49,0
0.13194364,24.87967,161.72,2,0.23552616,0.10786393,0.15913346,0.07241193,168.29,164.63,0.4753337300000071,0.9334923280000125,50,0
0.10683508,24.785583,154.63,2,0.13194364,0.23552616,0.10786393,0.019062268,161.72,168.29,0.47430488000000715,0.8327764680000125,51,0
0.08919099,24.734375,157.26,2,0.10683508,0.13194364,0.23552616,0.15913346,154.63,161.72,0.3279697100000071,0.8495555280000124,52,0
0.0042118747,25.351105,159.09,2,0.08919099,0.10683508,0.13194364,0.10786393,157.26,154.63,0.2002379447000071,0.8347051347000125,53,0
0.00041737274,25.538208,152.96,2,0.0042118747,0.08919099,0.10683508,0.23552616,159.09,157.26,0.0938202374400071,0.6759890474400124,54,0
1.1219697e-06,25.934998,157.26,2,0.00041737274,0.0042118747,0.08919099,0.13194364,152.96,159.09,0.0046303694097071055,0.5681262394097125,55,0
0.0,26.153564,151.75,2,1.1219697e-06,0.00041737274,0.0042118747,0.10683508,157.26,152.96,0.00041849470970710547,0.3326000794097124,56,0
0.00013575834,26.427246,152.96,2,0.0,1.1219697e-06,0.00041737274,0.08919099,151.75,157.26,0.00013688030970710542,0.20079219774971244,57,0
0.0036306942,26.25592,152.96,2,0.00013575834,0.0,1.1219697e-06,0.0042118747,152.96,151.75,0.0037664525400071054,0.09758781194971243,58,0
0.022486517,26.359772,151.75,2,0.0036306942,0.00013575834,0.0,0.00041737274,152.96,152.96,0.026252969540007106,0.030883338949712437,59,0
0.69384634,24.871857,151.16,3,0.022486517,0.0036306942,0.00013575834,1.1219697e-06,151.75,152.96,0.7199635512000071,0.7205178042497125,60,0
4.985506,23.187805,154.63,3,0.69384634,0.022486517,0.0036306942,0.0,151.16,151.75,5.701838857000007,5.705606431509713,61,0
1.2726638,24.440948,157.26,3,4.985506,0.69384634,0.022486517,0.00013575834,154.63,151.16,6.952016140000008,6.978269109540013,62,0
1.1936512,23.892334,168.29,3,1.2726638,4.985506,0.69384634,0.0036306942,157.26,154.63,7.451821000000007,8.171920309540013,63,0
0.030529918,23.850952,154.63,3,1.1936512,1.2726638,4.985506,0.022486517,168.29,157.26,2.496844918000007,8.202314469200013,64,0
0.040820625,24.295288,154.63,3,0.030529918,1.1936512,1.2726638,0.69384634,154.63,168.29,1.2650017430000071,8.239504400000014,65,0
0.032366585,24.864075,152.96,3,0.040820625,0.030529918,1.1936512,4.985506,154.63,154.63,0.10371712800000711,8.249384468000013,66,0
0.02602409,25.809692,151.16,3,0.032366585,0.040820625,0.030529918,1.2726638,152.96,154.63,0.09921130000000711,7.581562218000013,67,0
0.6350192,26.194397,154.63,3,0.02602409,0.032366585,0.040820625,1.1936512,151.16,152.96,0.6934098750000071,3.231075418000012,68,0
0.5052241,26.700012,152.96,3,0.6350192,0.02602409,0.032366585,0.030529918,154.63,151.16,1.1662673900000071,2.4636357180000124,69,0
0.12242934,27.21347,151.16,3,0.5052241,0.6350192,0.02602409,0.040820625,152.96,154.63,1.2626726400000072,1.3924138580000125,70,0
0.070702046,27.08789,151.75,3,0.12242934,0.5052241,0.6350192,0.032366585,151.16,152.96,0.6983554860000071,1.4325859860000123,71,0
0.15323864,27.36139,152.96,3,0.070702046,0.12242934,0.5052241,0.02602409,151.75,151.16,0.3463700260000071,1.5450040010000123,72,0
0.39864597,27.20282,149.72,3,0.15323864,0.070702046,0.12242934,0.6350192,152.96,151.75,0.6225866560000071,1.9112833860000125,73,0
0.32407984,27.003326,149.72,3,0.39864597,0.15323864,0.070702046,0.5052241,149.72,152.96,0.8759644500000072,2.2093391360000125,74,0
0.1549474,26.588074,147.87,3,0.32407984,0.39864597,0.15323864,0.12242934,149.72,149.72,0.8776732100000071,1.7292673360000124,75,0
0.07602018,27.637634,146.69,3,0.1549474,0.32407984,0.39864597,0.070702046,147.87,149.72,0.5550474200000072,1.3000634160000124,76,0
0.38185793,27.101746,149.72,3,0.07602018,0.1549474,0.32407984,0.15323864,146.69,147.87,0.6128255100000071,1.5594920060000124,77,0
0.04020915,26.78128,146.69,3,0.38185793,0.07602018,0.1549474,0.39864597,149.72,146.69,0.49808726000000714,1.5289991100000127,78,0
0.008369895,27.311523,149.72,3,0.04020915,0.38185793,0.07602018,0.32407984,146.69,149.72,0.4304369750000071,1.3841303650000125,79,0
0.0026545806,27.600525,151.16,3,0.008369895,0.04020915,0.38185793,0.1549474,149.72,146.69,0.051233625600007104,0.9881389756000125,80,0
0.00077415915,28.310059,147.87,3,0.0026545806,0.008369895,0.04020915,0.07602018,151.16,149.72,0.011798634750007106,0.6648332947500124,81,0
0.015198204,29.093079,146.69,3,0.00077415915,0.0026545806,0.008369895,0.38185793,147.87,151.16,0.018626943750007105,0.5250840987500125,82,0
0.33788118,29.129456,149.72,3,0.015198204,0.00077415915,0.0026545806,0.04020915,146.69,147.87,0.3538535431500071,0.7869450987500124,83,0
0.59771264,28.912384,151.16,3,0.33788118,0.015198204,0.00077415915,0.008369895,149.72,146.69,0.9507920240000072,1.0027998087500125,84,0
0.16758303,28.866333,152.96,3,0.59771264,0.33788118,0.015198204,0.0026545806,151.16,149.72,1.1031768500000072,1.1301736887500125,85,0
1.3761352,28.670532,152.96,3,0.16758303,0.59771264,0.33788118,0.00077415915,152.96,151.16,2.141430870000007,2.4979389937500125,86,0
2.3623152,28.21405,149.72,3,1.3761352,0.16758303,0.59771264,0.015198204,152.96,152.96,3.906033430000007,4.857599613150012,87,0
0.75962967,28.804169,149.72,3,2.3623152,1.3761352,0.16758303,0.33788118,149.72,152.96,4.498080070000007,5.616455124000012,88,0
3.3189058,26.109467,146.69,3,0.75962967,2.3623152,1.3761352,0.59771264,149.72,149.72,6.440850670000007,8.920162720000013,89,0
0.8944579,27.918518,151.16,3,3.3189058,0.75962967,2.3623152,0.16758303,146.69,149.72,4.972993370000007,9.476739440000014,90,0
0.2410395,29.357666,152.96,4,0.8944579,3.3189058,0.75962967,1.3761352,151.16,146.69,4.454403200000007,9.120066300000012,91,0
0.24272919,29.809021,149.72,4,0.2410395,0.8944579,3.3189058,2.3623152,152.96,151.16,1.3782265900000072,9.195212460000013,92,0
0.0005968879,30.631409,149.72,4,0.24272919,0.2410395,0.8944579,0.75962967,149.72,152.96,0.4843655779000071,7.819674147900012,93,0
0.11116477,30.629333,146.69,4,0.0005968879,0.24272919,0.2410395,3.3189058,149.72,149.72,0.3544908479000071,5.568523717900013,94,0
0.48125547,30.027496,143.58,4,0.11116477,0.0005968879,0.24272919,0.8944579,146.69,149.72,0.5930171279000072,5.290149517900013,95,0
0.7422413,29.659607,140.48,4,0.48125547,0.11116477,0.0005968879,0.2410395,143.58,146.69,1.334661540000007,2.7134850179000125,96,0
4.067973,29.253235,140.48,4,0.7422413,0.48125547,0.11116477,0.24272919,140.48,143.58,5.291469770000007,5.887000117900013,97,0
4.3617096,28.007874,137.65,4,4.067973,0.7422413,0.48125547,0.0005968879,140.48,140.48,9.171923900000007,10.007670217900014,98,0
0.87698317,28.237122,137.65,4,4.3617096,4.067973,0.7422413,0.11116477,137.65,140.48,9.306665770000007,10.641924197900012,99,0
0.7465699,29.19049,140.48,4,0.87698317,4.3617096,4.067973,0.48125547,137.65,137.65,5.985262670000007,11.387897210000014,100,0
3.4695404,27.546204,140.48,4,0.7465699,0.87698317,4.3617096,0.7422413,140.48,137.65,5.0930934700000074,14.746272840000014,101,0
6.4824486,24.881256,143.58,4,3.4695404,0.7465699,0.87698317,4.067973,140.48,140.48,10.698558900000007,20.747465970000015,102,0
2.4635136,25.39087,146.69,4,6.4824486,3.4695404,0.7465699,4.3617096,143.58,140.48,12.415502600000007,22.468738270000014,103,0
1.6144986,25.580566,152.96,4,2.4635136,6.4824486,3.4695404,0.87698317,146.69,143.58,10.560460800000007,20.015263870000016,104,0
2.63661,25.823242,203.86,4,1.6144986,2.4635136,6.4824486,0.7465699,152.96,146.69,6.714622200000007,18.290164270000012,105,0
0.90717095,27.285034,206.54,4,2.63661,1.6144986,2.4635136,3.4695404,203.86,152.96,5.158279550000008,18.32035205000001,106,0
1.1494299,27.890503,196.14,4,0.90717095,2.63661,1.6144986,6.4824486,206.54,203.86,4.693210850000007,18.723212050000015,107,0
0.01116472,30.046082,157.26,4,1.1494299,0.90717095,2.63661,2.4635136,196.14,206.54,2.067765570000007,15.264836370000012,108,0
0.011152378,31.518433,168.29,4,0.01116472,1.1494299,0.90717095,1.6144986,157.26,196.14,1.171746998000007,8.793540148000012,109,0
0.3719554,31.846527,206.54,4,0.011152378,0.01116472,1.1494299,2.63661,168.29,157.26,0.3942724980000071,6.701981948000012,110,0
0.48506007,32.040833,210.91,4,0.3719554,0.011152378,0.01116472,0.90717095,206.54,168.29,0.868167848000007,5.572543418000013,111,0
0.749753,31.772156,206.54,4,0.48506007,0.3719554,0.011152378,1.1494299,210.91,206.54,1.606768470000007,3.6856864180000124,112,0
2.0847614,30.742126,206.54,4,0.749753,0.48506007,0.3719554,0.01116472,206.54,210.91,3.319574470000007,4.863276868000012,113,0
5.406062,28.164764,196.14,4,2.0847614,0.749753,0.48506007,0.011152378,206.54,206.54,8.240576400000007,9.119908968000011,114,0
6.3270164,26.938782,168.29,4,5.406062,2.0847614,0.749753,0.3719554,196.14,206.54,13.817839800000007,15.435760648000013,115,0
4.60539,26.886566,177.67,4,6.3270164,5.406062,2.0847614,0.48506007,168.29,196.14,16.338468400000007,20.02999827000001,116,0
2.5688396,28.126617,157.26,4,4.60539,6.3270164,5.406062,0.749753,177.67,168.29,13.501246000000007,22.22688247000001,117,0
2.1587665,28.762634,157.26,4,2.5688396,4.60539,6.3270164,2.0847614,157.26,177.67,9.332996100000006,23.90058890000001,118,0
0.7099757,29.459381,154.63,4,2.1587665,2.5688396,4.60539,5.406062,157.26,157.26,5.437581800000007,23.860811600000012,119,0
0.22130069,30.212646,168.29,4,0.7099757,2.1587665,2.5688396,6.3270164,154.63,157.26,3.090042890000007,21.99735089000001,120,0
0.3399939,30.967285,182.78,5,0.22130069,0.7099757,2.1587665,4.60539,168.29,154.63,1.271270290000007,16.931282790000008,121,0
0.78529924,31.041565,168.29,5,0.3399939,0.22130069,0.7099757,2.5688396,182.78,168.29,1.346593830000007,11.38956563000001,122,0
1.2643914,30.18518,157.26,5,0.78529924,0.3399939,0.22130069,2.1587665,168.29,182.78,2.3896845400000073,8.048567030000012,123,0
1.480006,29.575928,154.63,5,1.2643914,0.78529924,0.3399939,0.7099757,157.26,168.29,3.529696640000007,6.959733430000011,124,0
1.2842458,30.061066,153.73,5,1.480006,1.2643914,0.78529924,0.22130069,154.63,157.26,4.028643200000007,6.085212730000012,125,0
0.9881761,30.671997,168.29,5,1.2842458,1.480006,1.2643914,0.3399939,153.73,154.63,3.7524279000000074,6.363413130000011,126,0
0.35495758,31.088226,196.14,5,0.9881761,1.2842458,1.480006,0.78529924,168.29,153.73,2.627379480000007,6.497070020000011,127,0
0.17880383,31.9422,177.68,5,0.35495758,0.9881761,1.2842458,1.2643914,196.14,168.29,1.521937510000007,6.335879950000011,128,0
0.3143535,32.02838,182.78,5,0.17880383,0.35495758,0.9881761,1.480006,177.68,196.14,0.8481149100000072,5.864934210000012,129,0
1.0943469,31.386902,203.86,5,0.3143535,0.17880383,0.35495758,1.2842458,182.78,177.68,1.587504230000007,5.6948897100000115,130,0
1.574744,29.89093,196.14,5,1.0943469,0.3143535,0.17880383,0.9881761,203.86,182.78,2.983444400000007,5.789627710000011,131,0
0.4314658,31.211243,209.97,5,1.574744,1.0943469,0.3143535,0.35495758,196.14,203.86,3.1005567000000074,4.936847710000011,132,0
2.667879,30.624939,206.54,5,0.4314658,1.574744,1.0943469,0.17880383,209.97,196.14,4.674088800000007,6.6165506100000115,133,0
2.4308631,30.868774,203.86,5,2.667879,0.4314658,1.574744,0.3143535,206.54,209.97,5.530207900000008,8.69245613000001,134,0
6.919735,29.721802,196.14,5,2.4308631,2.667879,0.4314658,1.0943469,203.86,206.54,12.018477100000007,15.43338730000001,135,0
9.131154,28.624756,192.78,5,6.919735,2.4308631,2.667879,1.574744,196.14,203.86,18.48175210000001,24.250187800000013,136,0
0.85022193,29.934143,191.85,5,9.131154,6.919735,2.4308631,0.4314658,192.78,196.14,16.90111093000001,24.006062830000012,137,0
0.3277756,31.52713,209.97,5,0.85022193,9.131154,6.919735,2.667879,191.85,192.78,10.309151530000008,22.75909443000001,138,0
0.17677532,32.61682,203.86,5,0.3277756,0.85022193,9.131154,2.4308631,209.97,191.85,1.3547728500000071,22.50440395000001,139,0
0.11900734,33.393097,196.14,5,0.17677532,0.3277756,0.85022193,6.919735,203.86,209.97,0.6235582600000071,19.95553229000001,140,0
0.027900023,34.099,168.29,5,0.11900734,0.17677532,0.3277756,9.131154,196.14,203.86,0.32368268300000713,17.552569213000012,141,0
0.018985972,34.426605,157.26,5,0.027900023,0.11900734,0.17677532,0.85022193,168.29,196.14,0.1658933350000071,10.651820185000012,142,0
0.2100406,34.59793,153.73,5,0.018985972,0.027900023,0.11900734,0.3277756,157.26,168.29,0.2569265950000071,1.7307067850000124,143,0
0.14736736,34.65326,191.85,5,0.2100406,0.018985972,0.027900023,0.17677532,153.73,157.26,0.37639393200000715,1.0278522150000124,144,0
0.12260102,34.849426,168.29,5,0.14736736,0.2100406,0.018985972,0.11900734,191.85,153.73,0.48000898000000713,0.8226776350000125,145,0
0.1775001,34.060364,159.09,5,0.12260102,0.14736736,0.2100406,0.027900023,168.29,191.85,0.44746848000000716,0.8234024150000124,146,0
0.2720272,33.719666,157.26,5,0.1775001,0.12260102,0.14736736,0.018985972,159.09,168.29,0.5721283200000071,0.9764222750000124,147,0
0.08105558,33.741974,159.09,5,0.2720272,0.1775001,0.12260102,0.2100406,157.26,159.09,0.5305828800000072,1.0295778320000124,148,0
0.11571997,34.06201,164.63,5,0.08105558,0.2720272,0.1775001,0.14736736,159.09,157.26,0.4688027500000072,1.1263118300000123,149,0
0.22103815,34.011047,168.29,5,0.11571997,0.08105558,0.2720272,0.12260102,164.63,159.09,0.41781370000000717,1.1373093800000125,150,0
2.5617993,32.210876,161.72,5,0.22103815,0.11571997,0.08105558,0.1775001,168.29,164.63,2.8985574200000075,3.5517413200000125,151,0
0.88224185,30.813354,159.09,6,2.5617993,0.22103815,0.11571997,0.2720272,161.72,168.29,3.6650793000000075,4.3113821500000125,152,0
2.9880917,30.657166,161.72,6,0.88224185,2.5617993,0.22103815,0.08105558,159.09,161.72,6.4321328500000075,7.121973750000012,153,0
2.8912296,29.935303,168.29,6,2.9880917,0.88224185,2.5617993,0.11571997,161.72,159.09,6.761563150000008,9.741176150000012,154,0
4.925836,29.890076,177.67,6,2.8912296,2.9880917,0.88224185,0.22103815,168.29,161.72,10.805157300000008,14.585956570000011,155,0
8.038104,29.394348,168.29,6,4.925836,2.8912296,2.9880917,2.5617993,177.67,168.29,15.855169600000009,22.50834060000001,156,0
3.4340622,29.85733,192.78,6,8.038104,4.925836,2.8912296,0.88224185,168.29,177.67,16.398002200000008,25.721364650000012,157,0
2.8673744,30.752594,182.78,6,3.4340622,8.038104,4.925836,2.9880917,192.78,168.29,14.339540600000008,26.026939750000015,158,0
3.2235413,31.63507,209.97,6,2.8673744,3.4340622,8.038104,2.8912296,182.78,192.78,9.524977900000007,28.368239200000012,159,0
0.78798074,32.334015,284.02,6,3.2235413,2.8673744,3.4340622,4.925836,209.97,182.78,6.878896440000007,26.168128240000012,160,0
0.8552922,33.54065,375.44,6,0.78798074,3.2235413,2.8673744,8.038104,284.02,209.97,4.866814240000006,24.132190840000014,161,0
7.0297976,32.247833,529.09,6,0.8552922,0.78798074,3.2235413,3.4340622,375.44,284.02,8.673070540000007,26.236152440000012,162,0
12.0424595,28.064087,577.75,6,7.0297976,0.8552922,0.78798074,2.8673744,529.09,375.44,19.927549300000006,30.24050794000001,163,0
13.219805,28.329315,555.52,6,12.0424595,7.0297976,0.8552922,3.2235413,577.75,529.09,32.2920621,40.02625074000001,164,0
16.388376,27.379913,453.35,6,13.219805,12.0424595,7.0297976,0.78798074,555.52,577.75,41.65064050000001,53.54725234000001,165,0
12.400928,27.686798,359.55,6,16.388376,13.219805,12.0424595,0.8552922,453.35,555.52,42.00910900000001,62.72463904000001,166,0
9.713935,28.37967,375.44,6,12.400928,16.388376,13.219805,7.0297976,359.55,453.35,38.50323900000001,71.65059330000001,167,0
7.5587845,28.771545,431.47,6,9.713935,12.400928,16.388376,12.0424595,375.44,359.55,29.6736475,78.3540856,168,0
6.5577207,29.06897,544.98,6,7.5587845,9.713935,12.400928,13.219805,431.47,375.44,23.8304402,77.88200870000001,169,0
8.064238,29.013062,555.52,6,6.5577207,7.5587845,9.713935,16.388376,544.98,431.47,22.180743200000002,73.90378720000001,170,0
15.669287,28.283508,756.32,6,8.064238,6.5577207,7.5587845,12.400928,555.52,544.98,30.291245700000005,76.3532692,171,0
33.53731,27.052734,747.88,6,15.669287,8.064238,6.5577207,9.713935,756.32,555.52,57.270835000000005,93.5022032,172,1
31.311653,26.018433,577.75,6,33.53731,15.669287,8.064238,7.5587845,747.88,756.32,80.51825,112.41292820000001,173,1
20.884268,26.643524,1097.98,6,31.311653,33.53731,15.669287,6.5577207,577.75,747.88,85.73323099999999,123.58326120000001,174,1
6.7503242,28.042358,1111.98,6,20.884268,31.311653,33.53731,8.064238,1097.98,577.75,58.9462452,122.7748009,175,0
6.1672873,28.121887,2047.63,6,6.7503242,20.884268,31.311653,15.669287,1111.98,1097.98,33.8018795,122.3843675,176,0
2.853702,28.494019,2531.97,6,6.1672873,6.7503242,20.884268,33.53731,2047.63,1111.98,15.7713135,117.1738315,177,0
4.7582097,28.880524,2220.59,6,2.853702,6.1672873,6.7503242,31.311653,2531.97,2047.63,13.779199,106.26275420000002,178,0
7.48686,28.083893,1478.53,6,4.7582097,2.853702,6.1672873,20.884268,2220.59,2531.97,15.0987717,80.2123042,179,0
10.709775,27.965637,1111.87,6,7.48686,4.7582097,2.853702,6.7503242,1478.53,2220.59,22.954844700000002,59.610426200000006,180,0
12.212347,27.227722,855.16,6,10.709775,7.48686,4.7582097,6.1672873,1111.87,1478.53,30.408981999999998,50.93850520000001,181,0
13.294219,27.001587,756.32,7,12.212347,10.709775,7.48686,2.853702,855.16,1111.87,36.216341,57.482400000000005,182,0
11.459114,27.418823,754.97,7,13.294219,12.212347,10.709775,4.7582097,756.32,855.16,36.96568,62.77422670000001,183,0
6.461502,28.386719,577.75,7,11.459114,13.294219,12.212347,7.48686,754.97,756.32,31.214835,66.38202670000001,184,0
3.2174537,29.163452,747.88,7,6.461502,11.459114,13.294219,10.709775,577.75,754.97,21.138069700000003,64.84127070000001,185,0
7.3125153,29.684357,756.32,7,3.2174537,6.461502,11.459114,12.212347,747.88,577.75,16.991471,64.666926,186,0
6.4599376,29.008362,855.16,7,7.3125153,3.2174537,6.461502,13.294219,756.32,747.88,16.9899066,60.41708860000001,187,0
13.311057,28.655151,855.16,7,6.4599376,7.3125153,3.2174537,11.459114,855.16,756.32,27.083509900000003,61.515798600000004,188,0
16.28897,27.390503,873.17,7,13.311057,6.4599376,7.3125153,6.461502,855.16,855.16,36.0599646,64.5105496,189,0
25.035135,26.567352,844.94,7,16.28897,13.311057,6.4599376,3.2174537,873.17,855.16,54.635162,78.0865706,190,1
32.871174,25.727692,747.58,7,25.035135,16.28897,13.311057,7.3125153,844.94,873.17,74.195279,104.49624260000002,191,1
14.611418,26.349121,754.97,7,32.871174,25.035135,16.28897,6.4599376,747.58,844.94,72.51772700000001,115.89020690000001,192,0
1.8515675,28.242584,1097.98,7,14.611418,32.871174,25.035135,13.311057,754.97,747.58,49.33415950000001,110.42925910000001,193,0
7.737914,28.758423,3355.32,7,1.8515675,14.611418,32.871174,16.28897,1097.98,754.97,24.2008995,111.70723550000001,194,0
5.502345,29.124695,3573.88,7,7.737914,1.8515675,14.611418,25.035135,3355.32,1097.98,15.0918265,103.89852350000001,195,0
12.6553335,28.511719,2531.97,7,5.502345,7.737914,1.8515675,32.871174,3573.88,3355.32,25.8955925,100.264887,196,0
15.288212,27.664368,2776.19,7,12.6553335,5.502345,7.737914,14.611418,2531.97,3573.88,33.4458905,90.517964,197,0
12.690613,27.41919,8397.41,7,15.288212,12.6553335,5.502345,1.8515675,2776.19,2531.97,40.6341585,70.33740300000001,198,0
10.607785,27.281372,8436.45,7,12.690613,15.288212,12.6553335,7.737914,8397.41,2776.19,38.58661,66.33377000000002,199,0
8.513415,27.372131,8811.7,7,10.607785,12.690613,15.288212,5.502345,8436.45,8397.41,31.811813,72.99561750000001,200,0
8.966757,27.328125,9794.64,7,8.513415,10.607785,12.690613,12.6553335,8811.7,8436.45,28.087957,74.2244605,201,0
13.746746,27.414215,6521.68,7,8.966757,8.513415,10.607785,15.288212,9794.64,8811.7,31.226917999999998,82.46886150000002,202,0
19.874067,26.898224,5336.09,7,13.746746,8.966757,8.513415,12.690613,6521.68,9794.64,42.58757,89.68759500000002,203,1
14.988169,26.559082,3453.64,7,19.874067,13.746746,8.966757,10.607785,5336.09,6521.68,48.608982,89.38755200000001,204,0
13.021651,27.027649,3237.91,7,14.988169,19.874067,13.746746,8.513415,3453.64,5336.09,47.883887,89.71859000000002,205,0
23.128483,26.654907,2191.78,7,13.021651,14.988169,19.874067,8.966757,3237.91,3453.64,51.138303,102.23928800000002,206,1
14.659811,27.103333,2438.4,7,23.128483,13.021651,14.988169,13.746746,2191.78,3237.91,50.809945,108.38568400000001,207,0
17.095144,27.20581,3237.91,7,14.659811,23.128483,13.021651,19.874067,2438.4,2191.78,54.883438000000005,116.51407100000002,208,0
9.674979,27.603088,5930.29,7,17.095144,14.659811,23.128483,14.988169,3237.91,2438.4,41.429934,112.44230400000001,209,0
2.9843981,28.420319,8397.41,7,9.674979,17.095144,14.659811,13.021651,5930.29,3237.91,29.754521100000005,95.55263510000002,210,0
6.2045445,28.172607,5283.32,7,2.9843981,9.674979,17.095144,23.128483,8397.41,5930.29,18.8639216,86.76901060000002,211,0
10.877137,27.668823,4213.43,7,6.2045445,2.9843981,9.674979,14.659811,5283.32,8397.41,20.0660796,84.62449660000001,212,0
12.237723,27.094788,2870.44,8,10.877137,6.2045445,2.9843981,17.095144,4213.43,5283.32,29.319404499999997,73.73373660000001,213,0
28.188269,26.71228,2491.78,8,12.237723,10.877137,6.2045445,9.674979,2870.44,4213.43,51.303129,87.26219460000002,214,1
25.787947,25.858002,2531.97,8,28.188269,12.237723,10.877137,2.9843981,2491.78,2870.44,66.213939,95.95499760000001,215,1
3.3740234,26.935211,3855.44,8,25.787947,28.188269,12.237723,6.2045445,2531.97,2491.78,57.35023939999999,89.654042,216,0
0.4392007,26.791443,2973.88,8,3.3740234,25.787947,28.188269,10.877137,3855.44,2531.97,29.601171099999995,87.10884460000001,217,0
1.0191592,26.239685,12401.31,8,0.4392007,3.3740234,25.787947,12.237723,2973.88,3855.44,4.8323832999999965,81.92345930000002,218,0
2.1584468,27.374084,10396.7,8,1.0191592,0.4392007,3.3740234,28.188269,12401.31,2973.88,3.6168066999999966,73.20476910000001,219,0
2.8340025,28.396698,6521.68,8,2.1584468,1.0191592,0.4392007,25.787947,10396.7,12401.31,6.011608499999996,63.80104860000001,220,0
5.016585,28.846436,3855.44,8,2.8340025,2.1584468,1.0191592,3.3740234,6521.68,10396.7,10.009034299999996,40.62936460000002,221,0
10.443679,28.59436,3355.32,8,5.016585,2.8340025,2.1584468,0.4392007,3855.44,6521.68,18.294266499999996,25.285096600000013,222,0
9.4589815,28.136871,2182.82,8,10.443679,5.016585,2.8340025,1.0191592,3355.32,3855.44,24.919245499999995,31.370054700000015,223,0
15.02056,27.392426,1365.56,8,9.4589815,10.443679,5.016585,2.1584468,2182.82,3355.32,34.9232205,45.951414000000014,224,0
8.04418,27.674072,1569.36,8,15.02056,9.4589815,10.443679,2.8340025,1365.56,2182.82,32.52372149999999,52.97643480000001,225,0
2.1930447,28.019379,1132.0,8,8.04418,15.02056,9.4589815,5.016585,1569.36,1365.56,25.2577847,53.011032700000015,226,0
9.821792,28.014801,1132.0,8,2.1930447,8.04418,15.02056,10.443679,1132.0,1569.36,20.059016699999997,59.99882220000001,227,0
19.92946,26.96817,1365.56,8,9.821792,2.1930447,8.04418,9.4589815,1132.0,1132.0,31.944296699999995,74.91169720000002,228,1
13.474145,27.441284,1771.94,8,19.92946,9.821792,2.1930447,15.02056,1365.56,1132.0,43.225396999999994,77.94216320000001,229,0
9.3209915,27.676147,1945.03,8,13.474145,19.92946,9.821792,8.04418,1771.94,1365.56,42.7245965,77.80417320000002,230,0
6.4562845,27.672638,1851.08,8,9.3209915,13.474145,19.92946,2.1930447,1945.03,1771.94,29.251420999999997,69.23989770000001,231,0
1.9746408,27.889038,2531.97,8,6.4562845,9.3209915,13.474145,9.821792,1851.08,1945.03,17.751916799999996,63.17035850000001,232,0
3.00055,28.013184,2491.78,8,1.9746408,6.4562845,9.3209915,19.92946,2531.97,1851.08,11.431475299999995,63.977863800000016,233,0
2.9615257,27.852966,2130.21,8,3.00055,1.9746408,6.4562845,13.474145,2491.78,2531.97,7.936716499999997,57.11759750000002,234,0
6.610507,27.902985,1569.36,8,2.9615257,3.00055,1.9746408,9.3209915,2130.21,2491.78,12.572582699999996,43.798644500000016,235,0
8.783783,27.806427,1197.12,8,6.610507,2.9615257,3.00055,6.4562845,1569.36,2130.21,18.355815699999997,39.108282500000016,236,0
10.312403,27.839752,1156.04,8,8.783783,6.610507,2.9615257,1.9746408,1197.12,1569.36,25.706692999999994,40.099694000000014,237,0
17.409668,27.038727,1163.58,8,10.312403,8.783783,6.610507,3.00055,1156.04,1197.12,36.505854,51.053077500000015,238,0
22.33833,26.897858,1478.53,8,17.409668,10.312403,8.783783,2.9615257,1163.58,1156.04,50.060401,71.41676670000001,239,1
13.106608,27.339386,2220.59,8,22.33833,17.409668,10.312403,6.610507,1478.53,1163.58,52.854606,81.52282470000002,240,0
9.310378,27.587616,5868.35,8,13.106608,22.33833,17.409668,8.783783,2220.59,1478.53,44.755316,87.87167700000002,241,0
13.613294,27.418884,5422.85,8,9.310378,13.106608,22.33833,10.312403,5868.35,2220.59,36.03028,94.87446400000002,242,0
15.875637,27.043762,8154.1,8,13.613294,9.310378,13.106608,17.409668,5422.85,5868.35,38.799308999999994,101.96631800000002,243,0
8.845026,27.125671,159.09,9,15.875637,13.613294,9.310378,22.33833,8154.1,5422.85,38.333957,100.49894100000002,244,0
5.5486283,27.312439,161.72,9,8.845026,15.875637,13.613294,13.106608,159.09,8154.1,30.269291300000003,88.63790130000002,245,0
4.2776604,27.975555,168.29,9,5.5486283,8.845026,15.875637,9.310378,161.72,159.09,18.6713147,70.57723170000003,246,0
2.1855836,28.413818,177.67,9,4.2776604,5.5486283,8.845026,13.613294,168.29,161.72,12.0118723,59.65620730000001,247,0
4.2668543,28.262207,168.29,9,2.1855836,4.2776604,5.5486283,15.875637,177.67,168.29,10.730098300000002,54.61268360000001,248,0
3.5368931,28.374268,192.78,9,4.2668543,2.1855836,4.2776604,8.845026,168.29,177.67,9.989331,44.536282700000015,249,0
2.8642294,28.135742,182.78,9,3.5368931,4.2668543,2.1855836,5.5486283,192.78,168.29,10.6679768,31.524875100000017,250,0
3.7420046,27.838104,209.97,9,2.8642294,3.5368931,4.2668543,4.2776604,182.78,192.78,10.143127100000001,26.421853700000014,251,0
1.5442748,28.504578,284.02,9,3.7420046,2.8642294,3.5368931,2.1855836,209.97,182.78,8.150508799999999,22.417500200000013,252,0
3.9147177,28.672272,375.44,9,1.5442748,3.7420046,2.8642294,4.2668543,284.02,209.97,9.2009971,22.054557500000016,253,0
6.8161316,28.189209,529.09,9,3.9147177,1.5442748,3.7420046,3.5368931,375.44,284.02,12.2751241,26.685105500000013,254,0
6.8493752,27.483276,577.75,9,6.8161316,3.9147177,1.5442748,2.8642294,529.09,375.44,17.5802245,29.267626400000015,255,0
10.461597,27.361633,555.52,9,6.8493752,6.8161316,3.9147177,3.7420046,577.75,529.09,24.1271038,36.192330300000016,256,0
18.001099,27.517609,453.35,9,10.461597,6.8493752,6.8161316,1.5442748,555.52,577.75,35.3120712,51.32919990000002,257,0
20.423258,26.717926,375.44,9,18.001099,10.461597,6.8493752,3.9147177,453.35,555.52,48.885954,68.01045330000002,258,1
25.317287,26.485535,431.47,9,20.423258,18.001099,10.461597,6.8161316,375.44,453.35,63.741644,91.78346550000002,259,1
5.6742063,27.291687,544.98,9,25.317287,20.423258,18.001099,6.8493752,431.47,375.44,51.4147513,93.54295410000002,260,0
5.38514,28.227905,555.52,9,5.6742063,25.317287,20.423258,10.461597,544.98,431.47,36.376633299999995,92.11196250000002,261,0
18.989954,27.64212,756.32,9,5.38514,5.6742063,25.317287,18.001099,555.52,544.98,30.0493003,104.25254130000002,262,0
29.052855,26.012726,747.88,9,18.989954,5.38514,5.6742063,20.423258,756.32,555.52,53.427949,122.8437993,263,1
9.469888,26.228027,577.75,9,29.052855,18.989954,5.38514,25.317287,747.88,756.32,57.512696999999996,114.31258830000002,264,0
1.5011753,27.938507,1097.98,9,9.469888,29.052855,18.989954,5.6742063,577.75,747.88,40.0239183,95.39050560000001,265,0
1.5049081,28.443604,1111.87,9,1.5011753,9.469888,29.052855,5.38514,1097.98,577.75,12.475971399999999,71.57812670000001,266,0
1.0787808,28.198334,2047.63,9,1.5049081,1.5011753,9.469888,18.989954,1111.87,1097.98,4.0848642,66.98270120000002,267,0
0.5104076,28.456055,2047.63,9,1.0787808,1.5049081,1.5011753,29.052855,2047.63,1111.87,3.0940965,62.10796880000001,268,0
0.5606528,28.046509,2531.97,9,0.5104076,1.0787808,1.5049081,9.469888,2047.63,2047.63,2.1498412,43.67866760000001,269,0
0.50454867,27.840637,2220.59,9,0.5606528,0.5104076,1.0787808,1.5011753,2531.97,2047.63,1.57560907,15.130361270000014,270,0
0.8503061,27.90622,1478.53,9,0.50454867,0.5606528,0.5104076,1.5049081,2220.59,2531.97,1.91550757,6.510779370000014,271,0
0.32277614,28.154602,1111.87,9,0.8503061,0.50454867,0.5606528,1.0787808,1478.53,2220.59,1.67763091,5.332380210000014,272,0
1.1293793,28.472656,855.16,9,0.32277614,0.8503061,0.50454867,0.5104076,1111.87,1478.53,2.30246154,4.956851410000015,273,0
2.067007,28.4917,1156.04,10,1.1293793,0.32277614,0.8503061,0.5606528,855.16,1111.87,3.5191624399999997,5.9450776100000144,274,0
1.7822995,28.580322,1097.98,10,2.067007,1.1293793,0.32277614,0.50454867,1156.04,855.16,4.9786858,7.216969510000014,275,0
2.4782944,28.322998,1156.04,10,1.7822995,2.067007,1.1293793,0.8503061,1097.98,1156.04,6.327600899999999,9.134611110000014,276,0
2.08232,27.888672,1111.87,10,2.4782944,1.7822995,2.067007,0.32277614,1156.04,1097.98,6.3429139,10.712382440000013,277,0
0.6792708,27.587524,1138.76,10,2.08232,2.4782944,1.7822995,1.1293793,1111.87,1156.04,5.239885200000001,10.541347140000013,278,0
1.5859929,27.310577,873.67,10,0.6792708,2.08232,2.4782944,2.067007,1138.76,1111.87,4.3475836999999995,11.804563900000014,279,0
6.5634484,26.87799,855.16,10,1.5859929,0.6792708,2.08232,1.7822995,873.67,1138.76,8.8287121,17.238633000000014,280,0
1.5037862,27.478363,844.94,10,6.5634484,1.5859929,0.6792708,2.4782944,855.16,873.67,9.6532275,16.675412200000014,281,0
0.8577728,27.525818,855.16,10,1.5037862,6.5634484,1.5859929,2.08232,844.94,855.16,8.9250074,15.750885500000013,282,0
0.018883875,27.872314,844.94,10,0.8577728,1.5037862,6.5634484,0.6792708,855.16,844.94,2.380442874999999,13.291474975000014,283,0
0.05842994,28.054108,844.94,10,0.018883875,0.8577728,1.5037862,1.5859929,844.94,855.16,0.9350866149999991,11.267584915000015,284,0
0.23651011,27.520508,837.99,10,0.05842994,0.018883875,0.8577728,6.5634484,844.94,844.94,0.3138239249999991,10.824824225000013,285,0
0.5684011,27.463287,837.99,10,0.23651011,0.05842994,0.018883875,1.5037862,837.99,844.94,0.8633411499999991,9.807232425000015,286,0
1.0637047,27.1138,754.97,10,0.5684011,0.23651011,0.05842994,0.8577728,837.99,837.99,1.868615909999999,4.307488725000014,287,0
0.89827925,26.806763,577.75,10,1.0637047,0.5684011,0.23651011,0.018883875,754.97,837.99,2.530385049999999,3.701981775000014,288,0
0.6804309,26.987152,555.52,10,0.89827925,1.0637047,0.5684011,0.05842994,577.75,754.97,2.642414849999999,3.5246398750000143,289,0
0.41722465,27.159912,545.64,10,0.6804309,0.89827925,1.0637047,0.23651011,555.52,577.75,1.995934799999999,3.9229806500000137,290,0
0.22666147,27.2482,577.75,10,0.41722465,0.6804309,0.89827925,0.5684011,545.64,555.52,1.324317019999999,4.091212180000014,291,0
0.09623807,27.34845,747.88,10,0.22666147,0.41722465,0.6804309,1.0637047,577.75,545.64,0.7401241899999991,3.950940140000014,292,0
0.08260166,27.373077,577.75,10,0.09623807,0.22666147,0.41722465,0.89827925,747.88,577.75,0.4055011999999991,3.465140700000014,293,0
0.104872756,27.33429,555.52,10,0.08260166,0.09623807,0.22666147,0.6804309,577.75,747.88,0.2837124859999991,2.506308756000014,294,0
0.21373075,27.179321,577.75,10,0.104872756,0.08260166,0.09623807,0.41722465,555.52,577.75,0.4012051659999991,1.8217602560000143,295,0
0.11914309,27.26471,577.75,10,0.21373075,0.104872756,0.08260166,0.22666147,577.75,555.52,0.4377465959999991,1.260472446000014,296,0
0.15996933,26.669708,747.88,10,0.11914309,0.21373075,0.104872756,0.09623807,577.75,577.75,0.4928431699999991,1.0032171260000142,297,0
0.03220502,26.218689,754.97,10,0.15996933,0.11914309,0.21373075,0.08260166,747.88,577.75,0.31131743999999917,0.8087606760000141,298,0
0.0063178116,25.883972,747.88,10,0.03220502,0.15996933,0.11914309,0.104872756,754.97,747.88,0.19849216159999913,0.7188404176000142,299,0
0.12710123,25.845215,837.99,10,0.0063178116,0.03220502,0.15996933,0.21373075,747.88,754.97,0.16562406159999912,0.7633399876000142,300,0
0.28252208,25.693817,837.99,10,0.12710123,0.0063178116,0.03220502,0.11914309,837.99,747.88,0.41594112159999913,0.9409893116000142,301,0
5.7373204,24.532318,754.97,10,0.28252208,0.12710123,0.0063178116,0.15996933,837.99,837.99,6.146943709999999,6.464578961600014,302,0
17.684061,23.24762,837.99,10,5.7373204,0.28252208,0.12710123,0.03220502,754.97,837.99,23.703903479999997,24.029496871600013,303,0
5.6022534,23.83902,844.94,10,17.684061,5.7373204,0.28252208,0.0063178116,837.99,754.97,29.023634799999996,29.471780941600016,304,0
4.479011,24.23993,844.94,11,5.6022534,17.684061,5.7373204,0.12710123,844.94,837.99,27.765325399999995,33.91858692160001,305,0
3.4163048,24.875885,837.94,11,4.479011,5.6022534,17.684061,0.28252208,844.94,844.94,13.497569199999997,37.32857391000001,306,0
0.57471496,25.551666,754.97,11,3.4163048,4.479011,5.6022534,5.7373204,837.94,844.94,8.470030759999997,37.77618764000001,307,0
0.09172551,25.740662,754.97,11,0.57471496,3.4163048,4.479011,17.684061,754.97,837.94,4.082745269999997,37.585391070000014,308,0
0.033461627,25.542542,754.97,11,0.09172551,0.57471496,3.4163048,5.6022534,754.97,754.97,0.6999020969999964,31.881532297000014,309,0
0.08246703,25.317444,754.97,11,0.033461627,0.09172551,0.57471496,4.479011,754.97,754.97,0.20765416699999645,14.279938327000014,310,0
0.060874715,25.299896,754.97,11,0.08246703,0.033461627,0.09172551,3.4163048,754.97,754.97,0.17680337199999646,8.738559642000014,311,0
0.036685042,25.119202,747.88,11,0.060874715,0.08246703,0.033461627,0.57471496,754.97,754.97,0.18002678699999647,4.296233684000014,312,0
0.011973661,24.521729,754.97,11,0.036685042,0.060874715,0.08246703,0.09172551,747.88,754.97,0.10953341799999647,0.8919025450000142,313,0
0.02328985,24.352142,754.97,11,0.011973661,0.036685042,0.060874715,0.033461627,754.97,747.88,0.07194855299999646,0.3404774350000142,314,0
0.00020756442,24.306183,837.99,11,0.02328985,0.011973661,0.036685042,0.08246703,754.97,754.97,0.03547107541999646,0.2489594894200142,315,0
0.00029395608,24.16687,754.97,11,0.00020756442,0.02328985,0.011973661,0.060874715,837.99,754.97,0.023791370499996464,0.21579181850001422,316,0
0.0,24.21399,747.88,11,0.00029395608,0.00020756442,0.02328985,0.036685042,754.97,837.99,0.0005015204999964612,0.13332478850001422,317,0
0.0,24.178864,747.88,11,0.0,0.00029395608,0.00020756442,0.011973661,747.88,754.97,0.0002939560799964612,0.07245007350001421,318,0
0.0,24.428802,577.75,11,0.0,0.0,0.00029395608,0.02328985,747.88,747.88,0.0,0.03576503150001421,319,0
0.14404632,24.418274,577.75,11,0.0,0.0,0.0,0.00020756442,577.75,747.88,0.14404631999999645,0.1678376905000142,320,0
5.0060496,22.59021,555.52,11,0.14404632,0.0,0.0,0.00029395608,577.75,577.75,5.1500959199999965,5.150597440500014,321,0
2.0557563,22.900269,545.64,11,5.0060496,0.14404632,0.0,0.0,555.52,577.75,7.205852219999997,7.206146176080013,322,0
0.004492367,22.929321,545.64,11,2.0557563,5.0060496,0.14404632,0.0,545.64,555.52,7.066298266999996,7.210344587000013,323,0
0.00052956975,22.98761,555.52,11,0.004492367,2.0557563,5.0060496,0.0,545.64,545.64,2.0607782367499965,7.210874156750013,324,0
5.1610605e-05,23.047485,747.88,11,0.00052956975,0.004492367,2.0557563,0.14404632,555.52,545.64,0.005073547354996447,7.210925767355014,325,0
0.00038034774,23.130127,577.75,11,5.1610605e-05,0.00052956975,0.004492367,5.0060496,747.88,555.52,0.0009615280949964472,7.211306115095013,326,0
0.000595766,23.21997,577.75,11,0.00038034774,5.1610605e-05,0.00052956975,2.0557563,577.75,747.88,0.0010277243449964473,7.067855561095014,327,0
0.0006473766,23.283142,555.52,11,0.000595766,0.00038034774,5.1610605e-05,0.004492367,577.75,577.75,0.0016234903399964472,2.0624533376950143,328,0
3.7025e-05,23.225372,538.98,11,0.0006473766,0.000595766,0.00038034774,0.00052956975,555.52,577.75,0.001280167599996447,0.00673406269501421,329,0
0.0021990607,23.158203,524.21,11,3.7025e-05,0.0006473766,0.000595766,5.1610605e-05,538.98,555.52,0.0028834622999964472,0.004440756395014211,330,0
0.010945938,23.613708,453.35,11,0.0021990607,3.7025e-05,0.0006473766,0.00038034774,524.21,538.98,0.013182023699996447,0.014857124645014212,331,0
0.028504765,23.985168,389.48,11,0.010945938,0.0021990607,3.7025e-05,0.000595766,453.35,524.21,0.04164976369999645,0.043310279040014214,332,0
0.0070684096,23.804321,380.48,11,0.028504765,0.010945938,0.0021990607,0.0006473766,389.48,453.35,0.04651911259999645,0.04999834090001421,333,0
0.023993323,23.73706,380.48,11,0.0070684096,0.028504765,0.010945938,3.7025e-05,380.48,389.48,0.05956649759999645,0.07339589790001422,334,0
0.02088098,24.651886,453.35,12,0.023993323,0.0070684096,0.028504765,0.0021990607,380.48,380.48,0.05194271259999644,0.09362950130001421,335,0
1.0716776,23.925812,380.48,12,0.02088098,0.023993323,0.0070684096,0.010945938,453.35,380.48,1.1165519029999964,1.1652700763000141,336,0
0.55208766,23.67163,380.48,12,1.0716776,0.02088098,0.023993323,0.028504765,380.48,453.35,1.6446462399999964,1.7151586756000141,337,0
0.06501479,23.46701,359.55,12,0.55208766,1.0716776,0.02088098,0.0070684096,380.48,380.48,1.6887800499999963,1.769227527600014,338,0
0.038518343,23.187561,333.49,12,0.06501479,0.55208766,1.0716776,0.023993323,359.55,380.48,0.6556207929999964,1.7792411056000141,339,0
0.12810875,22.409485,299.48,12,0.038518343,0.06501479,0.55208766,0.02088098,333.49,359.55,0.23164188299999644,1.9002814460000141,340,0
0.06577436,21.77118,299.48,12,0.12810875,0.038518343,0.06501479,1.0716776,299.48,333.49,0.23240145299999646,1.9420624830000142,341,0
0.0057658027,21.28601,303.69,12,0.06577436,0.12810875,0.038518343,0.55208766,299.48,299.48,0.19964891269999643,1.9269473057000142,342,0
0.0018669578,21.373352,299.48,12,0.0057658027,0.06577436,0.12810875,0.06501479,303.69,299.48,0.07340712049999645,0.8571366635000142,343,0
0.00023112577,22.016022,285.29,12,0.0018669578,0.0057658027,0.06577436,0.038518343,299.48,303.69,0.007863886269996448,0.3052801292700142,344,0
0.081028655,23.201782,267.04,12,0.00023112577,0.0018669578,0.0057658027,0.12810875,285.29,299.48,0.08312673856999646,0.3212939942700142,345,0
0.07807339,24.346985,267.04,12,0.081028655,0.00023112577,0.0018669578,0.06577436,267.04,285.29,0.15933317076999648,0.3608490412700142,346,0
1.4103856,24.09134,259.45,12,0.07807339,0.081028655,0.00023112577,0.0057658027,267.04,267.04,1.5694876449999964,1.6431258912700142,347,0
3.8318086,22.744019,249.47,12,1.4103856,0.07807339,0.081028655,0.0018669578,259.45,267.04,5.320267589999997,5.409160131270014,348,0
0.85929984,21.214722,244.47,12,3.8318086,1.4103856,0.07807339,0.00023112577,249.47,259.45,6.101494039999996,6.262694168570014,349,0
1.293114,20.841278,249.47,12,0.85929984,3.8318086,1.4103856,0.081028655,244.47,249.47,5.984222439999996,7.553941210770014,350,0
5.5017934,21.501556,209.97,12,1.293114,0.85929984,3.8318086,0.07807339,249.47,244.47,7.654207239999996,13.055503485000013,351,0
1.771854,20.707,209.97,12,5.5017934,1.293114,0.85929984,1.4103856,209.97,249.47,8.566761399999995,14.746328830000014,352,0
0.19623028,19.231934,206.54,12,1.771854,5.5017934,1.293114,3.8318086,209.97,209.97,7.469877679999996,14.864485720000015,353,0
0.35456264,20.610413,206.54,12,0.19623028,1.771854,5.5017934,0.85929984,206.54,209.97,2.3226469199999955,13.808662760000013,354,0
1.9564023,21.22647,203.86,12,0.35456264,0.19623028,1.771854,1.293114,206.54,206.54,2.5071952199999954,11.933256460000013,355,0
2.1879106,21.046783,203.86,12,1.9564023,0.35456264,0.19623028,5.5017934,203.86,206.54,4.498875539999996,13.261867220000015,356,0
2.0547059,21.296783,206.54,12,2.1879106,1.9564023,0.35456264,1.771854,203.86,203.86,6.199018799999996,14.023459120000014,357,0
2.7857141,20.75058,206.45,12,2.0547059,2.1879106,1.9564023,0.19623028,206.54,203.86,7.028330599999996,11.307379820000014,358,0
0.4015979,17.612213,206.54,12,2.7857141,2.0547059,2.1879106,0.35456264,206.45,206.54,5.242017899999996,9.937123720000013,359,0
0.0,17.004578,200.0,12,0.4015979,2.7857141,2.0547059,1.9564023,206.54,206.45,3.187311999999996,9.740893440000013,360,0
0.0,18.215393,200.0,12,0.0,0.4015979,2.7857141,2.1879106,200.0,206.54,0.401597899999996,9.386330800000012,361,0
0.0,19.615265,192.78,12,0.0,0.0,0.4015979,2.0547059,200.0,200.0,0.0,7.429928500000013,362,0
5.609849e-06,20.51242,192.78,12,0.0,0.0,0.0,2.7857141,192.78,200.0,5.609848996003197e-06,5.242023509849012,363,0
4.936667e-05,20.762207,192.78,12,5.609849e-06,0.0,0.0,0.4015979,192.78,192.78,5.49765189960032e-05,3.187366976519013,364,0
3.1415155e-05,21.077515,192.78,12,4.936667e-05,5.609849e-06,0.0,0.0,192.78,192.78,8.63916739960032e-05,0.4016842916740133,365,0
0.0027005814,21.275238,177.67,1,3.1415155e-05,4.936667e-05,5.609849e-06,0.0,192.78,192.78,0.0027813632249960034,0.0027869730740133227,1,0
0.008231893,21.165283,161.72,1,0.0027005814,3.1415155e-05,4.936667e-05,0.0,177.67,192.78,0.010963889554996005,0.011018866074013324,2,0
0.043453887,20.641968,161.72,1,0.008231893,0.0027005814,3.1415155e-05,5.609849e-06,161.72,177.67,0.054386361399996,0.05447275307401332,3,0
0.026682684,20.023804,157.26,1,0.043453887,0.008231893,0.0027005814,4.936667e-05,161.72,161.72,0.078368463999996,0.08115543707401332,4,0
0.00438578,20.186554,153.73,1,0.026682684,0.043453887,0.008231893,3.1415155e-05,157.26,161.72,0.074522350999996,0.08553560722501333,5,0
0.00069449923,20.653778,153.73,1,0.00438578,0.026682684,0.043453887,0.0027005814,153.73,157.26,0.03176296322999601,0.08618073978501332,6,0
0.004917593,20.942505,153.73,1,0.00069449923,0.00438578,0.026682684,0.008231893,153.73,153.73,0.009997872229996003,0.09106691763001332,7,0
0.0012554842,21.506714,149.72,1,0.004917593,0.00069449923,0.00438578,0.043453887,153.73,153.73,0.006867576429996003,0.08962182043001332,8,0
0.0,21.387299,140.48,1,0.0012554842,0.004917593,0.00069449923,0.026682684,149.72,153.73,0.006173077199996003,0.08138992743001332,9,0
0.0059397086,20.476593,140.48,1,0.0,0.0012554842,0.004917593,0.00438578,140.48,149.72,0.007195192799996003,0.043875749030013324,10,0
0.0005789364,20.00763,140.48,1,0.0059397086,0.0,0.0012554842,0.00069449923,140.48,140.48,0.006518644999996002,0.017772001430013323,11,0
0.0041692397,19.944672,137.65,1,0.0005789364,0.0059397086,0.0,0.004917593,140.48,140.48,0.010687884699996004,0.01755546113001332,12,0
0.0021294986,20.138,137.65,1,0.0041692397,0.0005789364,0.0059397086,0.0012554842,137.65,140.48,0.0068776746999960016,0.018990460500013323,13,0
0.00066645,20.750519,140.48,1,0.0021294986,0.0041692397,0.0005789364,0.0,137.65,137.65,0.006965188299996002,0.014739317500013322,14,0
0.0026254093,21.284332,140.48,1,0.00066645,0.0021294986,0.0041692397,0.0059397086,140.48,137.65,0.005421357899996002,0.01610924260001332,15,0
0.09144839,21.859772,140.48,1,0.0026254093,0.00066645,0.0021294986,0.0005789364,140.48,140.48,0.09474024929999601,0.10755763260001333,16,0
0.39920136,21.430023,140.48,1,0.09144839,0.0026254093,0.00066645,0.0041692397,140.48,140.48,0.493275159299996,0.5008192840000133,17,0
0.76907885,21.749939,137.65,1,0.39920136,0.09144839,0.0026254093,0.0021294986,140.48,140.48,1.259728599999996,1.2693191976000135,18,0
1.1298246,21.606598,133.03,1,0.76907885,0.39920136,0.09144839,0.00066645,137.65,140.48,2.2981048099999963,2.3949745579000137,19,0
1.6827819,19.996643,133.03,1,1.1298246,0.76907885,0.39920136,0.0026254093,133.03,137.65,3.5816853499999963,4.075626959300013,20,0
0.34964165,18.03189,133.03,1,1.6827819,1.1298246,0.76907885,0.09144839,133.03,133.03,3.162248149999996,4.424602159300013,21,0
3.3659094e-06,17.490753,137.65,1,0.34964165,1.6827819,1.1298246,0.39920136,133.03,133.03,2.032426915909396,4.421980115909413,22,0
3.3659094e-06,17.562012,137.65,1,3.3659094e-06,0.34964165,1.6827819,0.76907885,137.65,133.03,0.34964838181879604,4.330535091818813,23,0
1.34636375e-05,18.170227,137.65,1,3.3659094e-06,3.3659094e-06,0.34964165,1.1298246,137.65,137.65,2.0195456296003198e-05,3.9313471954563135,24,0
0.00064288866,19.079407,137.65,1,1.34636375e-05,3.3659094e-06,3.3659094e-06,1.6827819,137.65,137.65,0.0006597182068960032,3.1629112341163137,25,0
0.008501166,20.309753,140.48,1,0.00064288866,1.34636375e-05,3.3659094e-06,0.34964165,137.65,137.65,0.009157518297496002,2.0415878001163135,26,0
0.15886419,21.795776,140.48,1,0.008501166,0.00064288866,1.34636375e-05,3.3659094e-06,140.48,137.65,0.16800824465999598,0.5176700901163136,27,0
0.14859593,22.413818,140.48,1,0.15886419,0.008501166,0.00064288866,3.3659094e-06,140.48,140.48,0.31596128599999596,0.3166243701163135,28,0
0.060240805,22.056305,146.52,1,0.14859593,0.15886419,0.008501166,1.34636375e-05,140.48,140.48,0.36770092499999596,0.37686180920691353,29,0
0.004787445,23.151337,140.48,1,0.060240805,0.14859593,0.15886419,0.00064288866,146.52,140.48,0.21362417999999603,0.3816458882975135,30,0
0.0009503084,24.006836,140.48,1,0.004787445,0.060240805,0.14859593,0.008501166,140.48,146.52,0.06597855839999603,0.38258273306001356,31,0
0.012680503,24.159546,137.65,2,0.0009503084,0.004787445,0.060240805,0.15886419,140.48,140.48,0.01841825639999603,0.3946203474000135,32,0
0.077148885,24.613434,137.65,2,0.012680503,0.0009503084,0.004787445,0.14859593,137.65,140.48,0.09077969639999603,0.4632680664000135,33,0
0.17370224,23.610138,137.65,2,0.077148885,0.012680503,0.0009503084,0.060240805,137.65,137.65,0.263531627999996,0.47810611640001355,34,0
0.32995,22.151855,140.48,2,0.17370224,0.077148885,0.012680503,0.004787445,137.65,137.65,0.580801124999996,0.6594601864000136,35,0
0.09598452,22.320007,140.48,2,0.32995,0.17370224,0.077148885,0.0009503084,140.48,137.65,0.5996367599999961,0.6952039014000136,36,0
0.07466148,23.02826,137.65,2,0.09598452,0.32995,0.17370224,0.012680503,140.48,140.48,0.500595999999996,0.7650779364000135,37,0
0.12373981,24.021423,137.65,2,0.07466148,0.09598452,0.32995,0.077148885,137.65,140.48,0.29438580999999603,0.8878674380000136,38,0
0.11659398,24.203674,137.65,2,0.12373981,0.07466148,0.09598452,0.17370224,137.65,137.65,0.314995269999996,0.9917809150000136,39,0
0.10989469,23.087463,133.03,2,0.11659398,0.12373981,0.07466148,0.32995,137.65,137.65,0.350228479999996,1.0245267200000137,40,0
0.017157163,23.965637,133.03,2,0.10989469,0.11659398,0.12373981,0.09598452,133.03,137.65,0.24364583299999598,0.8679816430000137,41,0
0.24802937,24.761536,133.03,2,0.017157163,0.10989469,0.11659398,0.07466148,133.03,133.03,0.375081222999996,0.7860610130000135,42,0
0.09278353,25.270447,137.65,2,0.24802937,0.017157163,0.10989469,0.12373981,133.03,133.03,0.357970062999996,0.7828600230000136,43,0
0.14188428,25.714355,137.65,2,0.09278353,0.24802937,0.017157163,0.11659398,137.65,133.03,0.482697179999996,0.8500828230000136,44,0
0.132462,25.922546,137.65,2,0.14188428,0.09278353,0.24802937,0.10989469,137.65,137.65,0.367129809999996,0.8588050130000136,45,0
0.72010607,25.972046,140.48,2,0.132462,0.14188428,0.09278353,0.017157163,137.65,137.65,0.994452349999996,1.4623171030000135,46,0
0.053083755,26.061798,140.48,2,0.72010607,0.132462,0.14188428,0.24802937,140.48,137.65,0.9056518249999961,1.4055061680000136,47,0
0.000105465166,26.385864,133.03,2,0.053083755,0.72010607,0.132462,0.09278353,140.48,140.48,0.7732952901659961,1.3884544701660135,48,0
0.0,26.990173,133.03,2,0.000105465166,0.053083755,0.72010607,0.14188428,133.03,140.48,0.053189220165996115,1.1404251001660135,49,0
0.0,27.527588,133.03,2,0.0,0.000105465166,0.053083755,0.132462,133.03,133.03,0.00010546516599611421,1.0476415701660136,50,0
0.0013127046,28.057556,129.46,2,0.0,0.0,0.000105465166,0.72010607,133.03,133.03,0.0013127045999961142,0.9070699947660136,51,0
0.013838376,27.923218,129.46,2,0.0013127046,0.0,0.0,0.053083755,129.46,133.03,0.015151080599996114,0.7884463707660135,52,0
0.0009536743,27.331482,129.46,2,0.013838376,0.0013127046,0.0,0.000105465166,129.46,129.46,0.016104754899996115,0.06929397506601355,53,0
0.23484959,26.61734,133.03,2,0.0009536743,0.013838376,0.0013127046,0.0,129.46,129.46,0.2496416402999961,0.2510598100660135,54,0
2.8759046,26.014038,133.03,2,0.23484959,0.0009536743,0.013838376,0.0,133.03,129.46,3.111707864299996,3.1268589449000137,55,0
4.0452957,25.778564,129.46,2,2.8759046,0.23484959,0.0009536743,0.0013127046,133.03,133.03,7.156049889999996,7.172154644900013,56,0
9.687189,24.633118,129.46,2,4.0452957,2.8759046,0.23484959,0.013838376,129.46,133.03,16.608389299999995,16.859343644900015,57,0
6.1638036,24.347717,133.03,2,9.687189,4.0452957,2.8759046,0.0009536743,129.46,129.46,19.896288299999995,23.021834540300013,58,0
0.97347033,25.443756,133.03,2,6.1638036,9.687189,4.0452957,0.23484959,133.03,129.46,16.824462929999996,23.981466494300015,59,0
0.4344054,25.548218,133.03,2,0.97347033,6.1638036,9.687189,2.8759046,133.03,133.03,7.571679329999996,24.414918220000015,60,0
0.57493544,25.949493,129.46,3,0.4344054,0.97347033,6.1638036,4.0452957,133.03,133.03,1.9828111699999964,24.755004070000016,61,0
0.16937031,26.393799,129.46,3,0.57493544,0.4344054,0.97347033,9.687189,129.46,133.03,1.1787111499999963,22.048469780000012,62,0
0.04169464,26.842438,133.03,3,0.16937031,0.57493544,0.4344054,6.1638036,129.46,129.46,0.7860003899999964,18.044868720000014,63,0
0.47169963,27.1427,137.65,3,0.04169464,0.16937031,0.57493544,0.97347033,133.03,129.46,0.6827645799999964,8.829379350000014,64,0
1.138888,27.08728,133.03,3,0.47169963,0.04169464,0.16937031,0.4344054,137.65,133.03,1.6522822699999962,3.8044637500000142,65,0
1.3398675,26.411163,133.03,3,1.138888,0.47169963,0.04169464,0.57493544,133.03,137.65,2.9504551299999964,4.170860920000014,66,0
0.3618532,26.636658,133.03,3,1.3398675,1.138888,0.47169963,0.16937031,133.03,133.03,2.8406086999999967,4.098308720000014,67,0
0.055350132,27.143677,129.46,3,0.3618532,1.3398675,1.138888,0.04169464,133.03,133.03,1.7570708319999964,3.5787234120000138,68,0
0.07945903,27.87323,129.46,3,0.055350132,0.3618532,1.3398675,0.47169963,129.46,133.03,0.49666236199999647,3.4888121320000143,69,0
0.044387374,28.37793,133.03,3,0.07945903,0.055350132,0.3618532,1.138888,129.46,129.46,0.17919653599999646,3.491504866000014,70,0
0.003939236,28.766022,133.03,3,0.044387374,0.07945903,0.055350132,1.3398675,133.03,129.46,0.12778563999999645,3.023744472000014,71,0
0.34351236,28.8042,133.03,3,0.003939236,0.044387374,0.07945903,0.3618532,133.03,133.03,0.39183896999999646,2.2283688320000143,72,0
0.86192185,26.819702,133.03,3,0.34351236,0.003939236,0.044387374,0.055350132,133.03,133.03,1.2093734459999965,1.7504231820000142,73,0
1.8455617,25.546326,133.03,3,0.86192185,0.34351236,0.003939236,0.07945903,133.03,133.03,3.050995909999996,3.2341316820000143,74,0
2.3549707,26.332397,133.03,3,1.8455617,0.86192185,0.34351236,0.044387374,133.03,133.03,5.0624542499999965,5.533752250000014,75,0
0.597993,26.9982,133.03,3,2.3549707,1.8455617,0.86192185,0.003939236,133.03,133.03,4.798525399999996,6.052286220000014,76,0
1.6491038,27.557495,133.03,3,0.597993,2.3549707,1.8455617,0.34351236,133.03,133.03,4.602067499999996,7.657002646000015,77,0
0.59833413,28.544983,137.65,3,1.6491038,0.597993,2.3549707,0.86192185,133.03,133.03,2.845430929999996,8.251397540000013,78,0
0.7203236,29.218872,137.65,3,0.59833413,1.6491038,0.597993,1.8455617,137.65,133.03,2.9677615299999958,8.628208780000014,79,0
0.0008010865,29.379395,140.48,3,0.7203236,0.59833413,1.6491038,2.3549707,137.65,137.65,1.319458816499996,7.767088016500014,80,0
0.00025917502,29.57013,140.48,3,0.0008010865,0.7203236,0.59833413,0.597993,140.48,137.65,0.721383861519996,5.921785491520014,81,0
0.0084540425,29.095581,137.65,3,0.00025917502,0.0008010865,0.7203236,1.6491038,140.48,140.48,0.009514304019996003,3.5752688340200143,82,0
0.00821955,28.262573,137.65,3,0.0084540425,0.00025917502,0.0008010865,0.59833413,137.65,140.48,0.016932767519996006,2.9854953840200142,83,0
0.013447929,28.666443,133.03,3,0.00821955,0.0084540425,0.00025917502,0.7203236,137.65,137.65,0.030121521499996,1.3498395130200143,84,0
0.011589948,29.261414,133.03,3,0.013447929,0.00821955,0.0084540425,0.0008010865,133.03,137.65,0.033257426999996,0.7630953310200141,85,0
0.00033546897,29.83609,133.03,3,0.011589948,0.013447929,0.00821955,0.00025917502,133.03,133.03,0.025373345969996006,0.04310719999001421,86,0
1.2228731,29.801422,133.03,3,0.00033546897,0.011589948,0.013447929,0.0084540425,133.03,133.03,1.234798516969996,1.2651792134900142,87,0
0.23222528,28.496124,133.03,3,1.2228731,0.00033546897,0.011589948,0.00821955,133.03,133.03,1.455433848969996,1.497145318470014,88,0
0.0889722,29.610352,133.03,3,0.23222528,1.2228731,0.00033546897,0.013447929,133.03,133.03,1.5440705799999959,1.577663475970014,89,0
1.1677943,29.333405,133.03,3,0.0889722,0.23222528,1.2228731,0.011589948,133.03,133.03,1.4889917799999959,2.737238225970014,90,0
0.9841975,29.38794,133.03,3,1.1677943,0.0889722,0.23222528,0.00033546897,133.03,133.03,2.240963999999996,3.7079877969700137,91,0
0.17512938,30.192413,126.78,4,0.9841975,1.1677943,0.0889722,1.2228731,133.03,133.03,2.327121179999996,3.871527228970014,92,0
0.1320435,30.85492,126.78,4,0.17512938,0.9841975,1.1677943,0.23222528,126.78,133.03,1.291370379999996,4.0032352600000145,93,0
0.016516518,31.689636,126.78,4,0.1320435,0.17512938,0.9841975,0.0889722,126.78,126.78,0.323689397999996,2.796878678000014,94,0
0.3306512,32.00415,129.46,4,0.016516518,0.1320435,0.17512938,1.1677943,126.78,126.78,0.479211217999996,2.895304598000014,95,0
0.94281137,31.182983,129.46,4,0.3306512,0.016516518,0.1320435,0.9841975,129.46,126.78,1.289979087999996,3.749143768000014,96,0
1.3905772,30.823334,129.46,4,0.94281137,0.3306512,0.016516518,0.17512938,129.46,129.46,2.664039769999996,3.9719266680000143,97,0
1.0058347,30.95929,126.78,4,1.3905772,0.94281137,0.3306512,0.1320435,129.46,129.46,3.339223269999996,3.9935638680000145,98,0
0.25620627,31.379944,126.78,4,1.0058347,1.3905772,0.94281137,0.016516518,126.78,129.46,2.6526181699999962,4.074640758000014,99,0
0.088624395,32.11975,126.78,4,0.25620627,1.0058347,1.3905772,0.3306512,126.78,126.78,1.350665364999996,4.0312216530000144,100,0
0.021158107,32.555206,129.46,4,0.088624395,0.25620627,1.0058347,0.94281137,126.78,126.78,0.365988771999996,4.035863242000014,101,0
0.026291117,32.990784,129.46,4,0.021158107,0.088624395,0.25620627,1.3905772,129.46,126.78,0.13607361899999598,3.7315031590000145,102,0
0.0011298235,32.817383,129.46,4,0.026291117,0.021158107,0.088624395,1.0058347,129.46,129.46,0.048579047499996,2.7898216125000146,103,0
0.0047436883,32.14435,133.03,4,0.0011298235,0.026291117,0.021158107,0.25620627,129.46,129.46,0.032164628799996,1.4039881008000143,104,0
0.0038472344,32.15799,133.03,4,0.0047436883,0.0011298235,0.026291117,0.088624395,133.03,129.46,0.009720746199996003,0.4020006352000142,105,0
0.001228557,32.809692,133.03,4,0.0038472344,0.0047436883,0.0011298235,0.021158107,133.03,133.03,0.009819479699996003,0.1470229222000142,106,0
0.025074901,33.558167,129.46,4,0.001228557,0.0038472344,0.0047436883,0.026291117,133.03,133.03,0.030150692399996,0.08347342820001422,107,0
0.06716447,33.811157,129.46,4,0.025074901,0.001228557,0.0038472344,0.0011298235,129.46,133.03,0.09346792799999601,0.12947979120001424,108,0
0.68565255,33.104675,129.46,4,0.06716447,0.025074901,0.001228557,0.0047436883,129.46,129.46,0.777891920999996,0.7888412242000142,109,0
0.075468175,33.47003,126.78,4,0.68565255,0.06716447,0.025074901,0.0038472344,129.46,129.46,0.8282851949999961,0.8631795757000142,110,0
0.19738479,33.845825,133.03,4,0.075468175,0.68565255,0.06716447,0.001228557,126.78,129.46,0.958505514999996,1.0558206774000143,111,0
0.23038976,34.216003,129.46,4,0.19738479,0.075468175,0.68565255,0.025074901,133.03,126.78,0.503242724999996,1.2823632030000143,112,0
0.07651946,34.02661,129.46,4,0.23038976,0.19738479,0.075468175,0.06716447,129.46,133.03,0.504294009999996,1.3576541060000142,113,0
0.031775307,33.866547,129.46,4,0.07651946,0.23038976,0.19738479,0.68565255,129.46,129.46,0.338684526999996,1.3643545120000142,114,0
0.013708227,33.07318,126.78,4,0.031775307,0.07651946,0.23038976,0.075468175,129.46,129.46,0.122002993999996,1.3108982690000142,115,0
0.23011711,33.287354,126.78,4,0.013708227,0.031775307,0.07651946,0.19738479,126.78,129.46,0.275600643999996,0.8553628290000143,116,0
1.1821657,32.869812,126.78,4,0.23011711,0.013708227,0.031775307,0.23038976,126.78,126.78,1.4259910369999962,1.9620603540000143,117,0
0.46837753,33.386444,126.78,4,1.1821657,0.23011711,0.013708227,0.07651946,126.78,126.78,1.8806603399999962,2.2330530940000144,118,0
0.884957,32.719574,126.78,4,0.46837753,1.1821657,0.23011711,0.031775307,126.78,126.78,2.535500229999996,2.8876203340000144,119,0
1.0778618,32.706207,126.78,4,0.884957,0.46837753,1.1821657,0.013708227,126.78,126.78,2.431196329999996,3.8889626740000143,120,0
0.9041382,31.564575,126.78,4,1.0778618,0.884957,0.46837753,0.23011711,126.78,126.78,2.8669569999999958,4.761325567000014,121,0
0.33769158,32.53354,129.46,5,0.9041382,1.0778618,0.884957,1.1821657,126.78,126.78,2.319691579999996,5.085308920000013,122,0
0.4383233,33.16858,133.03,5,0.33769158,0.9041382,1.0778618,0.46837753,129.46,126.78,1.680153079999996,5.293515110000015,123,0
1.7246404,31.538818,133.03,5,0.4383233,0.33769158,0.9041382,0.884957,133.03,129.46,2.5006552799999957,5.835989810000014,124,0
1.0047576,30.955566,137.65,5,1.7246404,0.4383233,0.33769158,1.0778618,133.03,133.03,3.1677212999999957,6.372369880000014,125,0
0.99115145,30.700043,137.65,5,1.0047576,1.7246404,0.4383233,0.9041382,137.65,133.03,3.720549449999996,6.478564330000014,126,0
0.6031889,30.233643,137.65,5,0.99115145,1.0047576,1.7246404,0.33769158,137.65,137.65,2.599097949999996,6.003891430000015,127,0
0.64121026,31.376709,140.48,5,0.6031889,0.99115145,1.0047576,0.4383233,137.65,137.65,2.235550609999996,5.740963490000015,128,0
2.0023737,30.488434,133.03,5,0.64121026,0.6031889,0.99115145,1.7246404,140.48,137.65,3.2467728599999965,7.405645610000015,129,0
1.3898536,31.057648,133.03,5,2.0023737,0.64121026,0.6031889,1.0047576,133.03,140.48,4.033437559999996,8.357175910000015,130,0
2.7911813,30.777527,129.46,5,1.3898536,2.0023737,0.64121026,0.99115145,133.03,133.03,6.183408599999996,9.423716810000014,131,0
1.7941206,30.954956,129.46,5,2.7911813,1.3898536,2.0023737,0.6031889,129.46,133.03,5.975155499999996,10.213079810000014,132,0
1.288285,31.739075,133.03,5,1.7941206,2.7911813,1.3898536,0.64121026,129.46,129.46,5.873586899999996,10.510213360000014,133,0
0.69482803,32.421997,133.03,5,1.288285,1.7941206,2.7911813,2.0023737,133.03,129.46,3.777233629999996,10.601852490000015,134,0
0.56075037,32.481934,129.46,5,0.69482803,1.288285,1.7941206,1.3898536,133.03,133.03,2.543863399999996,10.521392600000013,135,0
0.84100384,32.868774,129.46,5,0.56075037,0.69482803,1.288285,2.7911813,129.46,133.03,2.096582239999996,9.360022740000014,136,0
0.7345312,32.712708,126.78,5,0.84100384,0.56075037,0.69482803,1.7941206,129.46,129.46,2.136285409999996,8.704700340000013,137,0
0.88871676,31.87738,126.78,5,0.7345312,0.84100384,0.56075037,1.288285,126.78,129.46,2.464251799999996,6.802235800000014,138,0
4.7870803,31.170013,133.03,5,0.88871676,0.7345312,0.84100384,0.69482803,126.78,126.78,6.4103282599999964,9.795195500000014,139,0
9.340637,29.840118,137.65,5,4.7870803,0.88871676,0.7345312,0.56075037,133.03,126.78,15.016434059999995,17.84754750000001,140,0
16.87866,29.12613,137.65,5,9.340637,4.7870803,0.88871676,0.84100384,137.65,133.03,31.006377299999997,34.03137947000002,141,0
0.5265976,31.19281,140.48,5,16.87866,9.340637,4.7870803,0.7345312,137.65,137.65,26.745894599999996,33.99722670000001,142,0
0.31793928,32.96933,140.48,5,0.5265976,16.87866,9.340637,0.88871676,140.48,137.65,17.723196879999996,33.47416214000002,143,0
0.38177487,33.06183,149.72,5,0.31793928,0.5265976,16.87866,4.7870803,140.48,140.48,1.2263117499999965,33.12140581000001,144,0
0.6783407,32.897827,149.72,5,0.38177487,0.31793928,0.5265976,9.340637,149.72,140.48,1.3780548499999963,32.91102975000001,145,0
0.80370957,32.180176,153.73,5,0.6783407,0.38177487,0.31793928,16.87866,149.72,149.72,1.8638251399999963,28.927659020000014,146,0
0.18534492,32.476715,157.26,5,0.80370957,0.6783407,0.38177487,0.5265976,153.73,149.72,1.6673951899999964,19.772366940000015,147,0
0.8267178,32.047363,177.67,5,0.18534492,0.80370957,0.6783407,0.31793928,157.26,153.73,1.8157722899999964,3.7204247400000177,148,0
0.46516082,31.769196,149.72,5,0.8267178,0.18534492,0.80370957,0.38177487,177.67,157.26,1.4772235399999962,3.6589879600000175,149,0
0.39634705,31.328552,149.72,5,0.46516082,0.8267178,0.18534492,0.6783407,149.72,177.67,1.6882256699999962,3.7373957300000176,150,0
1.0867838,31.9711,177.67,5,0.39634705,0.46516082,0.8267178,0.80370957,149.72,149.72,1.9482916699999964,4.442404660000018,151,0
0.64647675,32.73889,177.67,5,1.0867838,0.39634705,0.46516082,0.18534492,177.67,149.72,2.1296075999999964,4.410540710000018,152,0
1.7321429,32.04773,157.26,6,0.64647675,1.0867838,0.39634705,0.8267178,177.67,177.67,3.465403449999996,5.338974040000018,153,0
0.8976185,32.289307,177.67,6,1.7321429,0.64647675,1.0867838,0.46516082,157.26,177.67,3.276238149999996,6.0512476200000185,154,0
5.3486238,31.075256,249.47,6,0.8976185,1.7321429,0.64647675,0.39634705,177.67,157.26,7.978385199999996,10.573153620000019,155,0
5.332431,30.384827,267.04,6,5.3486238,0.8976185,1.7321429,1.0867838,249.47,177.67,11.578673299999997,15.440423800000017,156,0
2.868668,30.59488,267.04,6,5.332431,5.3486238,0.8976185,0.64647675,267.04,249.47,13.549722799999996,17.91274475000002,157,0
5.089311,30.687347,249.47,6,2.868668,5.332431,5.3486238,1.7321429,267.04,267.04,13.290409999999996,21.91527195000002,158,0
5.154594,30.474579,249.47,6,5.089311,2.868668,5.332431,0.8976185,249.47,267.04,13.112572999999998,26.423389200000017,159,0
8.692973,29.77002,177.67,6,5.154594,5.089311,2.868668,5.3486238,249.47,249.47,18.936877999999997,33.38421930000002,160,0
4.804078,30.321686,157.26,6,8.692973,5.154594,5.089311,5.332431,177.67,249.47,18.651644999999995,37.290678800000016,161,0
1.3620185,32.178925,157.26,6,4.804078,8.692973,5.154594,2.868668,157.26,177.67,14.859069499999997,33.30407350000002,162,0
1.8997933,32.414276,157.26,6,1.3620185,4.804078,8.692973,5.089311,157.26,157.26,8.065889799999994,29.87143580000002,163,0
3.5872953,31.67633,149.72,6,1.8997933,1.3620185,4.804078,5.154594,157.26,157.26,6.849107099999995,30.590063100000016,164,0
5.1590524,31.206177,153.73,6,3.5872953,1.8997933,1.3620185,8.692973,149.72,157.26,10.646140999999995,30.65980450000002,165,0
1.0152817,31.944427,153.73,6,5.1590524,3.5872953,1.8997933,4.804078,153.73,149.72,9.761629399999997,26.52049220000002,166,0
2.8299904,31.721619,149.72,6,1.0152817,5.1590524,3.5872953,1.3620185,153.73,153.73,9.004324499999996,20.65750960000002,167,0
8.409971,30.17807,149.72,6,2.8299904,1.0152817,5.1590524,1.8997933,149.72,153.73,12.255243099999994,24.263402600000017,168,0
19.940887,28.026733,157.26,6,8.409971,2.8299904,1.0152817,3.5872953,149.72,149.72,31.180848399999995,42.84227110000002,169,1
13.225835,27.815277,196.14,6,19.940887,8.409971,2.8299904,5.1590524,157.26,149.72,41.57669299999999,54.168312800000024,170,0
4.536919,28.47403,196.14,6,13.225835,19.940887,8.409971,1.0152817,196.14,157.26,37.703641,55.11793650000002,171,0
1.8764945,29.64801,177.67,6,4.536919,13.225835,19.940887,2.8299904,196.14,196.14,19.639248499999994,51.83537860000002,172,0
1.1643835,30.560303,157.26,6,1.8764945,4.536919,13.225835,8.409971,177.67,196.14,7.577796999999993,51.98448040000002,173,0
2.8703284,30.27771,196.14,6,1.1643835,1.8764945,4.536919,19.940887,157.26,177.67,5.911206399999993,52.024818400000015,174,0
8.693204,29.566772,249.47,6,2.8703284,1.1643835,1.8764945,13.225835,196.14,157.26,12.727915899999992,52.30805140000002,175,0
7.864815,28.709473,196.14,6,8.693204,2.8703284,1.1643835,4.536919,249.47,196.14,19.428347399999993,40.23197940000002,176,0
4.9028115,29.74997,196.14,6,7.864815,8.693204,2.8703284,1.8764945,196.14,249.47,21.460830499999993,31.908955900000016,177,0
10.422015,28.796814,177.67,6,4.9028115,7.864815,8.693204,1.1643835,196.14,196.14,23.189641499999993,37.794051900000014,178,0
18.59314,28.249084,177.67,6,10.422015,4.9028115,7.864815,2.8703284,177.67,196.14,33.91796649999999,54.51069740000001,179,0
6.812903,28.174469,157.26,6,18.59314,10.422015,4.9028115,8.693204,177.67,177.67,35.82805799999999,60.15921690000002,180,0
5.0346475,28.797516,157.26,6,6.812903,18.59314,10.422015,7.864815,157.26,177.67,30.44069049999999,62.32353600000002,181,0
6.286263,29.102356,157.26,6,5.0346475,6.812903,18.59314,4.9028115,157.26,157.26,18.133813499999995,59.916595000000015,182,0
23.17324,28.745178,157.26,7,6.286263,5.0346475,6.812903,10.422015,157.26,157.26,34.494150499999996,75.22502000000001,183,1
24.534626,27.488037,153.73,7,23.17324,6.286263,5.0346475,18.59314,157.26,157.26,53.994129,94.85683450000002,184,1
30.234741,26.646484,153.73,7,24.534626,23.17324,6.286263,6.812903,153.73,157.26,77.942607,114.66956050000002,185,1
22.058428,26.902832,153.73,7,30.234741,24.534626,23.17324,5.0346475,153.73,153.73,76.827795,118.1348485,186,1
19.368614,26.57254,157.26,7,22.058428,30.234741,24.534626,6.286263,153.73,153.73,71.661783,130.6905595,187,0
9.4714985,27.369324,249.47,7,19.368614,22.058428,30.234741,23.17324,157.26,153.73,50.898540499999996,135.1274105,188,0
13.306825,27.024597,267.04,7,9.4714985,19.368614,22.058428,24.534626,249.47,157.26,42.14693749999999,142.1479725,189,0
14.673092,26.129944,267.04,7,13.306825,9.4714985,19.368614,30.234741,267.04,249.47,37.451415499999996,133.6478245,190,0
17.701439,26.265503,267.04,7,14.673092,13.306825,9.4714985,22.058428,267.04,267.04,45.681355999999994,126.8146375,191,0
16.037113,26.290924,249.47,7,17.701439,14.673092,13.306825,19.368614,267.04,267.04,48.411643999999995,112.61700950000001,192,0
11.702873,26.541412,249.47,7,16.037113,17.701439,14.673092,9.4714985,249.47,267.04,45.441424999999995,102.26145450000001,193,0
5.3876443,26.908752,267.04,7,11.702873,16.037113,17.701439,13.306825,249.47,249.47,33.1276303,88.28048480000001,194,0
1.669518,27.8143,299.49,7,5.3876443,11.702873,16.037113,14.673092,267.04,249.47,18.7600353,80.47850430000001,195,0
11.418993,28.209259,380.48,7,1.669518,5.3876443,11.702873,17.701439,299.49,267.04,18.476155299999995,78.59067230000001,196,0
23.778215,27.250153,380.48,7,11.418993,1.669518,5.3876443,16.037113,380.48,299.49,36.866726,87.69579530000001,197,1
10.181992,26.391998,539.01,7,23.778215,11.418993,1.669518,11.702873,380.48,380.48,45.379200000000004,80.17634830000002,198,0
10.122256,27.111969,453.35,7,10.181992,23.778215,11.418993,5.3876443,539.01,380.48,44.082463,74.26149130000002,199,0
9.2776985,26.828247,380.48,7,10.122256,10.181992,23.778215,1.669518,453.35,539.01,29.5819465,71.8363168,200,0
9.113315,27.042908,453.35,7,9.2776985,10.122256,10.181992,11.418993,380.48,453.35,28.5132695,75.5619875,201,0
11.204135,27.681702,488.04,7,9.113315,9.2776985,10.122256,23.778215,453.35,380.48,29.5951485,85.09660450000001,202,0
15.906431,27.704285,539.21,7,11.204135,9.113315,9.2776985,10.181992,488.04,453.35,36.223881,89.58404250000001,203,0
10.627203,27.24936,539.21,7,15.906431,11.204135,9.113315,10.122256,539.21,488.04,37.737769,76.43303050000002,204,0
7.6357145,27.641876,458.04,7,10.627203,15.906431,11.204135,9.2776985,539.21,539.21,34.1693485,73.88675300000001,205,0
8.458325,27.518433,458.04,7,7.6357145,10.627203,15.906431,9.113315,458.04,539.21,26.7212425,72.22282200000001,206,0
12.388898,27.57132,1232.63,7,8.458325,7.6357145,10.627203,11.204135,458.04,458.04,28.4829375,75.3340215,207,0
16.538807,25.996948,1232.63,7,12.388898,8.458325,7.6357145,15.906431,1232.63,458.04,37.38602999999999,82.75951350000001,208,0
4.9132853,27.194214,1341.92,7,16.538807,12.388898,8.458325,10.627203,1232.63,1232.63,33.840990299999994,76.46866380000002,209,0
3.4955149,28.529846,1341.92,7,4.9132853,16.538807,12.388898,7.6357145,1341.92,1232.63,24.9476072,64.05774770000001,210,0
6.4513106,28.355133,1232.63,7,3.4955149,4.9132853,16.538807,8.458325,1341.92,1341.92,14.860110800000001,59.88185530000001,211,0
10.078335,27.783356,1475.53,7,6.4513106,3.4955149,4.9132853,12.388898,1232.63,1341.92,20.0251605,62.324475800000016,212,0
10.119176,27.132538,1232.63,7,10.078335,6.4513106,3.4955149,16.538807,1475.53,1232.63,26.648821599999998,63.98532680000001,213,0
15.091603,27.087463,1232.63,8,10.119176,10.078335,6.4513106,4.9132853,1232.63,1475.53,35.289114,66.6880318,214,0
19.75347,26.246613,1232.63,8,15.091603,10.119176,10.078335,3.4955149,1232.63,1232.63,44.964248999999995,69.9026948,215,1
22.164896,26.295929,1341.92,8,19.75347,15.091603,10.119176,6.4513106,1232.63,1232.63,57.009969,87.15430550000002,216,1
34.951565,25.930817,1569.36,8,22.164896,19.75347,15.091603,10.078335,1341.92,1232.63,76.869931,118.61035560000002,217,1
29.925861,25.94104,1569.36,8,34.951565,22.164896,19.75347,10.119176,1569.36,1341.92,87.042322,142.08490600000002,218,1
23.19422,26.093842,8658.58,8,29.925861,34.951565,22.164896,15.091603,1569.36,1569.36,88.071646,155.200791,219,1
10.669831,26.471527,12401.31,8,23.19422,29.925861,34.951565,19.75347,8658.58,1569.36,63.789912,155.75144600000002,220,0
9.160049,27.39746,16063.0,8,10.669831,23.19422,29.925861,22.164896,12401.31,8658.58,43.024100000000004,149.81989200000004,221,0
22.640272,27.056396,14212.09,8,9.160049,10.669831,23.19422,34.951565,16063.0,12401.31,42.470152,152.70669400000003,222,1
18.162317,26.717041,155506.0,8,22.640272,9.160049,10.669831,29.925861,14212.09,16063.0,49.962638,148.704115,223,0
17.137184,26.930206,157789.14,8,18.162317,22.640272,9.160049,23.19422,155506.0,14212.09,57.939773,130.88973400000003,224,0
11.511691,27.4422,161104.94,8,17.137184,18.162317,22.640272,10.669831,157789.14,155506.0,46.811192000000005,112.47556400000002,225,0
7.234891,27.623566,10088.4,8,11.511691,17.137184,18.162317,9.160049,161104.94,157789.14,35.88376600000001,96.51623500000002,226,0
9.296961,27.832794,6521.0,8,7.234891,11.511691,17.137184,22.640272,10088.4,161104.94,28.043543000000003,95.14336500000002,227,0
15.784903,26.729248,4213.43,8,9.296961,7.234891,11.511691,18.162317,6521.0,10088.4,32.316755,101.76821900000002,228,0
17.855333,26.289612,3575.88,8,15.784903,9.296961,7.234891,17.137184,4213.43,6521.0,42.937197000000005,96.98328000000002,229,0
17.138483,25.920532,3453.69,8,17.855333,15.784903,9.296961,11.511691,3575.88,4213.43,50.778719,95.95944600000001,230,0
10.82513,26.295776,9968.31,8,17.138483,17.855333,15.784903,7.234891,3453.69,3575.88,45.81894600000001,89.64739200000001,231,0
0.8815103,27.759949,4976.73,8,10.82513,17.138483,17.855333,9.296961,9968.31,3453.69,28.845123300000004,79.01721130000001,232,0
0.25658104,28.251831,3355.32,8,0.8815103,10.82513,17.138483,15.784903,4976.73,9968.31,11.963221340000004,72.03890134000001,233,0
3.872334,28.170502,2531.97,8,0.25658104,0.8815103,10.82513,17.855333,3355.32,4976.73,5.010425340000003,66.61427434000001,234,0
14.957533,26.378235,2130.21,8,3.872334,0.25658104,0.8815103,17.138483,2531.97,3355.32,19.08644804,65.78690434,235,0
4.6631026,27.422577,2130.21,8,14.957533,3.872334,0.25658104,10.82513,2130.21,2531.97,23.492969600000002,52.59467394000001,236,0
10.312444,28.082672,2047.63,8,4.6631026,14.957533,3.872334,0.8815103,2130.21,2130.21,29.933079600000003,45.76863494000001,237,0
14.0145,27.644135,1945.03,8,10.312444,4.6631026,14.957533,0.25658104,2047.63,2130.21,28.990046600000003,48.958004940000016,238,0
9.260961,27.452026,1569.36,8,14.0145,10.312444,4.6631026,3.872334,1945.03,2047.63,33.587905000000006,57.337455640000016,239,0
4.0923095,28.226868,1648.04,8,9.260961,14.0145,10.312444,14.957533,1569.36,1945.03,27.367770500000006,61.173184100000014,240,0
1.7690277,28.843658,1648.04,8,4.0923095,9.260961,14.0145,4.6631026,1648.04,1569.36,15.122298200000003,59.06987780000001,241,0
6.936117,29.116577,1851.08,8,1.7690277,4.0923095,9.260961,10.312444,1648.04,1648.04,12.797454200000004,51.04846180000001,242,0
9.937263,28.497559,2047.83,8,6.936117,1.7690277,4.0923095,14.0145,1851.08,1648.04,18.642407700000007,56.32262220000001,243,0
9.910087,27.64392,1851.08,8,9.937263,6.936117,1.7690277,9.260961,2047.83,1851.08,26.783467,55.92026520000001,244,0
9.463863,27.327026,1648.04,9,9.910087,9.937263,6.936117,4.0923095,1851.08,2047.83,29.311213000000002,51.369628200000015,245,0
12.934446,27.238525,1341.92,9,9.463863,9.910087,9.937263,1.7690277,1648.04,1851.08,32.308396,55.04311320000001,246,0
25.881716,26.321472,1341.92,9,12.934446,9.463863,9.910087,6.936117,1341.92,1648.04,48.28002500000001,76.8325197,247,1
22.057539,25.492188,1365.56,9,25.881716,12.934446,9.463863,9.937263,1341.92,1341.92,60.873701,97.12103100000002,248,1
10.648311,25.92981,2491.78,9,22.057539,25.881716,12.934446,9.910087,1365.56,1341.92,58.58756600000001,100.83322500000003,249,0
4.98089,26.324097,15101.38,9,10.648311,22.057539,25.881716,9.463863,2491.78,1365.56,37.68674,95.87685200000001,250,0
6.5578785,26.405792,8861.7,9,4.98089,10.648311,22.057539,12.934446,15101.38,2491.78,22.187079500000003,92.52464350000001,251,0
8.747373,26.661621,6953.7,9,6.5578785,4.98089,10.648311,25.881716,8861.7,15101.38,20.286141500000003,91.8081535,252,0
13.520871,27.092957,4213.43,9,8.747373,6.5578785,4.98089,22.057539,6953.7,8861.7,28.826122500000004,92.39457850000002,253,0
13.848654,27.281036,6953.71,9,13.520871,8.747373,6.5578785,10.648311,4213.43,6953.7,36.116898000000006,80.36151650000001,254,0
11.814703,27.086609,8486.45,9,13.848654,13.520871,8.747373,4.98089,6953.71,4213.43,39.184228000000004,70.11868050000001,255,0
10.975758,26.951569,8154.0,9,11.814703,13.848654,13.520871,6.5578785,8486.45,6953.71,36.639115000000004,70.44612750000002,256,0
11.284167,27.048737,14031.43,9,10.975758,11.814703,13.848654,8.747373,8154.0,8486.45,34.074628000000004,76.74940450000001,257,0
7.8249907,27.20691,8154.1,9,11.284167,10.975758,11.814703,13.520871,14031.43,8154.0,30.084915700000003,78.01651670000001,258,0
4.868106,27.691406,11859.13,9,7.8249907,11.284167,10.975758,13.848654,8154.1,14031.43,23.9772637,74.13724970000001,259,0
4.926778,28.126923,12401.0,9,4.868106,7.8249907,11.284167,11.814703,11859.13,8154.1,17.619874700000004,65.54315670000001,260,0
6.308163,27.887604,12401.0,9,4.926778,4.868106,7.8249907,10.975758,12401.0,11859.13,16.103047000000004,58.002665700000016,261,0
9.0300865,27.845856,5335.09,9,6.308163,4.926778,4.868106,11.284167,12401.0,12401.0,20.265027500000002,55.21804920000002,262,0
9.154636,27.913544,4581.85,9,9.0300865,6.308163,4.926778,7.8249907,5335.09,12401.0,24.492885500000007,53.39692720000001,263,0
6.5527663,27.936584,3573.88,9,9.154636,9.0300865,6.308163,4.868106,4581.85,5335.09,24.737488800000005,48.66552650000001,264,0
5.597736,27.317688,2531.97,9,6.5527663,9.154636,9.0300865,4.926778,3573.88,4581.85,21.305138300000007,46.43827180000002,265,0
6.7402177,27.094849,2182.82,9,5.597736,6.5527663,9.154636,6.308163,2531.97,3573.88,18.890720000000005,48.310383500000015,266,0
10.6983385,26.838501,2238.99,9,6.7402177,5.597736,6.5527663,9.0300865,2182.82,2531.97,23.036292200000005,54.08194400000002,267,0
9.869552,26.978912,2238.99,9,10.6983385,6.7402177,5.597736,9.154636,2238.99,2182.82,27.308108200000007,57.64333300000002,268,0
9.532867,27.140991,2491.78,9,9.869552,10.6983385,6.7402177,6.5527663,2238.99,2238.99,30.100757500000007,58.14611350000001,269,0
11.267536,26.927063,2491.78,9,9.532867,9.869552,10.6983385,5.597736,2491.78,2238.99,30.66995500000001,60.259013500000016,270,0
10.578232,26.683228,2182.82,9,11.267536,9.532867,9.869552,6.7402177,2491.78,2491.78,31.378635000000003,64.28447920000002,271,0
13.262092,26.491974,1945.03,9,10.578232,11.267536,9.532867,10.6983385,2182.82,2491.78,35.10786,71.94883520000002,272,0
12.602571,26.525574,1851.08,9,13.262092,10.578232,11.267536,9.869552,1945.03,2182.82,36.44289500000001,77.81118850000001,273,0
7.0897527,26.691925,2220.59,9,12.602571,13.262092,10.578232,9.532867,1851.08,1945.03,32.954415700000006,74.20260270000001,274,0
5.4802456,27.033173,12401.0,10,7.0897527,12.602571,13.262092,11.267536,2220.59,1851.08,25.172569300000003,69.81329630000002,275,0
3.4111402,27.229156,6953.71,10,5.4802456,7.0897527,12.602571,10.578232,12401.0,2220.59,15.981138500000005,63.691569500000014,276,0
2.670388,27.675446,9968.31,10,3.4111402,5.4802456,7.0897527,13.262092,6953.71,12401.0,11.561773800000005,55.09442150000002,277,0
3.756781,27.890167,10887.87,10,2.670388,3.4111402,5.4802456,12.602571,9968.31,6953.71,9.838309200000005,48.272970500000014,278,0
10.169685,27.547852,6953.71,10,3.756781,2.670388,3.4111402,7.0897527,10887.87,9968.31,16.596854000000008,45.18056350000001,279,0
15.413905,26.585571,5283.21,10,10.169685,3.756781,2.670388,5.4802456,6953.71,10887.87,29.340371000000005,47.991897500000015,280,0
14.930168,26.161621,2922.96,10,15.413905,10.169685,3.756781,3.4111402,5283.21,6953.71,40.51375800000001,55.83231280000002,281,0
11.735723,26.475494,6521.98,10,14.930168,15.413905,10.169685,2.670388,2922.96,5283.21,42.079796,62.087790200000015,282,0
13.047034,26.476349,5932.29,10,11.735723,14.930168,15.413905,3.756781,6521.98,2922.96,39.712925000000006,71.72368400000002,283,0
6.36239,26.680847,5932.29,10,13.047034,11.735723,14.930168,10.169685,5932.29,6521.98,31.145147000000005,75.41568600000001,284,0
0.8616066,27.29007,6521.98,10,6.36239,13.047034,11.735723,15.413905,5932.29,5932.29,20.271030600000007,72.5205116,285,0
0.022786085,26.859894,10088.4,10,0.8616066,6.36239,13.047034,14.930168,6521.98,5932.29,7.246782685000006,62.37361268500001,286,0
0.01947403,26.357178,11006.56,10,0.022786085,0.8616066,6.36239,11.735723,10088.4,6521.98,0.9038667150000054,46.97918171500002,287,0
0.03180896,25.668335,9794.64,10,0.01947403,0.022786085,0.8616066,13.047034,11006.56,10088.4,0.07406907500000533,32.080822675000014,288,0
0.016820572,25.344055,6804.31,10,0.03180896,0.01947403,0.022786085,6.36239,9794.64,11006.56,0.06810356200000534,20.36192024700001,289,0
0.0018602258,25.252441,3335.32,10,0.016820572,0.03180896,0.01947403,0.8616066,6804.31,9794.64,0.05048975780000532,7.3167464728000144,290,0
0.00040166514,25.543793,3453.64,10,0.0018602258,0.016820572,0.03180896,0.022786085,3335.32,6804.31,0.01908246294000533,0.9547581379400142,291,0
0.01960642,25.746521,1945.03,10,0.00040166514,0.0018602258,0.016820572,0.01947403,3453.64,3335.32,0.02186831094000533,0.11275795794001421,292,0
0.035581026,25.50824,2047.63,10,0.01960642,0.00040166514,0.0018602258,0.03180896,1945.03,3453.64,0.05558911114000533,0.1255528989400142,293,0
0.008747999,25.261261,1569.36,10,0.035581026,0.01960642,0.00040166514,0.016820572,2047.63,1945.03,0.06393544500000534,0.1148268679400142,294,0
0.0029608782,25.030426,1156.36,10,0.008747999,0.035581026,0.01960642,0.0018602258,1569.36,2047.63,0.04728990320000533,0.08597878614001421,295,0
0.00067093794,24.901337,1341.92,10,0.0029608782,0.008747999,0.035581026,0.00040166514,1156.36,1569.36,0.012379815140005329,0.06982915208001422,296,0
0.0009637721,25.007263,1156.04,10,0.00067093794,0.0029608782,0.008747999,0.01960642,1341.92,1156.36,0.004595588240005329,0.06893269838001422,297,0
0.0,24.578796,873.67,10,0.0009637721,0.00067093794,0.0029608782,0.035581026,1156.04,1341.92,0.001634710040005329,0.06853103324001421,298,0
0.0006462546,24.704376,880.44,10,0.0,0.0009637721,0.00067093794,0.008747999,873.67,1156.04,0.001610026700005329,0.049570867840014216,299,0
1.1726906,24.755554,880.44,10,0.0006462546,0.0,0.0009637721,0.0029608782,880.44,873.67,1.1733368546000051,1.186680441840014,300,0
1.2830263,24.743164,880.44,10,1.1726906,0.0006462546,0.0,0.00067093794,880.44,880.44,2.4563631546000053,2.460958742840014,301,0
0.91315776,25.589355,754.97,10,1.2830263,1.1726906,0.0006462546,0.0009637721,880.44,880.44,3.3688746600000052,3.3711556246400143,302,0
1.2133845,25.408813,754.97,10,0.91315776,1.2830263,1.1726906,0.0,754.97,880.44,3.4095685600000056,4.5838691867000145,303,0
0.25195515,25.141724,747.88,10,1.2133845,0.91315776,1.2830263,0.0006462546,754.97,754.97,2.3784974100000054,4.834860564600014,304,0
0.32197618,24.977325,747.88,10,0.25195515,1.2133845,0.91315776,1.1726906,747.88,754.97,1.7873158300000054,5.156836744600014,305,0
0.51858115,24.934082,747.88,11,0.32197618,0.25195515,1.2133845,1.2830263,747.88,747.88,1.0925124800000054,5.6747716400000145,306,0
0.42026857,25.41803,747.88,11,0.51858115,0.32197618,0.25195515,0.91315776,747.88,747.88,1.2608259000000055,4.922349610000015,307,0
6.1986666,24.88556,754.97,11,0.42026857,0.51858115,0.32197618,1.2133845,747.88,747.88,7.137516320000006,9.837989910000015,308,0
22.540838,24.237396,577.75,11,6.1986666,0.42026857,0.51858115,0.25195515,754.97,747.88,29.15977317000001,31.465670150000015,309,1
2.5525408,23.918365,488.04,11,22.540838,6.1986666,0.42026857,0.32197618,577.75,754.97,31.292045400000006,32.804826450000014,310,0
0.042408213,23.39206,453.35,11,2.5525408,22.540838,6.1986666,0.51858115,488.04,577.75,25.13578701300001,32.595279513000015,311,0
6.7318188e-06,22.367828,453.35,11,0.042408213,2.5525408,22.540838,0.42026857,453.35,488.04,2.594955744818807,32.273310064818816,312,0
0.00021766213,22.042969,380.48,11,6.7318188e-06,0.042408213,2.5525408,6.1986666,453.35,453.35,0.042632606948807106,31.754946576948814,313,0
1.7951517e-05,21.494446,299.49,11,0.00021766213,6.7318188e-06,0.042408213,22.540838,380.48,453.35,0.00024234546580710544,31.334695958465815,314,0
7.517198e-05,21.655243,380.48,11,1.7951517e-05,0.00021766213,6.7318188e-06,2.5525408,299.49,380.48,0.0003107856270071054,25.136104530445817,315,0
0.0004532758,21.960876,299.49,11,7.517198e-05,1.7951517e-05,0.00021766213,0.042408213,380.48,299.49,0.0005463992970071055,2.5957198062458144,316,0
0.00025468713,22.44519,380.48,11,0.0004532758,7.517198e-05,1.7951517e-05,6.7318188e-06,299.49,380.48,0.0007831349100071055,0.04343369337581421,317,0
4.1512885e-05,23.159393,359.55,11,0.00025468713,0.0004532758,7.517198e-05,0.00021766213,380.48,299.49,0.0007494758150071054,0.001066993260814211,318,0
0.0061001494,23.678375,380.48,11,4.1512885e-05,0.00025468713,0.0004532758,1.7951517e-05,359.55,380.48,0.006396349415007106,0.007160410842014211,319,0
0.08437886,23.268738,431.47,11,0.0061001494,4.1512885e-05,0.00025468713,7.517198e-05,380.48,359.55,0.09052052228500711,0.09132160871201421,320,0
0.018189374,22.401917,359.55,11,0.08437886,0.0061001494,4.1512885e-05,0.0004532758,431.47,380.48,0.10866838340000712,0.10949303119501422,321,0
3.3659094e-06,21.3909,359.55,11,0.018189374,0.08437886,0.0061001494,0.00025468713,359.55,431.47,0.1025715999094071,0.10942122512441421,322,0
2.9171215e-05,21.04718,359.55,11,3.3659094e-06,0.018189374,0.08437886,4.1512885e-05,359.55,359.55,0.018221911124407107,0.10899712053941421,323,0
0.00033995687,21.138184,303.69,11,2.9171215e-05,3.3659094e-06,0.018189374,0.0061001494,359.55,359.55,0.0003724939944071054,0.10908239027941422,324,0
0.00041625078,21.354034,299.49,11,0.00033995687,2.9171215e-05,3.3659094e-06,0.08437886,303.69,359.55,0.0007853788650071054,0.10945712817441422,325,0
0.00047010533,21.249084,299.49,11,0.00041625078,0.00033995687,2.9171215e-05,0.018189374,299.49,303.69,0.0012263129800071052,0.10382708410441421,326,0
3.0293184e-05,21.025421,285.29,11,0.00047010533,0.00041625078,0.00033995687,3.3659094e-06,299.49,299.49,0.0009166492940071054,0.019478517288414213,327,0
0.000408397,21.225159,249.47,11,3.0293184e-05,0.00047010533,0.00041625078,2.9171215e-05,285.29,299.49,0.0009087955140071055,0.001697540288414211,328,0
0.00027712653,21.319489,249.47,11,0.000408397,3.0293184e-05,0.00047010533,0.00033995687,249.47,285.29,0.0007158167140071054,0.0019713009090142107,329,0
3.8146973e-05,21.048492,209.97,11,0.00027712653,0.000408397,3.0293184e-05,0.00041625078,249.47,249.47,0.0007236705030071055,0.001980276667014211,330,0
1.5707577e-05,21.673584,191.14,11,3.8146973e-05,0.00027712653,0.000408397,0.00047010533,209.97,249.47,0.00033098108000710543,0.001656027374014211,331,0
0.00027937046,21.778992,184.46,11,1.5707577e-05,3.8146973e-05,0.00027712653,3.0293184e-05,191.14,209.97,0.0003332250100071054,0.0015191470540142108,332,0
0.00062381517,21.491028,184.46,11,0.00027937046,1.5707577e-05,3.8146973e-05,0.000408397,184.46,191.14,0.0009188932070071054,0.0016728568940142109,333,0
0.00020868637,21.598877,177.67,11,0.00062381517,0.00027937046,1.5707577e-05,0.00027712653,184.46,184.46,0.0011118720000071055,0.0018512500800142108,334,0
0.0015786116,21.357452,177.67,11,0.00020868637,0.00062381517,0.00027937046,3.8146973e-05,177.67,184.46,0.002411113140007105,0.003021464680014211,335,0
0.32337525,21.839905,177.67,12,0.0015786116,0.00020868637,0.00062381517,1.5707577e-05,177.67,177.67,0.3251625479700071,0.32611958815001424,336,0
0.47814313,22.499146,184.46,12,0.32337525,0.0015786116,0.00020868637,0.00027937046,177.67,177.67,0.8030969916000071,0.8042245711770143,337,0
0.07095786,22.993652,184.46,12,0.47814313,0.32337525,0.0015786116,0.00062381517,184.46,177.67,0.8724762400000071,0.8751667236000144,338,0
0.001117482,22.288788,177.67,12,0.07095786,0.47814313,0.32337525,0.00020868637,184.46,184.46,0.5502184720000072,0.8760048351400143,339,0
0.0003691281,21.049133,177.67,12,0.001117482,0.07095786,0.47814313,0.0015786116,177.67,184.46,0.0724444701000071,0.8757501480700143,340,0
0.00032985912,20.57434,177.67,12,0.0003691281,0.001117482,0.07095786,0.32337525,177.67,177.67,0.0018164692200071054,0.8758713208200143,341,0
1.1219697e-06,20.653412,168.29,12,0.00032985912,0.0003691281,0.001117482,0.47814313,177.67,177.67,0.0007001091897071055,0.8742938311897143,342,0
1.2341668e-05,20.273132,168.29,12,1.1219697e-06,0.00032985912,0.0003691281,0.07095786,168.29,177.67,0.00034332275770710546,0.5509309228577142,343,0
0.00020532047,19.694641,168.29,12,1.2341668e-05,1.1219697e-06,0.00032985912,0.001117482,168.29,168.29,0.00021878410770710544,0.07299311332771422,344,0
0.013634177,19.61316,177.67,12,0.00020532047,1.2341668e-05,1.1219697e-06,0.0003691281,168.29,168.29,0.013851839138007107,0.01566943032771421,345,0
0.12012257,20.827148,177.67,12,0.013634177,0.00020532047,1.2341668e-05,0.00032985912,177.67,168.29,0.1339620674700071,0.1346745183277142,346,0
0.040415596,21.466919,177.67,12,0.12012257,0.013634177,0.00020532047,1.1219697e-06,177.67,177.67,0.1741723430000071,0.1747209862277142,347,0
0.0,21.538239,168.29,12,0.040415596,0.12012257,0.013634177,1.2341668e-05,177.67,177.67,0.16053816600000712,0.1743911271077142,348,0
0.0017592487,21.021576,168.29,12,0.0,0.040415596,0.12012257,0.00020532047,168.29,177.67,0.042174844700007104,0.1761492538380142,349,0
3.3659094e-06,20.386078,168.29,12,0.0017592487,0.0,0.040415596,0.013634177,168.29,168.29,0.0017626146094071053,0.1761402780794142,350,0
0.0,19.631104,177.67,12,3.3659094e-06,0.0017592487,0.0,0.12012257,168.29,168.29,0.0017626146094071053,0.17593495760941422,351,0
2.2439394e-06,19.037506,177.67,12,0.0,3.3659094e-06,0.0017592487,0.040415596,177.67,168.29,5.609848807105427e-06,0.16230302454881423,352,0
2.1317426e-05,18.75592,177.67,12,2.2439394e-06,0.0,3.3659094e-06,0.0,177.67,177.67,2.356136540710543e-05,0.04220177197481421,353,0
0.00047459317,18.860626,168.29,12,2.1317426e-05,2.2439394e-06,0.0,0.0017592487,177.67,177.67,0.0004981545354071055,0.0022607691448142107,354,0
0.0,18.912292,168.29,12,0.00047459317,2.1317426e-05,2.2439394e-06,3.3659094e-06,168.29,177.67,0.0004959105960071054,0.0022607691448142107,355,0
5.609849e-06,19.212158,168.29,12,0.0,0.00047459317,2.1317426e-05,0.0,168.29,168.29,0.0004802030190071054,0.0005071302938142109,356,0
9.873334e-05,18.979279,164.63,12,5.609849e-06,0.0,0.00047459317,2.2439394e-06,168.29,168.29,0.00010434318900710543,0.0006024977244142108,357,0
0.00072591443,18.956116,164.63,12,9.873334e-05,5.609849e-06,0.0,2.1317426e-05,164.63,168.29,0.0008302576190071055,0.0013284121544142108,358,0
0.00021990607,19.664276,164.63,12,0.00072591443,9.873334e-05,5.609849e-06,0.00047459317,164.63,164.63,0.0010445538400071055,0.001546074285014211,359,0
0.0010243584,20.444885,168.29,12,0.00021990607,0.00072591443,9.873334e-05,0.0,164.63,164.63,0.0019701789000071057,0.002549115259014211,360,0
0.00053517957,20.242004,168.29,12,0.0010243584,0.00021990607,0.00072591443,5.609849e-06,168.29,164.63,0.0017794440400071055,0.002609701659014211,361,0
0.0014226576,19.321564,168.29,12,0.00053517957,0.0010243584,0.00021990607,9.873334e-05,168.29,168.29,0.0029821955700071057,0.00403235925901421,362,0
0.0013575834,19.340118,164.63,12,0.0014226576,0.00053517957,0.0010243584,0.00072591443,168.29,168.29,0.0033154205700071057,0.005384332810014211,363,0
0.0021553042,19.641968,164.63,12,0.0013575834,0.0014226576,0.00053517957,0.00021990607,164.63,168.29,0.004935545200007106,0.00744090367001421,364,0
0.0014652926,20.019806,164.63,12,0.0021553042,0.0013575834,0.0014226576,0.0010243584,164.63,164.63,0.004978180200007106,0.00818028184001421,365,0
0.0032121993,20.371826,157.26,12,0.0014652926,0.0021553042,0.0013575834,0.00053517957,164.63,164.63,0.006832796100007105,0.01117257507001421,366,0
0.036084794,20.916656,157.26,1,0.0032121993,0.0014652926,0.0021553042,0.0014226576,157.26,164.63,0.040762285900007106,0.046233010670014216,1,0
1.9690064,20.703918,157.26,1,0.036084794,0.0032121993,0.0014652926,0.0013575834,157.26,157.26,2.008303393300007,2.0147042311000143,2,0
0.25440103,19.878265,157.26,1,1.9690064,0.036084794,0.0032121993,0.0021553042,157.26,157.26,2.2594922240000073,2.267682603500014,3,0
0.025247686,19.35431,153.73,1,0.25440103,1.9690064,0.036084794,0.0014652926,157.26,157.26,2.2486551160000072,2.2915727061000144,4,0
0.0040817256,19.497314,153.73,1,0.025247686,0.25440103,1.9690064,0.0032121993,153.73,157.26,0.2837304416000071,2.2934991275000143,5,0
7.517198e-05,19.809204,153.73,1,0.0040817256,0.025247686,0.25440103,0.036084794,153.73,153.73,0.029404583580007103,2.2921090068800143,6,0
6.283031e-05,20.212952,149.72,1,7.517198e-05,0.0040817256,0.025247686,1.9690064,153.73,153.73,0.004219727890007105,2.2889596378900143,7,0
0.00097050384,20.671722,149.72,1,6.283031e-05,7.517198e-05,0.0040817256,0.25440103,149.72,153.73,0.0011085061300071053,2.253845347730014,8,0
0.2374795,21.196198,157.26,1,0.00097050384,6.283031e-05,7.517198e-05,0.025247686,149.72,149.72,0.23851283415000712,0.5223184477300142,9,0
0.31502447,19.806427,157.26,1,0.2374795,0.00097050384,6.283031e-05,0.0040817256,157.26,149.72,0.5534744738400071,0.5829418877300142,10,0
0.28135186,18.86969,153.73,1,0.31502447,0.2374795,0.00097050384,7.517198e-05,157.26,157.26,0.8338558300000072,0.8390460617300142,11,0
0.24190006,17.926819,153.73,1,0.28135186,0.31502447,0.2374795,6.283031e-05,153.73,157.26,0.8382763900000071,1.0768643961300142,12,0
0.07688747,17.61267,153.73,1,0.24190006,0.28135186,0.31502447,0.00097050384,153.73,153.73,0.6001393900000072,1.153676694150014,13,0
0.0106306635,17.48706,153.73,1,0.07688747,0.24190006,0.28135186,0.2374795,153.73,153.73,0.3294181935000071,1.1642445273400142,14,0
5.6098488e-05,18.002045,153.73,1,0.0106306635,0.07688747,0.24190006,0.31502447,153.73,153.73,0.08757423198800711,1.163330121988014,15,0
1.7951517e-05,19.577332,153.73,1,5.6098488e-05,0.0106306635,0.07688747,0.28135186,153.73,153.73,0.010704713505007105,0.9258685735050142,16,0
4.487879e-06,20.9422,153.73,1,1.7951517e-05,5.6098488e-05,0.0106306635,0.24190006,153.73,153.73,7.853788400710543e-05,0.6108485913840143,17,0
0.0018018836,21.073242,153.73,1,4.487879e-06,1.7951517e-05,5.6098488e-05,0.07688747,153.73,153.73,0.0018243229960071053,0.3312986149840142,18,0
0.0009087955,21.205383,153.73,1,0.0018018836,4.487879e-06,1.7951517e-05,0.0106306635,153.73,153.73,0.002715166979007105,0.09030735048401421,19,0
1.7951517e-05,21.546814,146.52,1,0.0009087955,0.0018018836,4.487879e-06,5.6098488e-05,153.73,153.73,0.0027286306170071052,0.013437832001014212,20,0
0.0,21.621246,140.48,1,1.7951517e-05,0.0009087955,0.0018018836,1.7951517e-05,146.52,153.73,0.0009267470170071054,0.0028071685010142107,21,0
0.000112196976,21.8656,140.48,1,0.0,1.7951517e-05,0.0009087955,4.487879e-06,140.48,146.52,0.00013014849300710542,0.002863266989014211,22,0
0.0,21.701355,140.48,1,0.000112196976,0.0,1.7951517e-05,0.0018018836,140.48,140.48,0.00011219697600710542,0.002845315472014211,23,0
0.0,21.551422,140.48,1,0.0,0.000112196976,0.0,0.0009087955,140.48,140.48,0.00011219697600710542,0.002840827593014211,24,0
0.0,21.46521,137.65,1,0.0,0.0,0.000112196976,1.7951517e-05,140.48,140.48,0.0,0.0010389439930142109,25,0
0.23624195,22.087189,137.65,1,0.0,0.0,0.0,0.0,137.65,140.48,0.2362419500000071,0.23637209849301422,26,0
0.1806921,22.210876,137.65,1,0.23624195,0.0,0.0,0.000112196976,137.65,137.65,0.4169340500000071,0.4170462469760142,27,0
3.3659094e-06,21.181274,140.48,1,0.1806921,0.23624195,0.0,0.0,137.65,137.65,0.4169374159094071,0.4170496128854142,28,0
0.0011623607,20.648682,140.48,1,3.3659094e-06,0.1806921,0.23624195,0.0,140.48,137.65,0.1818578266094071,0.4180997766094142,29,0
0.0018837872,21.453674,137.65,1,0.0011623607,3.3659094e-06,0.1806921,0.0,140.48,140.48,0.0030495138094071054,0.4199835638094142,30,0
0.0025277978,22.342346,137.65,1,0.0018837872,0.0011623607,3.3659094e-06,0.23624195,137.65,140.48,0.005573945700007105,0.4225113616094142,31,0
0.012948654,22.49823,140.48,2,0.0025277978,0.0018837872,0.0011623607,0.1806921,137.65,137.65,0.017360239000007105,0.4354600156094142,32,0
0.021342108,22.309113,140.48,2,0.012948654,0.0025277978,0.0018837872,3.3659094e-06,140.48,137.65,0.0368185598000071,0.2205601736094142,33,0
0.025133247,21.928986,140.48,2,0.021342108,0.012948654,0.0025277978,0.0011623607,140.48,140.48,0.059424009000007105,0.06500132060941421,34,0
0.011376774,21.549255,137.65,2,0.025133247,0.021342108,0.012948654,0.0018837872,140.48,140.48,0.05785212900000711,0.0763747287000142,35,0
0.0020924734,22.237335,137.65,2,0.011376774,0.025133247,0.021342108,0.0025277978,137.65,140.48,0.038602494400007105,0.07730484140001422,36,0
0.0,23.468872,137.65,2,0.0020924734,0.011376774,0.025133247,0.012948654,137.65,137.65,0.013469247400007104,0.07542105420001421,37,0
7.0684095e-05,23.378235,140.48,2,0.0,0.0020924734,0.011376774,0.021342108,137.65,137.65,0.002163157495007106,0.0729639404950142,38,0
0.0016605154,23.1792,140.48,2,7.0684095e-05,0.0,0.0020924734,0.025133247,140.48,137.65,0.0017311994950071053,0.06167580189501421,39,0
0.0035443024,23.76886,137.65,2,0.0016605154,7.0684095e-05,0.0,0.011376774,140.48,140.48,0.005275501895007105,0.04387799629501421,40,0
0.0003231273,23.895386,137.65,2,0.0035443024,0.0016605154,7.0684095e-05,0.0020924734,137.65,140.48,0.005527945100007106,0.01906787659501421,41,0
0.4148416,23.732666,137.65,2,0.0003231273,0.0035443024,0.0016605154,0.0,137.65,137.65,0.41870902970000706,0.4225327025950142,42,0
0.12201309,22.78424,133.03,2,0.4148416,0.0003231273,0.0035443024,7.0684095e-05,137.65,137.65,0.5371778173000071,0.5424533191950142,43,0
0.0021137912,23.797302,133.03,2,0.12201309,0.4148416,0.0003231273,0.0016605154,133.03,137.65,0.5389684812000071,0.5445671103950142,44,0
0.0011735804,24.088104,129.46,2,0.0021137912,0.12201309,0.4148416,0.0035443024,133.03,133.03,0.1253004616000071,0.5456700067000142,45,0
1.6829546e-05,23.892609,129.46,2,0.0011735804,0.0021137912,0.12201309,0.0003231273,129.46,133.03,0.0033042011460071054,0.5440263208460142,46,0
0.0,23.735199,129.46,2,1.6829546e-05,0.0011735804,0.0021137912,0.4148416,129.46,129.46,0.0011904099460071055,0.5404820184460142,47,0
0.00016044168,24.033691,129.46,2,0.0,1.6829546e-05,0.0011735804,0.12201309,129.46,129.46,0.00017727122600710545,0.5403193328260142,48,0
0.000705719,24.679443,129.46,2,0.00016044168,0.0,1.6829546e-05,0.0021137912,129.46,129.46,0.0008661606800071055,0.1261834518260142,49,0
0.004872714,24.876373,133.03,2,0.000705719,0.00016044168,0.0,0.0011735804,129.46,129.46,0.005738874680007106,0.009043075826014211,50,0
0.0011724584,25.477234,133.03,2,0.004872714,0.000705719,0.00016044168,1.6829546e-05,133.03,129.46,0.006750891400007106,0.008101743026014211,51,0
0.0010198705,26.607574,129.46,2,0.0011724584,0.004872714,0.000705719,0.0,133.03,133.03,0.007065042900007106,0.007948033126014211,52,0
0.0014585607,26.767395,133.03,2,0.0010198705,0.0011724584,0.004872714,0.00016044168,129.46,133.03,0.0036508896000071057,0.009389764280014212,53,0
0.015038883,26.096954,133.03,2,0.0014585607,0.0010198705,0.0011724584,0.000705719,133.03,129.46,0.017517314200007104,0.02442864728001421,54,0
0.040835213,24.625153,133.03,2,0.015038883,0.0014585607,0.0010198705,0.004872714,133.03,133.03,0.057332656700007104,0.06510341860001422,55,0
0.029341754,23.779114,129.46,2,0.040835213,0.015038883,0.0014585607,0.0011724584,133.03,133.03,0.08521585000000712,0.09373945360001422,56,0
0.0019084705,24.688507,129.46,2,0.029341754,0.040835213,0.015038883,0.0010198705,129.46,133.03,0.07208543750000711,0.09077521010001421,57,0
0.0002524432,25.432037,129.46,2,0.0019084705,0.029341754,0.040835213,0.0014585607,129.46,129.46,0.031502667700007106,0.08985519490001422,58,0
0.0019084708,25.228424,129.46,2,0.0002524432,0.0019084705,0.029341754,0.015038883,129.46,129.46,0.004069384500007106,0.09074379520001422,59,0
0.000556497,26.089294,133.03,3,0.0019084708,0.0002524432,0.0019084705,0.040835213,129.46,129.46,0.0027174110000071057,0.08984173150001422,60,0
0.0003006879,27.01239,133.03,3,0.000556497,0.0019084708,0.0002524432,0.029341754,133.03,129.46,0.0027656557000071058,0.07510353640001421,61,0
0.0012902652,27.25711,137.65,3,0.0003006879,0.000556497,0.0019084708,0.0019084705,133.03,133.03,0.0021474501000071054,0.03555858860001421,62,0
0.03129398,27.00879,137.65,3,0.0012902652,0.0003006879,0.000556497,0.0002524432,137.65,133.03,0.032884933100007105,0.03751081460001421,63,0
0.121777475,27.04544,137.65,3,0.03129398,0.0012902652,0.0003006879,0.0019084708,137.65,137.65,0.1543617202000071,0.1573798191000142,64,0
0.57653093,26.210846,140.48,3,0.121777475,0.03129398,0.0012902652,0.000556497,137.65,137.65,0.7296023850000071,0.7336583059000141,65,0
3.169844,25.880798,140.48,3,0.57653093,0.121777475,0.03129398,0.0003006879,140.48,137.65,3.868152405000007,3.901593835100014,66,0
6.2207637,24.171997,137.65,3,3.169844,0.57653093,0.121777475,0.0012902652,140.48,140.48,9.967138630000006,10.121801038100013,67,0
1.3755081,26.409332,137.65,3,6.2207637,3.169844,0.57653093,0.03129398,137.65,140.48,10.766115800000005,11.497008450200015,68,0
5.6349015,25.40863,140.48,3,1.3755081,6.2207637,3.169844,0.121777475,137.65,137.65,13.231173300000005,17.130619685000013,69,0
2.3184237,25.100494,140.48,3,5.6349015,1.3755081,6.2207637,0.57653093,140.48,137.65,9.328833300000007,19.417749405000013,70,0
0.15451206,24.968872,137.65,3,2.3184237,5.6349015,1.3755081,3.169844,140.48,140.48,8.107837260000005,19.450483990000013,71,0
0.13012269,24.280426,137.65,3,0.15451206,2.3184237,5.6349015,6.2207637,137.65,140.48,2.603058450000006,19.004075750000013,72,0
0.14642267,25.126404,137.65,3,0.13012269,0.15451206,2.3184237,1.3755081,137.65,137.65,0.43105742000000624,15.980654420000015,73,0
0.09999219,25.553986,137.65,3,0.14642267,0.13012269,0.15451206,5.6349015,137.65,137.65,0.3765375500000062,9.859882910000016,74,0
0.102742136,26.062408,140.48,3,0.09999219,0.14642267,0.13012269,2.3184237,137.65,137.65,0.3491569960000062,8.587116946000014,75,0
0.36984837,27.030975,140.48,3,0.102742136,0.09999219,0.14642267,0.15451206,140.48,137.65,0.5725826960000062,3.322063816000014,76,0
0.4925133,27.284943,140.48,3,0.36984837,0.102742136,0.09999219,0.13012269,140.48,140.48,0.9651038060000061,1.4961534160000143,77,0
3.4357162,26.721802,137.65,3,0.4925133,0.36984837,0.102742136,0.14642267,140.48,140.48,4.2980778700000055,4.777357556000014,78,0
0.31036043,25.932281,137.65,3,3.4357162,0.4925133,0.36984837,0.09999219,137.65,140.48,4.238589930000006,4.957595296000014,79,0
0.023253946,26.776093,137.65,3,0.31036043,3.4357162,0.4925133,0.102742136,137.65,137.65,3.769330576000006,4.834426572000014,80,0
0.0014204137,27.716583,137.65,3,0.023253946,0.31036043,3.4357162,0.36984837,137.65,137.65,0.3350347897000062,4.735854795700014,81,0
6.619621e-05,29.160522,133.03,3,0.0014204137,0.023253946,0.31036043,0.4925133,137.65,137.65,0.024740555910006217,4.633178855910014,82,0
0.0020273994,30.001404,133.03,3,6.619621e-05,0.0014204137,0.023253946,3.4357162,133.03,137.65,0.0035140093100062175,4.2653578853100145,83,0
0.0033670315,30.494537,137.65,3,0.0020273994,6.619621e-05,0.0014204137,0.31036043,133.03,133.03,0.005460627110006218,3.7762116168100146,84,0
0.034498326,30.268677,137.65,3,0.0033670315,0.0020273994,6.619621e-05,0.023253946,137.65,133.03,0.039892756900006224,0.3749937428100147,85,0
0.009554694,30.322906,137.65,3,0.034498326,0.0033670315,0.0020273994,0.0014204137,137.65,137.65,0.04742005150000622,0.07418800681001465,86,0
0.0074700746,30.84613,137.65,3,0.009554694,0.034498326,0.0033670315,6.619621e-05,137.65,137.65,0.05152309460000622,0.058404135410014664,87,0
0.0006114735,31.277283,133.03,3,0.0074700746,0.009554694,0.034498326,0.0020273994,137.65,137.65,0.01763624210000622,0.05759519521001465,88,0
0.0022574032,31.456665,133.03,3,0.0006114735,0.0074700746,0.009554694,0.0033670315,133.03,137.65,0.010338951300006217,0.05978640220001465,89,0
0.006720599,31.41922,133.03,3,0.0022574032,0.0006114735,0.0074700746,0.034498326,133.03,133.03,0.009589475700006216,0.06447960180001466,90,0
0.057652414,31.580719,133.03,4,0.006720599,0.0022574032,0.0006114735,0.009554694,133.03,133.03,0.06663041620000622,0.11876498430001466,91,0
0.8985676,31.48819,129.46,4,0.057652414,0.006720599,0.0022574032,0.0074700746,133.03,133.03,0.9629406130000062,0.9828342583000147,92,0
0.41804144,31.371674,129.46,4,0.8985676,0.057652414,0.006720599,0.0006114735,129.46,133.03,1.3742614540000062,1.3913210043000146,93,0
0.2740456,31.50061,129.46,4,0.41804144,0.8985676,0.057652414,0.0022574032,129.46,129.46,1.5906546400000061,1.6578965297000146,94,0
1.0297046,31.233948,133.03,4,0.2740456,0.41804144,0.8985676,0.006720599,129.46,129.46,1.7217916400000064,2.686989656200015,95,0
0.57700104,31.31311,133.03,4,1.0297046,0.2740456,0.41804144,0.057652414,133.03,129.46,1.8807512400000062,3.261733293000015,96,0
0.40621367,31.828735,133.03,4,0.57700104,1.0297046,0.2740456,0.8985676,133.03,133.03,2.0129193100000062,3.6612263640000147,97,0
0.34407786,31.811218,133.03,4,0.40621367,0.57700104,1.0297046,0.41804144,133.03,133.03,1.3272925700000062,3.947651810000015,98,0
0.24870591,31.390991,129.46,4,0.34407786,0.40621367,0.57700104,0.2740456,133.03,133.03,0.9989974400000062,3.297790120000015,99,0
0.061451405,30.316101,129.46,4,0.24870591,0.34407786,0.40621367,1.0297046,129.46,133.03,0.6542351750000063,2.9412000850000144,100,0
0.008587556,29.93277,129.46,4,0.061451405,0.24870591,0.34407786,0.57700104,129.46,129.46,0.3187448710000062,2.6757420410000146,101,0
0.0048255925,30.460236,133.03,4,0.008587556,0.061451405,0.24870591,0.40621367,129.46,129.46,0.07486455350000622,1.6508630335000145,102,0
0.028894087,30.925842,129.46,4,0.0048255925,0.008587556,0.061451405,0.34407786,133.03,129.46,0.042307235500006216,1.1027560805000145,103,0
0.018069325,31.02237,129.46,4,0.028894087,0.0048255925,0.008587556,0.24870591,129.46,133.03,0.05178900450000622,0.7146117355000146,104,0
0.059329767,31.17331,129.46,4,0.018069325,0.028894087,0.0048255925,0.061451405,129.46,129.46,0.10629317900000622,0.4298636425000144,105,0
0.30230018,31.085236,129.46,4,0.059329767,0.018069325,0.028894087,0.008587556,129.46,129.46,0.3796992720000062,0.48345791250001446,106,0
0.11343002,31.408813,129.46,4,0.30230018,0.059329767,0.018069325,0.0048255925,129.46,129.46,0.4750599670000062,0.5354365275000145,107,0
0.11281744,32.151062,129.46,4,0.11343002,0.30230018,0.059329767,0.028894087,129.46,129.46,0.5285476400000062,0.6396664115000146,108,0
1.3931229,31.815582,133.03,4,0.11281744,0.11343002,0.30230018,0.018069325,129.46,129.46,1.6193703600000062,2.027963719000015,109,0
0.27899686,31.983887,133.03,4,1.3931229,0.11281744,0.11343002,0.059329767,133.03,129.46,1.784937200000006,2.2780664920000144,110,0
0.3718511,32.895294,133.03,4,0.27899686,1.3931229,0.11281744,0.30230018,133.03,133.03,2.043970860000006,2.6318482670000147,111,0
0.46760783,33.206665,133.03,4,0.3718511,0.27899686,1.3931229,0.11343002,133.03,133.03,1.1184557900000063,3.0401263300000148,112,0
0.50672984,32.654938,129.46,4,0.46760783,0.3718511,0.27899686,0.11281744,133.03,133.03,1.3461887700000061,3.2445559900000145,113,0
0.019153148,32.692017,129.46,4,0.50672984,0.46760783,0.3718511,1.3931229,129.46,133.03,0.9934908180000063,3.1502791180000145,114,0
0.0016436856,32.858276,129.46,4,0.019153148,0.50672984,0.46760783,0.27899686,129.46,129.46,0.5275266736000062,3.0391053636000147,115,0
0.00053966744,32.873474,129.46,4,0.0016436856,0.019153148,0.50672984,0.3718511,129.46,129.46,0.021336501040006214,1.6465221310400147,116,0
0.20384058,32.463562,129.46,4,0.00053966744,0.0016436856,0.019153148,0.46760783,129.46,129.46,0.2060239330400062,1.5713658510400146,117,0
0.15465792,32.64685,133.03,4,0.20384058,0.00053966744,0.0016436856,0.50672984,129.46,129.46,0.3590381674400062,1.3541726710400148,118,0
0.34306246,32.660217,133.03,4,0.15465792,0.20384058,0.00053966744,0.019153148,133.03,129.46,0.7015609600000062,1.2296273010400147,119,0
0.2899641,32.293945,133.03,4,0.34306246,0.15465792,0.20384058,0.0016436856,133.03,133.03,0.7876844800000062,1.0128615610400147,120,0
0.6901113,30.680237,133.03,5,0.2899641,0.34306246,0.15465792,0.00053966744,133.03,133.03,1.3231378600000063,1.6838197130400148,121,0
0.436085,31.359161,129.46,5,0.6901113,0.2899641,0.34306246,0.20384058,133.03,133.03,1.416160400000006,2.1182610274400147,122,0
0.20288692,32.12744,129.46,5,0.436085,0.6901113,0.2899641,0.15465792,129.46,133.03,1.3290832200000062,2.3206082800000147,123,0
0.35964403,32.734253,129.46,5,0.20288692,0.436085,0.6901113,0.34306246,129.46,129.46,0.9986159500000062,2.476411730000015,124,0
0.98129165,32.380768,126.78,5,0.35964403,0.20288692,0.436085,0.2899641,129.46,129.46,1.5438226000000062,3.3030454600000145,125,0
1.7056049,31.223907,126.78,5,0.98129165,0.35964403,0.20288692,0.6901113,126.78,129.46,3.0465405800000065,4.665587900000014,126,0
0.49760705,31.673462,126.78,5,1.7056049,0.98129165,0.35964403,0.436085,126.78,126.78,3.184503600000006,4.873230850000015,127,0
0.6564668,32.321106,126.78,5,0.49760705,1.7056049,0.98129165,0.20288692,126.78,126.78,2.8596787500000067,4.839586350000015,128,0
1.5274272,31.063232,129.46,5,0.6564668,0.49760705,1.7056049,0.35964403,126.78,126.78,2.6815010500000063,5.930928550000015,129,0
1.3093714,30.864868,133.03,5,1.5274272,0.6564668,0.49760705,0.98129165,129.46,126.78,3.4932654000000065,7.037413030000015,130,0
1.0848438,30.927246,133.03,5,1.3093714,1.5274272,0.6564668,1.7056049,133.03,129.46,3.9216424000000063,7.7626128000000145,131,0
0.6480071,32.103638,133.03,5,1.0848438,1.3093714,1.5274272,0.49760705,133.03,133.03,3.0422223000000064,7.429328250000014,132,0
1.0735029,32.167297,129.46,5,0.6480071,1.0848438,1.3093714,0.6564668,133.03,133.03,2.8063538000000063,6.797226250000014,133,0
0.123529986,33.427612,129.46,5,1.0735029,0.6480071,1.0848438,1.5274272,129.46,133.03,1.8450399860000062,6.423149186000015,134,0
0.51021576,34.1344,129.46,5,0.123529986,1.0735029,0.6480071,1.3093714,129.46,129.46,1.7072486460000063,6.276898146000015,135,0
0.1445602,34.29605,126.78,5,0.51021576,0.123529986,1.0735029,1.0848438,129.46,129.46,0.778305946000006,4.894031146000015,136,0
0.8298762,34.234375,126.78,5,0.1445602,0.51021576,0.123529986,0.6480071,126.78,129.46,1.484652160000006,4.414535946000015,137,0
5.366074,33.41809,126.78,5,0.8298762,0.1445602,0.51021576,1.0735029,126.78,126.78,6.3405104000000065,8.695766146000015,138,0
0.43121338,32.988464,129.46,5,5.366074,0.8298762,0.1445602,0.123529986,126.78,126.78,6.627163580000007,8.478972426000016,139,0
1.0378962,33.22171,129.46,5,0.43121338,5.366074,0.8298762,0.51021576,129.46,126.78,6.835183580000006,8.443365726000016,140,0
0.28711432,33.639984,129.46,5,1.0378962,0.43121338,5.366074,0.1445602,129.46,129.46,1.7562239000000062,8.606950060000015,141,0
0.43546566,33.880554,126.78,5,0.28711432,1.0378962,0.43121338,0.8298762,129.46,129.46,1.7604761800000062,8.532199960000016,142,0
1.1768924,33.80847,126.78,5,0.43546566,0.28711432,1.0378962,5.366074,126.78,129.46,1.8994723800000062,9.564532160000015,143,0
0.962254,33.64041,126.78,5,1.1768924,0.43546566,0.28711432,0.43121338,126.78,126.78,2.5746120600000064,9.696909960000017,144,0
0.3226471,33.591187,129.46,5,0.962254,1.1768924,0.43546566,1.0378962,126.78,126.78,2.461793500000006,4.653483060000015,145,0
3.4896288,32.300842,129.46,5,0.3226471,0.962254,1.1768924,0.28711432,129.46,126.78,4.774529900000006,7.711898480000015,146,0
1.3732406,31.221588,129.46,5,3.4896288,0.3226471,0.962254,0.43546566,129.46,129.46,5.185516500000006,8.047242880000017,147,0
1.1129355,31.11676,129.46,5,1.3732406,3.4896288,0.3226471,1.1768924,129.46,129.46,5.975804900000006,8.873064060000015,148,0
0.96517116,31.496338,126.78,5,1.1129355,1.3732406,3.4896288,0.962254,129.46,129.46,3.451347260000006,9.402769560000015,149,0
1.0019011,31.577393,126.78,5,0.96517116,1.1129355,1.3732406,0.3226471,126.78,129.46,3.080007760000006,9.227778260000015,150,0
0.9198963,32.129456,126.78,5,1.0019011,0.96517116,1.1129355,3.4896288,126.78,126.78,2.886968560000006,9.185420560000015,151,0
1.9353004,32.059235,126.78,6,0.9198963,1.0019011,0.96517116,1.3732406,126.78,126.78,3.8570978000000062,10.798073860000017,152,0
3.3969028,31.90799,129.46,6,1.9353004,0.9198963,1.0019011,1.1129355,126.78,126.78,6.252099500000005,10.705347860000014,153,0
1.1218038,33.253418,129.46,6,3.3969028,1.9353004,0.9198963,0.96517116,129.46,126.78,6.454007000000006,10.453911060000015,154,0
0.14663136,34.16638,129.46,6,1.1218038,3.3969028,1.9353004,1.0019011,129.46,129.46,4.665337960000005,9.487606920000015,155,0
2.5006282,32.618317,126.78,6,0.14663136,1.1218038,3.3969028,0.9198963,129.46,129.46,3.769063360000006,11.023063960000014,156,0
3.608967,30.095276,126.78,6,2.5006282,0.14663136,1.1218038,1.9353004,126.78,129.46,6.256226560000005,13.630129860000014,157,0
6.356558,30.347229,126.78,6,3.608967,2.5006282,0.14663136,3.3969028,126.78,126.78,12.466153200000004,19.066791560000013,158,0
3.5120673,30.79245,129.46,6,6.356558,3.608967,2.5006282,1.1218038,126.78,126.78,13.477592300000005,20.643558460000015,159,0
4.0404267,30.551758,129.46,6,3.5120673,6.356558,3.608967,0.14663136,129.46,126.78,13.909052000000004,21.287082360000017,160,0
10.056032,29.876831,129.46,6,4.0404267,3.5120673,6.356558,2.5006282,129.46,129.46,17.608526000000005,30.221310560000013,161,0
14.971365,29.142853,133.03,6,10.056032,4.0404267,3.5120673,3.608967,129.46,129.46,29.067823700000005,45.04604420000001,162,0
7.793017,29.26178,133.03,6,14.971365,10.056032,4.0404267,6.356558,133.03,129.46,32.82041400000001,50.33843300000001,163,0
8.192222,29.304993,133.03,6,7.793017,14.971365,10.056032,3.5120673,133.03,133.03,30.956604000000006,54.92168800000001,164,0
6.641912,30.158325,129.46,6,8.192222,7.793017,14.971365,4.0404267,133.03,133.03,22.627151000000005,55.20704200000001,165,0
13.301138,28.974457,137.65,6,6.641912,8.192222,7.793017,10.056032,129.46,133.03,28.135272000000008,64.99611270000001,166,0
8.88621,28.585724,146.52,6,13.301138,6.641912,8.192222,14.971365,137.65,129.46,28.829260000000005,69.84189600000002,167,0
2.7719731,30.183868,149.72,6,8.88621,13.301138,6.641912,7.793017,146.52,137.65,24.959321100000007,62.557837100000015,168,0
4.1170335,31.032898,153.73,6,2.7719731,8.88621,13.301138,8.192222,149.72,146.52,15.775216600000006,51.703505600000014,169,0
6.4445744,30.633545,153.73,6,4.1170335,2.7719731,8.88621,6.641912,153.73,149.72,13.333581000000006,50.355063000000015,170,0
10.972204,28.787506,168.29,6,6.4445744,4.1170335,2.7719731,13.301138,153.73,153.73,21.533811900000003,53.13504500000001,171,0
14.681572,28.001556,168.29,6,10.972204,6.4445744,4.1170335,8.88621,168.29,153.73,32.0983504,61.17470500000002,172,0
16.958944,27.947418,177.67,6,14.681572,10.972204,6.4445744,2.7719731,168.29,168.29,42.61272,64.83251100000001,173,0
14.117515,28.720581,177.67,6,16.958944,14.681572,10.972204,4.1170335,177.67,168.29,45.758031,70.06381600000002,174,0
22.4562,28.034607,168.29,6,14.117515,16.958944,14.681572,6.4445744,177.67,177.67,53.532658999999995,89.74804290000002,175,1
21.098204,26.92569,488.04,6,22.4562,14.117515,16.958944,10.972204,168.29,177.67,57.671918999999995,106.7292134,176,1
19.287807,27.0914,431.47,6,21.098204,22.4562,14.117515,14.681572,488.04,168.29,62.842211,119.57244600000001,177,0
20.02575,27.024231,873.68,6,19.287807,21.098204,22.4562,16.958944,431.47,488.04,60.411761,128.625992,178,1
19.123837,26.659973,1156.04,6,20.02575,19.287807,21.098204,14.117515,873.68,431.47,58.43739400000001,133.06825700000002,179,0
13.387619,27.233215,1138.76,6,19.123837,20.02575,19.287807,22.4562,1156.04,873.68,52.53720600000001,129.49693200000002,180,0
16.527023,27.173523,577.75,6,13.387619,19.123837,20.02575,21.098204,1138.76,1156.04,49.03847900000001,131.90644,181,0
16.369581,26.944458,754.97,7,16.527023,13.387619,19.123837,19.287807,577.75,1138.76,46.284223000000004,125.81982100000002,182,0
12.544931,26.714142,880.44,7,16.369581,16.527023,13.387619,20.02575,754.97,577.75,45.441535,117.26654800000001,183,0
14.370583,26.627594,1156.04,7,12.544931,16.369581,16.527023,19.123837,880.44,754.97,43.285095000000005,112.34932400000002,184,0
9.136103,27.038086,1156.04,7,14.370583,12.544931,16.369581,13.387619,1156.04,880.44,36.05161700000001,101.45967700000001,185,0
3.0717456,27.509033,1138.76,7,9.136103,14.370583,12.544931,16.527023,1156.04,1156.04,26.578431600000005,85.40758560000002,186,0
6.521303,28.018127,1138.76,7,3.0717456,9.136103,14.370583,16.369581,1138.76,1156.04,18.7291516,78.5412696,187,0
5.258293,28.169373,1156.04,7,6.521303,3.0717456,9.136103,12.544931,1138.76,1138.76,14.851341600000003,67.27253960000002,188,0
6.4727087,28.371277,1138.76,7,5.258293,6.521303,3.0717456,14.370583,1156.04,1138.76,18.252304700000003,57.37566730000002,189,0
13.622839,27.829987,1138.76,7,6.4727087,5.258293,6.521303,9.136103,1138.76,1156.04,25.353840700000006,58.45357530000001,190,0
14.961006,26.742584,1156.04,7,13.622839,6.4727087,5.258293,3.0717456,1138.76,1138.76,35.0565537,59.04399830000001,191,0
12.78659,26.305115,1156.04,7,14.961006,13.622839,6.4727087,6.521303,1156.04,1138.76,41.370435,62.69448530000001,192,0
10.974528,26.894867,1163.58,7,12.78659,14.961006,13.622839,5.258293,1156.04,1156.04,38.72212400000001,70.5972677,193,0
12.391457,26.70575,1569.36,7,10.974528,12.78659,14.961006,6.4727087,1163.58,1156.04,36.152575000000006,76.46742170000002,194,0
9.597802,26.772125,1569.36,7,12.391457,10.974528,12.78659,13.622839,1569.36,1163.58,32.963787,80.80693070000001,195,0
11.860701,26.98523,1341.92,7,9.597802,12.391457,10.974528,14.961006,1569.36,1569.36,33.84996,86.19492300000002,196,0
19.233328,26.60022,1341.92,7,11.860701,9.597802,12.391457,12.78659,1341.92,1569.36,40.691831,91.80541200000002,197,0
31.063835,27.023224,1569.36,7,19.233328,11.860701,9.597802,10.974528,1341.92,1341.92,62.157864000000004,107.90824100000002,198,1
16.035276,27.420258,1648.04,7,31.063835,19.233328,11.860701,12.391457,1569.36,1341.92,66.33243900000001,111.15692700000002,199,0
18.703299,27.114075,2531.97,7,16.035276,31.063835,19.233328,9.597802,1648.04,1569.36,65.80241000000001,118.88569800000002,200,0
13.772433,27.142456,8658.59,7,18.703299,16.035276,31.063835,11.860701,2531.97,1648.04,48.511008000000004,120.26667400000002,201,0
10.388829,27.930054,8486.45,7,13.772433,18.703299,16.035276,19.233328,8658.59,2531.97,42.864561,121.05770100000002,202,0
18.546078,27.347351,10887.87,7,10.388829,13.772433,18.703299,31.063835,8486.45,8658.59,42.70734,127.74307800000003,203,0
27.478682,26.590454,5283.21,7,18.546078,10.388829,13.772433,16.035276,10887.87,8486.45,56.413589,135.98843200000002,204,1
21.00723,26.245117,2531.97,7,27.478682,18.546078,10.388829,18.703299,5283.21,10887.87,67.03199000000001,125.93182700000003,205,1
13.830497,26.917969,2047.63,7,21.00723,27.478682,18.546078,13.772433,2531.97,5283.21,62.316409,123.72704800000001,206,0
20.482962,26.182037,2531.97,7,13.830497,21.00723,27.478682,10.388829,2047.63,2531.97,55.320689,125.50671100000001,207,1
8.936141,26.95404,10396.7,7,20.482962,13.830497,21.00723,18.546078,2531.97,2047.63,43.2496,120.67041900000001,208,0
3.9328082,27.690125,8861.7,7,8.936141,20.482962,13.830497,27.478682,10396.7,2531.97,33.3519112,114.21439820000002,209,0
5.2616534,28.435516,3855.44,7,3.9328082,8.936141,20.482962,21.00723,8861.7,10396.7,18.1306026,100.92997360000001,210,0
11.201832,27.77948,6804.31,7,5.2616534,3.9328082,8.936141,13.830497,3855.44,8861.7,20.3962936,84.65312360000001,211,0
10.128139,27.91861,8911.06,7,11.201832,5.2616534,3.9328082,20.482962,6804.31,3855.44,26.5916244,73.77403260000001,212,0
7.7415657,28.324707,3855.44,8,10.128139,11.201832,5.2616534,8.936141,8911.06,6804.31,29.0715367,67.68510130000001,213,0
8.844297,28.163696,2438.4,8,7.7415657,10.128139,11.201832,3.9328082,3855.44,8911.06,26.714001699999997,56.04643630000001,214,0
7.592787,28.111298,1945.03,8,8.844297,7.7415657,10.128139,5.2616534,2438.4,3855.44,24.1786497,54.70308230000001,215,0
11.459341,27.487732,1569.36,8,7.592787,8.844297,7.7415657,11.201832,1945.03,2438.4,27.896424999999997,62.229615100000004,216,0
19.4707,26.65625,1648.04,8,11.459341,7.592787,8.844297,10.128139,1569.36,1945.03,38.522828000000004,76.43866170000001,217,0
8.063389,27.54663,1648.04,8,19.4707,11.459341,7.592787,7.7415657,1648.04,1569.36,38.993430000000004,73.30021870000002,218,0
12.69535,27.507141,1569.36,8,8.063389,19.4707,11.459341,8.844297,1648.04,1648.04,40.229439,75.86742970000002,219,0
9.058519,27.297485,1945.03,8,12.69535,8.063389,19.4707,7.592787,1569.36,1648.04,29.817258000000002,77.18438300000003,220,0
8.437978,27.55841,2047.63,8,9.058519,12.69535,8.063389,11.459341,1945.03,1569.36,30.191847,76.778064,221,0
5.2377815,27.488708,2438.4,8,8.437978,9.058519,12.69535,19.4707,2047.63,1945.03,22.7342785,74.42305850000002,222,0
8.029712,27.931396,2130.21,8,5.2377815,8.437978,9.058519,8.063389,2438.4,2047.63,21.7054715,70.99342950000002,223,0
7.55973,27.063904,1569.36,8,8.029712,5.2377815,8.437978,12.69535,2130.21,2438.4,20.827223500000002,59.08245950000002,224,0
11.530884,27.184448,1648.04,8,7.55973,8.029712,5.2377815,9.058519,1569.36,2130.21,27.120326,62.54995450000001,225,0
9.88683,27.103577,1569.36,8,11.530884,7.55973,8.029712,8.437978,1648.04,1569.36,28.977444,59.74143450000001,226,0
7.6597257,27.626831,1569.36,8,9.88683,11.530884,7.55973,5.2377815,1569.36,1648.04,29.0774397,58.34264120000002,227,0
11.538984,27.532257,1513.52,8,7.6597257,9.88683,11.530884,8.029712,1569.36,1569.36,29.085539699999998,61.443647200000015,228,0
23.032001,26.493378,1648.04,8,11.538984,7.6597257,9.88683,7.55973,1513.52,1569.36,42.2307107,79.23786670000001,229,1
14.637165,26.96283,1945.03,8,23.032001,11.538984,7.6597257,11.530884,1648.04,1513.52,49.20815,85.84531970000002,230,0
4.2895555,27.080444,1945.03,8,14.637165,23.032001,11.538984,9.88683,1945.03,1648.04,41.9587215,82.57514520000001,231,0
3.3502154,27.238922,3855.44,8,4.2895555,14.637165,23.032001,7.6597257,1945.03,1945.03,22.276935899999998,74.39447660000002,232,0
1.2123713,27.84439,3353.32,8,3.3502154,4.2895555,14.637165,11.538984,3855.44,1945.03,8.8521422,65.72001790000002,233,0
4.2321653,28.021729,3237.91,8,1.2123713,3.3502154,4.2895555,23.032001,3353.32,3855.44,8.794751999999999,62.29245750000001,234,0
11.983786,28.033966,2752.22,8,4.2321653,1.2123713,3.3502154,14.637165,3237.91,3353.32,17.4283226,62.737259500000015,235,0
11.099636,27.48822,1945.03,8,11.983786,4.2321653,1.2123713,4.2895555,2752.22,3237.91,27.3155873,50.80489450000002,236,0
9.095726,27.834442,1945.03,8,11.099636,11.983786,4.2321653,3.3502154,1945.03,2752.22,32.179148,45.26345550000002,237,0
9.529613,28.180176,1513.52,8,9.095726,11.099636,11.983786,1.2123713,1945.03,1945.03,29.724975,50.50351300000001,238,0
16.880877,27.320374,1478.53,8,9.529613,9.095726,11.099636,4.2321653,1513.52,1945.03,35.506216,64.03417460000001,239,0
16.94503,26.430176,1648.04,8,16.880877,9.529613,9.095726,11.983786,1478.53,1513.52,43.35552,79.76683330000002,240,0
6.964925,26.78836,2047.63,8,16.94503,16.880877,9.529613,11.099636,1648.04,1478.53,40.790832,82.499593,241,0
4.8182087,28.284943,2438.4,8,6.964925,16.94503,16.880877,9.095726,2047.63,1648.04,28.7281637,75.33401570000001,242,0
10.8940525,27.850037,3855.44,8,4.8182087,6.964925,16.94503,9.529613,2438.4,2047.63,22.6771862,75.12843220000002,243,0
12.719967,27.498596,4581.85,9,10.8940525,4.8182087,6.964925,16.880877,3855.44,2438.4,28.4322282,78.75267320000002,244,0
6.5064454,27.242065,3237.91,9,12.719967,10.8940525,4.8182087,16.94503,4581.85,3855.44,30.1204649,75.72950560000001,245,0
1.0586469,28.444244,2488.4,9,6.5064454,12.719967,10.8940525,6.964925,3237.91,4581.85,20.2850593,59.90727550000002,246,0
1.3644097,28.786896,2238.99,9,1.0586469,6.5064454,12.719967,4.8182087,2488.4,3237.91,8.929502,44.32665520000002,247,0
2.8006148,28.89798,2438.4,9,1.3644097,1.0586469,6.5064454,10.8940525,2238.99,2488.4,5.2236714,40.162345000000016,248,0
4.155543,28.612488,2047.63,9,2.8006148,1.3644097,1.0586469,12.719967,2438.4,2238.99,8.3205675,39.49967930000001,249,0
6.7141037,28.49237,1648.04,9,4.155543,2.8006148,1.3644097,6.5064454,2047.63,2438.4,13.670261499999999,35.31973050000001,250,0
5.2087717,28.470215,1478.53,9,6.7141037,4.155543,2.8006148,1.0586469,1648.04,2047.63,16.0784184,27.808535200000012,251,0
7.651276,28.018951,1365.56,9,5.2087717,6.7141037,4.155543,1.3644097,1478.53,1648.04,19.574151399999998,28.953365800000014,252,0
6.9000187,28.433655,1478.53,9,7.651276,5.2087717,6.7141037,2.8006148,1365.56,1478.53,19.7600664,34.79473760000001,253,0
7.711596,28.313293,1478.53,9,6.9000187,7.651276,5.2087717,4.155543,1478.53,1365.56,22.2628907,41.14192390000001,254,0
10.015513,27.426697,1365.56,9,7.711596,6.9000187,7.651276,6.7141037,1478.53,1478.53,24.627127700000003,48.35682210000002,255,0
8.908393,27.331604,1156.04,9,10.015513,7.711596,6.9000187,5.2087717,1365.56,1478.53,26.635502000000002,53.10967210000002,256,0
8.707787,27.46695,1197.12,9,8.908393,10.015513,7.711596,7.651276,1156.04,1365.56,27.631693,55.10335540000001,257,0
3.6756876,28.089264,1163.58,9,8.707787,8.908393,10.015513,6.9000187,1197.12,1156.04,21.291867600000003,53.570271300000016,258,0
3.4913268,28.558838,1163.58,9,3.6756876,8.707787,8.908393,7.711596,1163.58,1197.12,15.874801399999999,49.410322100000016,259,0
10.17276,27.931396,1282.63,9,3.4913268,3.6756876,8.707787,10.015513,1163.58,1163.58,17.3397744,52.683063400000016,260,0
20.745605,26.461487,1478.53,9,10.17276,3.4913268,3.6756876,8.908393,1282.63,1163.58,34.409691800000004,65.71707240000002,261,1
23.32887,26.294678,2047.63,9,20.745605,10.17276,3.4913268,8.707787,1478.53,1282.63,54.247235,79.03042940000002,262,1
15.204612,26.334991,1851.08,9,23.32887,20.745605,10.17276,3.6756876,2047.63,1478.53,59.279087000000004,85.32664840000001,263,0
5.3990736,27.34259,2922.96,9,15.204612,23.32887,20.745605,3.4913268,1851.08,2047.63,43.9325556,82.01793500000002,264,0
1.511649,27.862183,2531.97,9,5.3990736,15.204612,23.32887,10.17276,2922.96,1851.08,22.1153346,79.85389640000001,265,0
1.6363277,28.397217,4297.68,9,1.511649,5.3990736,15.204612,20.745605,2531.97,2922.96,8.5470503,77.99889730000001,266,0
2.8223453,28.527649,3573.78,9,1.6363277,1.511649,5.3990736,23.32887,4297.68,2531.97,5.9703219999999995,70.64848260000001,267,0
3.93538,28.526855,2182.82,9,2.8223453,1.6363277,1.511649,15.204612,3573.78,4297.68,8.394053,53.838257600000006,268,0
1.9712795,28.5708,1648.04,9,3.93538,2.8223453,1.6363277,5.3990736,2182.82,3573.78,8.7290048,32.48066710000001,269,0
4.519576,27.844482,1569.32,9,1.9712795,3.93538,2.8223453,1.511649,1648.04,2182.82,10.426235499999999,21.795631100000016,270,0
8.913622,27.050903,1569.32,9,4.519576,1.9712795,3.93538,1.6363277,1569.32,1648.04,15.404477499999999,25.310179500000014,271,0
8.807508,26.741852,2220.59,9,8.913622,4.519576,1.9712795,2.8223453,1569.32,1569.32,22.240706,32.60603850000001,272,0
10.147149,26.863342,2130.21,9,8.807508,8.913622,4.519576,3.93538,2220.59,1569.32,27.868279,41.116859800000015,273,0
13.779107,26.692474,1569.32,10,10.147149,8.807508,8.913622,1.9712795,2130.21,2220.59,32.733764,52.073621500000016,274,0
10.505481,26.979431,2130.21,10,13.779107,10.147149,8.807508,4.519576,1569.32,2130.21,34.431737,58.64372250000002,275,0
5.009382,27.180573,1945.03,10,10.505481,13.779107,10.147149,8.913622,2130.21,1569.32,29.293969999999998,61.68182500000002,276,0
6.534628,27.215576,2438.4,10,5.009382,10.505481,13.779107,8.807508,1945.03,2130.21,22.049490999999996,63.696877000000015,277,0
6.0301647,26.980469,2922.96,10,6.534628,5.009382,10.505481,10.147149,2438.4,1945.03,17.574174699999997,60.81341970000001,278,0
12.352594,26.299835,2182.82,10,6.0301647,6.534628,5.009382,13.779107,2922.96,2438.4,24.917386699999998,64.35850570000001,279,0
7.5020003,26.90509,2238.94,10,12.352594,6.0301647,6.534628,10.505481,2182.82,2922.96,25.884758999999995,61.713357000000016,280,0
6.3820267,26.864258,1851.08,10,7.5020003,12.352594,6.0301647,5.009382,2238.94,2182.82,26.236620999999996,54.31627670000002,281,0
5.518977,26.750854,1851.08,10,6.3820267,7.5020003,12.352594,6.534628,1851.08,2238.94,19.403003999999996,49.329772700000014,282,0
3.24805,26.974365,2238.99,10,5.518977,6.3820267,7.5020003,6.0301647,1851.08,1851.08,15.149053699999996,47.56844070000001,283,0
2.872625,27.532623,2047.63,10,3.24805,5.518977,6.3820267,12.352594,2238.99,1851.08,11.639651999999996,43.90643770000001,284,0
3.3987305,27.820923,2047.63,10,2.872625,3.24805,5.518977,7.5020003,2047.63,2238.99,9.519405499999998,41.27500350000001,285,0
2.7051287,27.967285,2238.99,10,3.3987305,2.872625,3.24805,6.3820267,2047.63,2047.63,8.976484199999996,31.627538200000014,286,0
3.630887,27.991028,1945.03,10,2.7051287,3.3987305,2.872625,5.518977,2238.99,2047.63,9.734746199999996,27.756424900000013,287,0
0.6832942,27.963257,2182.82,10,3.630887,2.7051287,3.3987305,3.24805,1945.03,2238.99,7.019309899999996,22.057692400000015,288,0
0.0004936667,27.49176,2047.63,10,0.6832942,3.630887,2.7051287,2.872625,2182.82,1945.03,4.314674866699997,16.539209066700014,289,0
0.33259332,26.7919,1513.52,10,0.0004936667,0.6832942,3.630887,3.3987305,2047.63,2182.82,1.0163811866999963,13.623752386700016,290,0
4.6923227,26.26062,1478.53,10,0.33259332,0.0004936667,0.6832942,2.7051287,1513.52,2047.63,5.025409686699996,15.443450086700015,291,0
26.816309,25.908417,1228.14,10,4.6923227,0.33259332,0.0004936667,3.630887,1478.53,1513.52,31.841225019999996,38.861028586700016,292,1
22.613909,25.722473,1232.63,10,26.816309,4.6923227,0.33259332,0.6832942,1228.14,1478.53,54.122540699999995,58.76980888670001,293,1
2.498252,26.721771,1478.53,10,22.613909,26.816309,4.6923227,0.0004936667,1232.63,1228.14,51.92847,57.63717388670002,294,0
1.6640955,27.070496,2130.21,10,2.498252,22.613909,26.816309,0.33259332,1478.53,1232.63,26.776256499999995,58.617975186700015,295,0
0.31898275,27.357117,2531.97,10,1.6640955,2.498252,22.613909,4.6923227,2130.21,1478.53,4.4813302499999965,58.936464270000016,296,0
0.33484292,27.040375,2130.21,10,0.31898275,1.6640955,2.498252,26.816309,2531.97,2130.21,2.3179211699999964,58.938713870000015,297,0
0.39495808,26.467072,1478.53,10,0.33484292,0.31898275,1.6640955,22.613909,2130.21,2531.97,1.0487837499999964,54.64134925000001,298,0
0.5209755,26.188965,1365.56,10,0.39495808,0.33484292,0.31898275,2.498252,1478.53,2130.21,1.2507764999999964,28.346015750000014,299,0
0.37523606,25.646667,1138.76,10,0.5209755,0.39495808,0.33484292,1.6640955,1365.56,1478.53,1.2911696399999963,6.107342810000014,300,0
0.21171793,25.311584,1111.87,10,0.37523606,0.5209755,0.39495808,0.31898275,1138.76,1365.56,1.1079294899999965,3.820808740000014,301,0
0.08356318,24.959381,1111.87,10,0.21171793,0.37523606,0.5209755,0.33484292,1111.87,1138.76,0.6705171699999964,2.2402764200000145,302,0
0.12060951,24.431732,880.44,10,0.08356318,0.21171793,0.37523606,0.39495808,1111.87,1111.87,0.41589061999999644,2.041903180000014,303,0
0.10154164,24.043121,539.21,10,0.12060951,0.08356318,0.21171793,0.5209755,880.44,1111.87,0.3057143299999965,1.8086019000000142,304,0
0.058806922,23.755524,539.21,11,0.10154164,0.12060951,0.08356318,0.37523606,539.21,880.44,0.28095807199999645,1.4724507420000141,305,0
0.010930229,23.713531,844.94,11,0.058806922,0.10154164,0.12060951,0.21171793,539.21,539.21,0.17127879099999646,0.9624054710000142,306,0
0.14755921,23.310242,754.97,11,0.010930229,0.058806922,0.10154164,0.08356318,844.94,539.21,0.21729636099999644,0.7347286210000142,307,0
0.45748764,23.677979,377.75,11,0.14755921,0.010930229,0.058806922,0.12060951,754.97,844.94,0.6159770789999964,0.9804983310000143,308,0
0.14228821,24.343628,539.21,11,0.45748764,0.14755921,0.010930229,0.10154164,377.75,754.97,0.7473350599999964,1.0392233610000141,309,0
0.013841741,24.597107,539.21,11,0.14228821,0.45748764,0.14755921,0.058806922,539.21,377.75,0.6136175909999965,0.9324555920000143,310,0
0.0013014849,24.542847,488.04,11,0.013841741,0.14228821,0.45748764,0.010930229,539.21,539.21,0.15743143589999645,0.8322154369000142,311,0
0.004151288,24.107605,488.04,11,0.0013014849,0.013841741,0.14228821,0.14755921,488.04,539.21,0.019294513899996448,0.7775598029000141,312,0
0.0074689533,23.376953,453.35,11,0.004151288,0.0013014849,0.013841741,0.45748764,488.04,488.04,0.012921726199996448,0.7740985272000143,313,0
0.0004510318,22.716492,453.35,11,0.0074689533,0.004151288,0.0013014849,0.14228821,453.35,488.04,0.012071273099996447,0.6269903490000142,314,0
7.9659854e-05,22.413391,453.35,11,0.0004510318,0.0074689533,0.004151288,0.013841741,453.35,453.35,0.007999644953996446,0.1695823688540142,315,0
0.009337032,22.749054,431.47,11,7.9659854e-05,0.0004510318,0.0074689533,0.0013014849,453.35,453.35,0.009867723653996447,0.036631190854014214,316,0
0.079672195,23.565613,431.47,11,0.009337032,7.9659854e-05,0.0004510318,0.004151288,431.47,453.35,0.08908888685399645,0.10246164485401421,317,0
9.017895,23.502869,431.47,11,0.079672195,0.009337032,7.9659854e-05,0.0074689533,431.47,431.47,9.106904226999996,9.119055159954014,318,0
36.547295,22.417908,431.47,11,9.017895,0.079672195,0.009337032,0.0004510318,431.47,431.47,45.644862194999995,45.66219887195401,319,1
21.60165,22.715729,453.35,11,36.547295,9.017895,0.079672195,7.9659854e-05,431.47,431.47,67.16684,67.256379918654,320,1
3.848519,23.056152,453.35,11,21.60165,36.547295,9.017895,0.009337032,453.35,431.47,61.997464,71.10444788685402,321,0
1.0668619,24.036682,431.47,11,3.848519,21.60165,36.547295,0.079672195,453.35,453.35,26.51703089999999,72.171230127,322,0
0.98459584,24.797699,431.47,11,1.0668619,3.848519,21.60165,9.017895,431.47,453.35,5.8999767399999925,73.14648893500002,323,0
0.5390347,24.766724,431.47,11,0.98459584,1.0668619,3.848519,36.547295,431.47,431.47,2.5904924399999927,73.60585144000001,324,0
0.02505022,23.771973,453.35,11,0.5390347,0.98459584,1.0668619,21.60165,431.47,431.47,1.5486807599999928,64.61300666000001,325,0
0.051239237,22.921997,453.35,11,0.02505022,0.5390347,0.98459584,3.848519,453.35,431.47,0.6153241569999929,28.116950897000013,326,0
0.025337443,21.842987,375.44,11,0.051239237,0.02505022,0.5390347,1.0668619,453.35,453.35,0.1016268999999929,6.540638340000014,327,0
0.00018063713,20.860352,375.44,11,0.025337443,0.051239237,0.02505022,0.98459584,375.44,453.35,0.0767573171299929,2.692299977130014,328,0
0.00025132124,20.702698,359.55,11,0.00018063713,0.025337443,0.051239237,0.5390347,375.44,375.44,0.025769401369992895,1.6256893983700142,329,0
0.0007360122,20.708588,359.55,11,0.00025132124,0.00018063713,0.025337443,0.02505022,359.55,375.44,0.0011679705699928946,0.6418295705700142,330,0
0.0008818683,20.784454,303.29,11,0.0007360122,0.00025132124,0.00018063713,0.051239237,359.55,359.55,0.0018692017399928945,0.10367673887001422,331,0
0.00043308033,20.737915,303.29,11,0.0008818683,0.0007360122,0.00025132124,0.025337443,303.29,359.55,0.002050960829992895,0.07905959920001422,332,0
0.00024683337,20.72116,284.02,11,0.00043308033,0.0008818683,0.0007360122,0.00018063713,303.29,303.29,0.0015617819999928944,0.028067195570014213,333,0
0.00024907727,20.617798,267.04,11,0.00024683337,0.00043308033,0.0008818683,0.00025132124,284.02,303.29,0.0009289909699928946,0.0029788298400142106,334,0
0.00022775987,19.963226,209.97,12,0.00024907727,0.00024683337,0.00043308033,0.0007360122,267.04,284.02,0.0007236705099928946,0.003025952580014211,335,0
0.00023449169,19.652466,209.97,12,0.00022775987,0.00024907727,0.00024683337,0.0008818683,209.97,267.04,0.0007113288299928946,0.003009123030014211,336,0
7.853788e-06,19.590088,209.97,12,0.00023449169,0.00022775987,0.00024907727,0.00043308033,209.97,209.97,0.0004701053479928946,0.002280964618014211,337,0
0.0002748826,19.536774,206.54,12,7.853788e-06,0.00023449169,0.00022775987,0.00024683337,209.97,209.97,0.0005172280779928946,0.0016739789180142109,338,0
3.926894e-05,19.80423,206.54,12,0.0002748826,7.853788e-06,0.00023449169,0.00024907727,206.54,209.97,0.00032200532799289455,0.001280167528014211,339,0
0.00015931971,20.284729,196.14,12,3.926894e-05,0.0002748826,7.853788e-06,0.00022775987,206.54,206.54,0.0004734712499928946,0.001192653868014211,340,0
0.85060227,20.856232,196.14,12,0.00015931971,3.926894e-05,0.0002748826,0.00023449169,196.14,206.54,0.8508008586499929,0.8515458465980142,341,0
13.524284,21.008026,196.14,12,0.85060227,0.00015931971,3.926894e-05,7.853788e-06,196.14,196.14,14.375045589709993,14.375602086728014,342,0
4.1793003,21.169647,191.85,12,13.524284,0.85060227,0.00015931971,0.0002748826,196.14,196.14,18.55418656999999,18.554667895038016,343,0
0.16748652,21.445953,184.46,12,4.1793003,13.524284,0.85060227,3.926894e-05,191.85,196.14,17.871070819999993,18.722146561250018,344,0
0.024619384,21.656586,184.46,12,0.16748652,4.1793003,13.524284,0.00015931971,184.46,191.85,4.371406203999993,18.746491062650012,345,0
0.02663444,22.223633,184.46,12,0.024619384,0.16748652,4.1793003,0.85060227,184.46,184.46,0.2187403439999929,18.773086233710014,346,0
0.014152527,22.292969,177.67,12,0.02663444,0.024619384,0.16748652,13.524284,184.46,184.46,0.0654063509999929,18.787079441000017,347,0
0.004087336,21.975616,168.29,12,0.014152527,0.02663444,0.024619384,4.1793003,177.67,184.46,0.04487430299999289,17.940564507000012,348,0
0.0030293185,22.00064,164.63,12,0.004087336,0.014152527,0.02663444,0.16748652,168.29,177.67,0.021269181499992892,4.419309825500014,349,0
0.0020543267,21.84198,164.63,12,0.0030293185,0.004087336,0.014152527,0.024619384,164.63,168.29,0.009170981199992894,0.24206385220001422,350,0
0.0005789364,20.69217,164.63,12,0.0020543267,0.0030293185,0.004087336,0.02663444,164.63,164.63,0.005662581599992895,0.0751562686000142,351,0
0.00019858863,18.971558,157.26,12,0.0005789364,0.0020543267,0.0030293185,0.014152527,164.63,164.63,0.0028318517299928945,0.05073547323001421,352,0
2.3561366e-05,18.707916,153.73,12,0.00019858863,0.0005789364,0.0020543267,0.004087336,157.26,164.63,0.0008010863959928945,0.02412459459601421,353,0
0.0016369539,19.011475,153.73,12,2.3561366e-05,0.00019858863,0.0005789364,0.0030293185,153.73,157.26,0.0018591038959928944,0.01160902149601421,354,0
0.00031078566,19.669128,146.52,12,0.0016369539,2.3561366e-05,0.00019858863,0.0020543267,153.73,153.73,0.0019713009259928944,0.00783247115601421,355,0
0.00017839318,20.09784,146.52,12,0.00031078566,0.0016369539,2.3561366e-05,0.0005789364,146.52,153.73,0.0021261327399928944,0.0049815458360142105,356,0
0.00057781447,19.98822,149.72,12,0.00017839318,0.00031078566,0.0016369539,0.00019858863,146.52,146.52,0.0010669933099928947,0.003505033606014211,357,0
0.0004330803,19.902466,157.26,12,0.00057781447,0.00017839318,0.00031078566,2.3561366e-05,149.72,146.52,0.0011892879499928947,0.0033591775060142107,358,0
0.0004162508,20.029846,149.72,12,0.0004330803,0.00057781447,0.00017839318,0.0016369539,157.26,149.72,0.0014271455699928948,0.003576839676014211,359,0
6.619622e-05,18.894073,149.72,12,0.0004162508,0.0004330803,0.00057781447,0.00031078566,149.72,157.26,0.0009155273199928946,0.003619474530014211,360,0
1.1219697e-06,18.59085,153.73,12,6.619622e-05,0.0004162508,0.0004330803,0.00017839318,149.72,149.72,0.00048356898969289456,0.001983642599714211,361,0
0.00018288108,19.037231,153.73,12,1.1219697e-06,6.619622e-05,0.0004162508,0.00057781447,153.73,149.72,0.0002501992696928946,0.001855738019714211,362,0
0.00018063713,19.337585,149.72,12,0.00018288108,1.1219697e-06,6.619622e-05,0.0004330803,153.73,153.73,0.0003646401796928946,0.0018579819697142111,363,0
0.0010299683,19.540588,149.72,12,0.00018063713,0.00018288108,1.1219697e-06,0.0004162508,149.72,153.73,0.0013934865099928945,0.0023101357997142107,364,0
0.36209443,19.898315,149.72,12,0.0010299683,0.00018063713,0.00018288108,6.619622e-05,149.72,149.72,0.36330503542999293,0.36397148549971425,365,0
0.66724664,19.90506,146.52,1,0.36209443,0.0010299683,0.00018063713,1.1219697e-06,149.72,149.72,1.0303710382999929,1.0308018746997143,1,0
0.0076798834,19.303223,146.52,1,0.66724664,0.36209443,0.0010299683,0.00018288108,146.52,149.72,1.037020953399993,1.0384155618797142,2,0
5.609849e-06,18.67633,149.72,1,0.0076798834,0.66724664,0.36209443,0.00018063713,146.52,146.52,0.6749321332489929,1.0384200497590141,3,0
2.2439394e-06,17.653442,157.26,1,5.609849e-06,0.0076798834,0.66724664,0.0010299683,149.72,146.52,0.007687737188393006,1.0382394126184142,4,0
6.7318188e-06,17.957794,157.26,1,2.2439394e-06,5.609849e-06,0.0076798834,0.36209443,157.26,149.72,1.4585607193005595e-05,1.0380655073072143,5,0
3.3659094e-06,18.139313,153.73,1,6.7318188e-06,2.2439394e-06,5.609849e-06,0.66724664,157.26,157.26,1.2341667593005597e-05,1.0370389049166142,6,0
0.0,18.250793,149.72,1,3.3659094e-06,6.7318188e-06,2.2439394e-06,0.0076798834,153.73,157.26,1.0097728193005596e-05,0.6749444749166142,7,0
8.975759e-06,17.935577,149.72,1,0.0,3.3659094e-06,6.7318188e-06,5.609849e-06,149.72,153.73,1.2341668393005595e-05,0.0077068106756141,8,0
1.9073486e-05,18.037994,146.52,1,8.975759e-06,0.0,3.3659094e-06,2.2439394e-06,149.72,149.72,2.8049244993005594e-05,4.600076161409984e-05,9,0
1.0097728e-05,18.612885,146.52,1,1.9073486e-05,8.975759e-06,0.0,6.7318188e-06,146.52,149.72,3.8146972993005594e-05,5.0488640614099835e-05,10,0
2.9171215e-05,19.64743,146.52,1,1.0097728e-05,1.9073486e-05,8.975759e-06,3.3659094e-06,146.52,146.52,5.834242899300559e-05,7.741591621409983e-05,11,0
0.0003971773,20.10608,153.73,1,2.9171215e-05,1.0097728e-05,1.9073486e-05,0.0,146.52,146.52,0.0004364462429930056,0.00046786139741409986,12,0
0.00971177,20.1958,168.29,1,0.0003971773,2.9171215e-05,1.0097728e-05,8.975759e-06,153.73,146.52,0.010138118514993005,0.0101762654880141,13,0
0.0004970326,20.076294,177.67,1,0.00971177,0.0003971773,2.9171215e-05,1.9073486e-05,168.29,153.73,0.010605979899993005,0.0106732980880141,14,0
0.00030517578,19.761536,177.67,1,0.0004970326,0.00971177,0.0003971773,1.0097728e-05,177.67,168.29,0.010513978379993006,0.010969498109014101,15,0
0.0005463993,19.453003,168.29,1,0.00030517578,0.0004970326,0.00971177,2.9171215e-05,177.67,177.67,0.0013486076799930056,0.0114968239230141,16,0
0.0017211017,19.338531,153.73,1,0.0005463993,0.00030517578,0.0004970326,0.0003971773,168.29,177.67,0.002572676779993006,0.013207827895014101,17,0
0.0012038735,19.420532,153.73,1,0.0017211017,0.0005463993,0.00030517578,0.00971177,153.73,168.29,0.0034713744999930055,0.0143825301800141,18,0
2.5805306e-05,19.40747,153.73,1,0.0012038735,0.0017211017,0.0005463993,0.0004970326,153.73,153.73,0.002950780505993006,0.0140111581860141,19,0
4.487879e-06,19.751617,140.48,1,2.5805306e-05,0.0012038735,0.0017211017,0.00030517578,153.73,153.73,0.0012341666849930053,0.0043038760650141,20,0
5.722046e-05,20.074799,153.73,1,4.487879e-06,2.5805306e-05,0.0012038735,0.0005463993,140.48,153.73,8.751364499300538e-05,0.0038640639250141,21,0
3.7025e-05,20.154938,153.73,1,5.722046e-05,4.487879e-06,2.5805306e-05,0.0017211017,153.73,140.48,9.873333899300538e-05,0.0035959131450141,22,0
0.0001077091,20.564758,153.73,1,3.7025e-05,5.722046e-05,4.487879e-06,0.0012038735,153.73,153.73,0.00020195455999300537,0.0031572229450141,23,0
2.4683337e-05,21.35852,153.73,1,0.0001077091,3.7025e-05,5.722046e-05,2.5805306e-05,153.73,153.73,0.0001694174369930054,0.0014608045820141,24,0
0.00055537507,20.160522,153.73,1,2.4683337e-05,0.0001077091,3.7025e-05,4.487879e-06,153.73,153.73,0.0006877675069930055,0.0008123061520140998,25,0
0.0023583807,19.73999,140.48,1,0.00055537507,2.4683337e-05,0.0001077091,5.722046e-05,153.73,153.73,0.0029384391069930053,0.0031448815460141,26,0
0.0025805307,19.45514,140.48,1,0.0023583807,0.00055537507,2.4683337e-05,3.7025e-05,140.48,153.73,0.005494286469993006,0.0057209243670141,27,0
0.0010535297,19.880768,140.48,1,0.0025805307,0.0023583807,0.00055537507,0.0001077091,140.48,140.48,0.005992441099993005,0.0067172336070141,28,0
0.00015370986,20.27359,157.26,1,0.0010535297,0.0025805307,0.0023583807,2.4683337e-05,140.48,140.48,0.003787770259993005,0.0068339184670141,29,0
0.0,20.693787,153.73,1,0.00015370986,0.0010535297,0.0025805307,0.00055537507,157.26,140.48,0.001207239559993005,0.006726209367014099,30,0
0.0,21.835144,153.73,1,0.0,0.00015370986,0.0010535297,0.0023583807,153.73,157.26,0.00015370985999300517,0.006701526030014099,31,0
0.0,21.70694,140.48,2,0.0,0.0,0.00015370986,0.0025805307,153.73,153.73,0.0,0.006146150960014099,32,0
0.0,22.062805,140.48,2,0.0,0.0,0.0,0.0010535297,140.48,153.73,0.0,0.0037877702600141,33,0
0.00031863942,22.647766,133.03,2,0.0,0.0,0.0,0.00015370986,140.48,140.48,0.0003186394199930052,0.0015258789800140999,34,0
0.0,23.158234,137.65,2,0.00031863942,0.0,0.0,0.0,133.03,140.48,0.0003186394199930052,0.00047234928001409985,35,0
0.0,23.42633,140.48,2,0.0,0.00031863942,0.0,0.0,137.65,133.03,0.0003186394199930052,0.00031863942001409984,36,0
0.0,23.8815,140.48,2,0.0,0.0,0.00031863942,0.0,140.48,137.65,0.0,0.00031863942001409984,37,0
0.08501277,23.584473,140.48,2,0.0,0.0,0.0,0.0,140.48,140.48,0.08501276999999301,0.0853314094200141,38,0
0.013152853,23.974274,140.48,2,0.08501277,0.0,0.0,0.00031863942,140.48,140.48,0.09816562299999301,0.09848426242001411,39,0
0.09367438,23.878693,137.65,2,0.013152853,0.08501277,0.0,0.0,140.48,140.48,0.19184000299999301,0.19215864242001413,40,0
0.014590096,23.246033,137.65,2,0.09367438,0.013152853,0.08501277,0.0,137.65,140.48,0.12141732899999301,0.20643009900001413,41,0
1.2000229,22.379517,137.65,2,0.014590096,0.09367438,0.013152853,0.0,137.65,137.65,1.308287375999993,1.406452999000014,42,0
0.7683204,22.563812,133.03,2,1.2000229,0.014590096,0.09367438,0.08501277,137.65,137.65,1.9829333959999929,2.174773399000014,43,0
2.3508732,22.116455,133.03,2,0.7683204,1.2000229,0.014590096,0.013152853,133.03,137.65,4.3192164999999925,4.525646599000014,44,0
0.27352616,22.177155,140.48,2,2.3508732,0.7683204,1.2000229,0.09367438,133.03,133.03,3.3927197599999928,4.714159989000015,45,0
1.1219697e-06,21.987427,153.73,2,0.27352616,2.3508732,0.7683204,0.014590096,140.48,133.03,2.624400481969693,4.701008257969714,46,0
0.0009996751,22.273193,157.26,2,1.1219697e-06,0.27352616,2.3508732,1.2000229,153.73,140.48,0.27452695706969293,4.608333553069714,47,0
4.600076e-05,23.09082,149.72,2,0.0009996751,1.1219697e-06,0.27352616,0.7683204,157.26,153.73,0.0010467978296928946,4.593789457829714,48,0
9.873334e-05,23.70105,149.72,2,4.600076e-05,0.0009996751,1.1219697e-06,2.3508732,149.72,157.26,0.0011444091999928945,3.393865291169714,49,0
4.039091e-05,24.406067,146.52,2,9.873334e-05,4.600076e-05,0.0009996751,0.27352616,149.72,149.72,0.00018512500999289457,2.625585282079714,50,0
0.00020195456,24.582092,146.52,2,4.039091e-05,9.873334e-05,4.600076e-05,1.1219697e-06,146.52,149.72,0.00034107880999289456,0.2749140366397138,51,0
0.0,24.49704,146.52,2,0.00020195456,4.039091e-05,9.873334e-05,0.0009996751,146.52,146.52,0.00024234546999289458,0.0013878766397137667,52,0
2.2439394e-06,24.995056,140.48,2,0.0,0.00020195456,4.039091e-05,4.600076e-05,146.52,146.52,0.00020419849939289458,0.0013889986094137669,53,0
1.23416685e-05,25.818054,133.03,2,2.2439394e-06,0.0,0.00020195456,9.873334e-05,140.48,146.52,1.4585607892894573e-05,0.0004016651779137668,54,0
0.09758107,26.45282,133.03,2,1.23416685e-05,2.2439394e-06,0.0,4.039091e-05,133.03,140.48,0.0975956556078929,0.09793673441791377,55,0
0.17147176,26.668213,133.03,2,0.09758107,1.23416685e-05,2.2439394e-06,0.00020195456,133.03,133.03,0.2690651716684929,0.26930976107791377,56,0
0.009857626,26.383179,133.03,2,0.17147176,0.09758107,1.23416685e-05,0.0,133.03,133.03,0.27891045599999287,0.27912699616791375,57,0
2.1317426e-05,25.937286,133.03,2,0.009857626,0.17147176,0.09758107,2.2439394e-06,133.03,133.03,0.18135070342599288,0.27894635903391374,58,0
5.9464397e-05,26.19986,129.46,2,2.1317426e-05,0.009857626,0.17147176,1.23416685e-05,133.03,133.03,0.009938407822992866,0.27900582343091374,59,0
0.0011096281,26.75351,129.46,3,5.9464397e-05,2.1317426e-05,0.009857626,0.09758107,129.46,133.03,0.0011904099229928667,0.2801132075915138,60,0
0.008826536,27.429993,129.46,3,0.0011096281,5.9464397e-05,2.1317426e-05,0.17147176,129.46,129.46,0.009995628496992866,0.2889274019230138,61,0
0.0,27.911713,129.46,3,0.008826536,0.0011096281,5.9464397e-05,0.009857626,129.46,129.46,0.009936164099992865,0.19134633192301376,62,0
7.405e-05,28.090942,126.78,3,0.0,0.008826536,0.0011096281,2.1317426e-05,129.46,129.46,0.008900585999992867,0.019948621923013766,63,0
0.16663381,26.744324,126.78,3,7.405e-05,0.0,0.008826536,5.9464397e-05,126.78,129.46,0.16670785999999285,0.17672480592301376,64,0
0.0054146256,26.797424,126.78,3,0.16663381,7.405e-05,0.0,0.0011096281,126.78,126.78,0.17212248559999285,0.18211811409701376,65,0
0.0057130707,26.771332,126.78,3,0.0054146256,0.16663381,7.405e-05,0.008826536,126.78,126.78,0.17776150629999285,0.18777172040001375,66,0
0.014459947,26.602661,129.46,3,0.0057130707,0.0054146256,0.16663381,0.0,126.78,126.78,0.025587643299992868,0.20112203930001374,67,0
0.09880291,26.434418,129.46,3,0.014459947,0.0057130707,0.0054146256,7.405e-05,129.46,126.78,0.11897592769999286,0.29109841330001374,68,0
0.0010692372,27.313507,129.46,3,0.09880291,0.014459947,0.0057130707,0.16663381,129.46,129.46,0.11433209419999286,0.29216765050001375,69,0
0.07661146,27.39273,126.78,3,0.0010692372,0.09880291,0.014459947,0.0054146256,129.46,129.46,0.17648360719999287,0.3687050605000138,70,0
0.15326557,27.648499,126.78,3,0.07661146,0.0010692372,0.09880291,0.0057130707,126.78,129.46,0.23094626719999287,0.35533682050001375,71,0
0.0,28.266937,126.78,3,0.15326557,0.07661146,0.0010692372,0.014459947,126.78,126.78,0.22987702999999288,0.34992219490001375,72,0
0.00038259174,28.800537,126.78,3,0.0,0.15326557,0.07661146,0.09880291,126.78,126.78,0.15364816173999285,0.34459171594001375,73,0
0.45355627,28.354156,126.78,3,0.00038259174,0.0,0.15326557,0.0010692372,126.78,126.78,0.45393886173999287,0.7836880389400137,74,0
1.8250039,24.35553,129.46,3,0.45355627,0.00038259174,0.0,0.07661146,126.78,126.78,2.2789427617399927,2.5098890289400138,75,0
0.17326915,25.92633,129.46,3,1.8250039,0.45355627,0.00038259174,0.15326557,129.46,126.78,2.4518293199999928,2.6820889417400138,76,0
0.002302282,27.347443,138.03,3,0.17326915,1.8250039,0.45355627,0.0,129.46,129.46,2.000575331999993,2.6077797637400137,77,0
0.00060249784,27.55011,138.03,3,0.002302282,0.17326915,1.8250039,0.00038259174,138.03,129.46,0.17617392983999292,2.455116691580014,78,0
0.00018400306,28.306152,146.52,3,0.00060249784,0.002302282,0.17326915,0.45355627,138.03,138.03,0.003088782899992895,2.4553006946400138,79,0
0.2194831,28.523315,146.52,3,0.00018400306,0.00060249784,0.002302282,1.8250039,146.52,138.03,0.22026960089999287,2.6744012029000137,80,0
0.13818741,28.999634,146.52,3,0.2194831,0.00018400306,0.00060249784,0.17326915,146.52,146.52,0.3578545130599929,2.3590323429000137,81,0
0.113646574,29.13031,149.72,3,0.13818741,0.2194831,0.00018400306,0.002302282,146.52,146.52,0.4713170839999929,0.6476750169000138,82,0
0.13542175,29.092346,149.72,3,0.113646574,0.13818741,0.2194831,0.00060249784,149.72,146.52,0.3872557339999929,0.6098276169000139,83,0
0.17579584,28.87439,149.72,3,0.13542175,0.113646574,0.13818741,0.00018400306,149.72,149.72,0.42486416399999294,0.7833211749000137,84,0
0.023841858,28.687683,146.52,3,0.17579584,0.13542175,0.113646574,0.2194831,149.72,149.72,0.33505944799999293,0.8065605350600138,85,0
0.0005003985,28.991302,146.52,3,0.023841858,0.17579584,0.13542175,0.13818741,146.52,149.72,0.2001380964999929,0.8068769305000137,86,0
0.0018534942,29.502441,140.48,3,0.0005003985,0.023841858,0.17579584,0.113646574,146.52,146.52,0.026195750699992894,0.5892473247000137,87,0
0.06225137,29.737305,140.48,3,0.0018534942,0.0005003985,0.023841858,0.13542175,140.48,146.52,0.0646052626999929,0.5133112847000137,88,0
0.17772114,30.195099,137.65,3,0.06225137,0.0018534942,0.0005003985,0.17579584,140.48,140.48,0.2418260041999929,0.5773858507000138,89,0
1.2774479,29.148712,137.65,3,0.17772114,0.06225137,0.0018534942,0.023841858,137.65,140.48,1.517420409999993,1.719412000700014,90,0
6.0997705,26.299469,177.67,4,1.2774479,0.17772114,0.06225137,0.0005003985,137.65,137.65,7.554939539999993,7.643386660700014,91,0
1.2195914,27.024353,267.04,4,6.0997705,1.2774479,0.17772114,0.0018534942,177.67,137.65,8.596809799999994,8.839136202700015,92,0
0.6285241,28.406616,267.04,4,1.2195914,6.0997705,1.2774479,0.06225137,267.04,177.67,7.947885999999993,9.467159904200015,93,0
1.0422976,28.291992,184.46,4,0.6285241,1.2195914,6.0997705,0.17772114,267.04,267.04,2.890413099999993,10.507604010000014,94,0
0.87627524,28.741333,177.67,4,1.0422976,0.6285241,1.2195914,1.2774479,184.46,267.04,2.5470969399999928,11.321627880000014,95,0
1.431151,29.102081,177.67,4,0.87627524,1.0422976,0.6285241,6.0997705,177.67,184.46,3.349723839999993,12.575057740000014,96,0
7.715362,27.703735,168.29,4,1.431151,0.87627524,1.0422976,1.2195914,177.67,177.67,10.022788239999993,19.012971840000013,97,0
2.0203645,27.561462,196.14,4,7.715362,1.431151,0.87627524,0.6285241,168.29,177.67,11.166877499999993,14.933565840000014,98,0
3.1335247,27.515625,303.29,4,2.0203645,7.715362,1.431151,1.0422976,196.14,168.29,12.869251199999994,16.847499140000014,99,0
2.2416003,28.074524,384.02,4,3.1335247,2.0203645,7.715362,0.87627524,303.29,196.14,7.395489499999993,18.460575340000013,100,0
1.0229379,28.798279,249.47,4,2.2416003,3.1335247,2.0203645,1.431151,384.02,303.29,6.398062899999994,18.441215640000017,101,0
1.9124995,27.678406,249.47,4,1.0229379,2.2416003,3.1335247,7.715362,249.47,384.02,5.1770376999999925,19.477439900000014,102,0
1.5867593,28.790771,209.97,4,1.9124995,1.0229379,2.2416003,2.0203645,249.47,249.47,4.522196699999993,19.633048200000015,103,0
2.4736462,28.220825,209.97,4,1.5867593,1.9124995,1.0229379,3.1335247,209.97,249.47,5.972904999999994,14.391332400000016,104,0
0.68625057,29.037537,196.14,4,2.4736462,1.5867593,1.9124995,2.2416003,209.97,209.97,4.746656069999993,13.057218470000015,105,0
0.33140182,30.681519,196.14,4,0.68625057,2.4736462,1.5867593,1.0229379,196.14,209.97,3.4912985899999933,10.255095590000014,106,0
0.89660877,30.774048,303.69,4,0.33140182,0.68625057,2.4736462,1.9124995,196.14,196.14,1.9142611599999935,8.910104060000016,107,0
0.637952,30.47113,333.49,4,0.89660877,0.33140182,0.68625057,1.5867593,303.69,196.14,1.8659625899999934,8.525118160000016,108,0
0.18788508,31.200745,399.48,4,0.637952,0.89660877,0.33140182,2.4736462,333.49,303.69,1.7224458499999933,6.800503740000014,109,0
0.7019638,31.625122,249.47,4,0.18788508,0.637952,0.89660877,0.68625057,399.48,333.49,1.5278008799999934,5.915708240000015,110,0
0.13273352,31.896362,303.86,4,0.7019638,0.18788508,0.637952,0.33140182,249.47,399.48,1.0225823999999935,3.5747955600000143,111,0
0.4217731,31.641052,168.29,4,0.13273352,0.7019638,0.18788508,0.89660877,303.86,249.47,1.2564704199999934,3.3103180900000146,112,0
1.518474,30.76883,303.86,4,0.4217731,0.13273352,0.7019638,0.637952,168.29,303.86,2.0729806199999934,4.497390270000015,113,0
0.25932088,30.238312,291.4,4,1.518474,0.4217731,0.13273352,0.18788508,303.86,168.29,2.1995679799999936,3.860102380000014,114,0
0.07024428,30.889832,206.54,4,0.25932088,1.518474,0.4217731,0.7019638,291.4,303.86,1.8480391599999937,3.2923946600000145,115,0
0.5533398,30.910217,191.85,4,0.07024428,0.25932088,1.518474,0.13273352,206.54,291.4,0.8829049599999936,3.6578493800000142,116,0
0.6602736,30.833954,206.54,4,0.5533398,0.07024428,0.25932088,0.4217731,191.85,206.54,1.2838576799999937,3.6161591800000146,117,0
1.3826224,30.753479,206.54,4,0.6602736,0.5533398,0.07024428,1.518474,206.54,191.85,2.5962357999999934,4.866048060000015,118,0
0.7776205,30.97107,196.14,4,1.3826224,0.6602736,0.5533398,0.25932088,206.54,206.54,2.820516499999994,5.221895460000014,119,0
4.935118,30.334167,191.85,4,0.7776205,1.3826224,0.6602736,0.07024428,196.14,206.54,7.095360899999994,8.638539460000015,120,0
4.273932,28.75595,206.54,5,4.935118,0.7776205,1.3826224,0.5533398,191.85,196.14,9.986670499999994,12.653150580000013,121,0
5.426457,29.295166,267.04,5,4.273932,4.935118,0.7776205,0.6602736,206.54,191.85,14.635506999999993,18.009363300000015,122,0
1.7880192,28.033722,267.04,5,5.426457,4.273932,4.935118,1.3826224,267.04,206.54,11.488408199999995,19.244042700000016,123,0
0.52267075,29.88977,209.97,5,1.7880192,5.426457,4.273932,0.7776205,267.04,267.04,7.737146949999993,19.106439850000015,124,0
0.24489121,31.866516,249.47,5,0.52267075,1.7880192,5.426457,4.935118,209.97,267.04,2.555581159999994,17.96870866000001,125,0
0.36540425,32.306274,284.02,5,0.24489121,0.52267075,1.7880192,4.273932,249.47,209.97,1.1329662099999938,17.556492410000015,126,0
0.2607559,32.85504,303.69,5,0.36540425,0.24489121,0.52267075,5.426457,284.02,249.47,0.8710513599999938,12.882130310000013,127,0
0.33960792,33.02594,303.69,5,0.2607559,0.36540425,0.24489121,1.7880192,303.69,284.02,0.9657680699999938,8.947806230000014,128,0
0.5772456,32.453644,299.48,5,0.33960792,0.2607559,0.36540425,0.52267075,303.69,303.69,1.1776094199999938,4.098594830000013,129,0
1.3040912,31.98938,196.14,5,0.5772456,0.33960792,0.2607559,0.24489121,299.48,303.69,2.220944719999994,3.6146668300000133,130,0
0.98853165,31.243164,191.65,5,1.3040912,0.5772456,0.33960792,0.36540425,196.14,299.48,2.8698684499999936,4.080527730000013,131,0
0.76093566,31.239594,191.65,5,0.98853165,1.3040912,0.5772456,0.2607559,191.65,196.14,3.053558509999994,4.596572180000013,132,0
1.7135295,30.090393,196.14,5,0.76093566,0.98853165,1.3040912,0.33960792,191.65,191.65,3.4629968099999937,5.944697430000013,133,0
1.4761533,28.16568,196.14,5,1.7135295,0.76093566,0.98853165,0.5772456,196.14,191.65,3.9506184599999936,7.160094830000014,134,0
0.6665342,30.030426,206.54,5,1.4761533,1.7135295,0.76093566,1.3040912,196.14,196.14,3.856216999999994,7.487021110000013,135,0
2.5501475,30.39621,191.85,5,0.6665342,1.4761533,1.7135295,0.98853165,206.54,196.14,4.692834999999993,9.459923010000013,136,0
0.71184945,31.02118,184.46,5,2.5501475,0.6665342,1.4761533,0.76093566,191.85,206.54,3.9285311499999938,8.867681260000014,137,0
1.0956832,31.194489,168.29,5,0.71184945,2.5501475,0.6665342,1.7135295,184.46,191.85,4.357680149999994,8.974832810000013,138,0
0.26858163,31.863068,168.29,5,1.0956832,0.71184945,2.5501475,1.4761533,168.29,184.46,2.076114279999994,8.482478780000013,139,0
2.4235308,31.065735,168.29,5,0.26858163,1.0956832,0.71184945,0.6665342,168.29,168.29,3.787795629999994,9.192480080000013,140,0
1.8255178,30.714417,168.29,5,2.4235308,0.26858163,1.0956832,2.5501475,168.29,168.29,4.517630229999994,9.541844580000014,141,0
1.8141444,31.511353,191.85,5,1.8255178,2.4235308,0.26858163,0.71184945,168.29,168.29,6.063192999999994,10.689454780000014,142,0
1.1109756,30.44284,191.85,5,1.8141444,1.8255178,2.4235308,1.0956832,191.85,168.29,4.750637799999994,9.250282880000013,143,0
0.9467517,31.325256,206.54,5,1.1109756,1.8141444,1.8255178,0.26858163,191.85,191.85,3.8718716999999936,9.485185130000014,144,0
2.964878,31.391357,206.54,5,0.9467517,1.1109756,1.8141444,2.4235308,206.54,191.85,5.022605299999993,11.354379930000013,145,0
1.8205867,31.341095,206.54,5,2.964878,0.9467517,1.1109756,1.8255178,206.54,206.54,5.732216399999994,12.906385000000013,146,0
0.8003246,31.664612,209.97,5,1.8205867,2.964878,0.9467517,1.8141444,206.54,206.54,5.585789299999994,11.283178800000012,147,0
1.5870072,32.04663,375.44,5,0.8003246,1.8205867,2.964878,1.1109756,209.97,206.54,4.207918499999994,11.044668200000013,148,0
1.1710559,32.24884,249.47,5,1.5870072,0.8003246,1.8205867,0.9467517,375.44,209.97,3.5583876999999937,10.401579700000013,149,0
1.2485089,32.384094,177.67,5,1.1710559,1.5870072,0.8003246,2.964878,249.47,375.44,4.006571999999994,10.539113000000013,150,0
1.1064126,30.328674,191.85,5,1.2485089,1.1710559,1.5870072,1.8205867,177.67,249.47,3.525977399999994,10.698773900000013,151,0
6.807806,30.325928,203.86,6,1.1064126,1.2485089,1.1710559,0.8003246,191.85,177.67,9.162727499999995,14.541701900000014,152,0
4.3175306,29.256226,209.97,6,6.807806,1.1064126,1.2485089,1.5870072,203.86,191.85,12.231749199999996,17.038645800000015,153,0
1.3495713,30.44107,209.97,6,4.3175306,6.807806,1.1064126,1.1710559,209.97,203.86,12.474907899999994,17.587892500000017,154,0
2.144173,30.72821,249.47,6,1.3495713,4.3175306,6.807806,1.2485089,209.97,209.97,7.811274899999994,18.145058300000013,155,0
4.4586163,30.355255,249.47,6,2.144173,1.3495713,4.3175306,1.1064126,249.47,209.97,7.952360599999994,21.432618700000013,156,0
4.419419,30.250153,267.04,6,4.4586163,2.144173,1.3495713,6.807806,249.47,249.47,11.022208299999996,24.603528800000014,157,0
8.769328,30.138184,267.04,6,4.419419,4.4586163,2.144173,4.3175306,267.04,249.47,17.647363299999995,32.26644420000001,158,0
14.525037,28.734863,206.54,6,8.769328,4.419419,4.4586163,1.3495713,267.04,267.04,27.713783999999993,39.983675200000015,159,0
16.224298,28.564514,291.4,6,14.525037,8.769328,4.419419,2.144173,206.54,267.04,39.51866299999999,51.89044260000001,160,0
10.840821,28.67041,249.47,6,16.224298,14.525037,8.769328,4.4586163,291.4,206.54,41.59015599999999,61.38169230000001,161,0
18.351377,28.373962,375.49,6,10.840821,16.224298,14.525037,4.419419,249.47,291.4,45.416495999999995,77.58889630000002,162,0
13.3876095,28.075195,303.69,6,18.351377,10.840821,16.224298,8.769328,375.49,249.47,42.57980749999999,86.51788950000001,163,0
1.4102522,29.236053,431.47,6,13.3876095,18.351377,10.840821,14.525037,303.69,375.49,33.14923869999999,83.5087227,164,0
0.17080083,31.086487,359.65,6,1.4102522,13.3876095,18.351377,16.224298,431.47,303.69,14.968662529999992,74.91019553000001,165,0
0.09214401,31.975983,488.04,6,0.17080083,1.4102522,13.3876095,10.840821,359.65,431.47,1.673197039999993,60.47730254000001,166,0
0.17341837,32.13678,431.47,6,0.09214401,0.17080083,1.4102522,18.351377,488.04,359.65,0.4363632099999929,44.42642291000001,167,0
0.30125564,32.239075,375.44,6,0.17341837,0.09214401,0.17080083,13.3876095,431.47,488.04,0.5668180199999928,33.88685755000001,168,0
0.55762565,31.821625,303.69,6,0.30125564,0.17341837,0.09214401,1.4102522,375.44,431.47,1.032299659999993,16.09310620000001,169,0
1.0525401,31.740906,303.69,6,0.55762565,0.30125564,0.17341837,0.17080083,303.69,375.44,1.9114213899999928,3.7580368000000073,170,0
2.7499366,31.198761,303.69,6,1.0525401,0.55762565,0.30125564,0.09214401,303.69,303.69,4.360102349999993,5.097721200000008,171,0
8.4795265,29.059021,359.65,6,2.7499366,1.0525401,0.55762565,0.17341837,303.69,303.69,12.282003199999993,13.406446870000007,172,0
8.938271,28.572357,303.69,6,8.4795265,2.7499366,1.0525401,0.30125564,359.65,303.69,20.167734099999993,22.25257386000001,173,0
6.170604,29.25113,303.69,6,8.938271,8.4795265,2.7499366,0.55762565,303.69,359.65,23.588401499999993,28.24975949000001,174,0
6.51348,29.596802,333.49,6,6.170604,8.938271,8.4795265,1.0525401,303.69,303.69,21.62235499999999,34.46198385000001,175,0
3.9139516,29.630066,375.44,6,6.51348,6.170604,8.938271,2.7499366,333.49,303.69,16.598035599999992,37.81830980000001,176,0
18.107561,27.171387,303.69,6,3.9139516,6.51348,6.170604,8.4795265,375.44,333.49,28.534992599999992,54.87333070000001,177,0
29.455162,25.387024,359.65,6,18.107561,3.9139516,6.51348,8.938271,303.69,375.44,51.476674599999996,81.57855610000001,178,1
10.72602,25.686646,303.69,6,29.455162,18.107561,3.9139516,6.170604,359.65,303.69,58.28874299999999,83.8250496,179,0
3.7729466,26.936157,380.48,6,10.72602,29.455162,18.107561,6.51348,303.69,359.65,43.9541286,78.65972520000001,180,0
5.815913,28.014343,431.47,6,3.7729466,10.72602,29.455162,3.9139516,380.48,303.69,20.314879599999994,78.30503420000001,181,0
17.065706,27.837036,431.47,7,5.815913,3.7729466,10.72602,18.107561,431.47,380.48,26.65456559999999,88.85726020000001,182,0
8.257243,27.741943,380.48,7,17.065706,5.815913,3.7729466,29.455162,431.47,431.47,31.13886199999999,93.20055160000001,183,0
11.761423,27.302673,380.48,7,8.257243,17.065706,5.815913,10.72602,380.48,431.47,37.084371999999995,86.85441360000002,184,0
14.261875,27.427795,333.49,7,11.761423,8.257243,17.065706,3.7729466,380.48,380.48,34.28054099999999,71.66112660000002,185,0
7.957639,27.518433,291.4,7,14.261875,11.761423,8.257243,5.815913,333.49,380.48,33.98093699999999,68.89274560000001,186,0
9.501336,28.261658,291.4,7,7.957639,14.261875,11.761423,17.065706,291.4,333.49,31.72084999999999,74.62113500000001,187,0
16.592972,27.89981,299.49,7,9.501336,7.957639,14.261875,8.257243,291.4,291.4,34.051947,85.39819400000002,188,0
13.633656,27.684784,524.31,7,16.592972,9.501336,7.957639,11.761423,299.49,291.4,39.72796399999999,81.96614400000001,189,0
10.676499,27.884094,375.44,7,13.633656,16.592972,9.501336,14.261875,524.31,299.49,40.90312699999999,84.3854,190,0
11.907269,27.490051,431.47,7,10.676499,13.633656,16.592972,7.957639,375.44,524.31,36.217423999999994,84.53124600000001,191,0
15.475394,27.198242,431.47,7,11.907269,10.676499,13.633656,9.501336,431.47,375.44,38.059161999999986,85.744765,192,0
10.668661,26.91214,524.31,7,15.475394,11.907269,10.676499,16.592972,431.47,431.47,38.051323999999994,88.45578700000002,193,0
17.540129,27.198761,556.64,7,10.668661,15.475394,11.907269,13.633656,524.31,431.47,43.68418399999999,96.49458,194,0
20.913164,26.910828,556.64,7,17.540129,10.668661,15.475394,10.676499,556.64,524.31,49.12195399999999,100.814772,195,1
35.044056,26.845764,754.97,7,20.913164,17.540129,10.668661,11.907269,556.64,556.64,73.49734899999999,122.225172,196,1
42.67343,26.149231,844.94,7,35.044056,20.913164,17.540129,15.475394,754.97,556.64,98.63064999999999,154.222103,197,1
16.395464,26.662598,1097.98,7,42.67343,35.044056,20.913164,10.668661,844.94,754.97,94.11295,158.71029800000002,198,0
10.355219,27.467072,2870.44,7,16.395464,42.67343,35.044056,17.540129,1097.98,844.94,69.42411299999999,153.590123,199,0
13.292454,27.630737,8911.06,7,10.355219,16.395464,42.67343,20.913164,2870.44,1097.98,40.043136999999994,156.213916,200,0
33.677147,27.2193,3855.44,7,13.292454,10.355219,16.395464,35.044056,8911.06,2870.44,57.32481999999999,172.350934,201,1
43.09261,26.045471,2491.78,7,33.677147,13.292454,10.355219,42.67343,3855.44,8911.06,90.06221099999999,194.53038,202,1
42.518044,25.56372,1915.53,7,43.09261,33.677147,13.292454,16.395464,2491.78,3855.44,119.287801,202.00436800000003,203,1
4.4371233,26.571533,20338.01,7,42.518044,43.09261,33.677147,10.355219,1915.53,2491.78,90.0477773,163.7680613,204,0
3.647344,27.322296,14031.43,7,4.4371233,42.518044,43.09261,13.292454,20338.01,1915.53,50.6025113,151.0199413,205,0
10.943528,27.130188,8486.45,7,3.647344,4.4371233,42.518044,33.677147,14031.43,20338.01,19.0279953,151.6082503,206,0
10.979565,26.30252,4297.68,7,10.943528,3.647344,4.4371233,43.09261,8486.45,14031.43,25.570437,149.2953613,207,0
5.57162,26.663574,13099.11,7,10.979565,10.943528,3.647344,42.518044,4297.68,8486.45,27.494713,121.1898343,208,0
7.1779404,27.402008,9935.92,7,5.57162,10.979565,10.943528,4.4371233,13099.11,4297.68,23.7291254,85.27516469999999,209,0
10.369375,27.250244,5932.29,7,7.1779404,5.57162,10.979565,3.647344,9935.92,13099.11,23.118935399999998,53.1264957,210,0
15.910907,26.92749,3453.64,7,10.369375,7.1779404,5.57162,10.943528,5932.29,9935.92,33.4582224,64.60027939999999,211,0
11.503186,26.657043,3328.32,7,15.910907,10.369375,7.1779404,10.979565,3453.64,5932.29,37.783468,72.4561214,212,0
7.122918,26.46762,2238.94,8,11.503186,15.910907,10.369375,5.57162,3328.32,3453.64,34.537011,68.6355114,213,0
10.2221365,26.338196,1915.53,8,7.122918,11.503186,15.910907,7.1779404,2238.94,3328.32,28.8482405,67.8780829,214,0
3.9251578,27.449738,1851.08,8,10.2221365,7.122918,11.503186,10.369375,1915.53,2238.94,21.2702123,66.23162070000001,215,0
1.9362606,28.52069,1639.53,8,3.9251578,10.2221365,7.122918,15.910907,1851.08,1915.53,16.0835549,60.9899409,216,0
8.173282,28.09076,1639.53,8,1.9362606,3.9251578,10.2221365,11.503186,1639.53,1851.08,14.0347004,58.7938479,217,0
32.148182,26.272888,1478.53,8,8.173282,1.9362606,3.9251578,7.122918,1639.53,1639.53,42.2577246,75.03112289999999,218,1
39.53862,25.573029,1497.5,8,32.148182,8.173282,1.9362606,10.2221365,1478.53,1639.53,79.860084,103.0665569,219,1
13.705013,26.230713,1648.04,8,39.53862,32.148182,8.173282,3.9251578,1497.5,1478.53,85.391815,109.64865189999999,220,0
4.3395076,27.082947,2130.2,8,13.705013,39.53862,32.148182,1.9362606,1648.04,1497.5,57.5831406,103.76602299999999,221,0
7.852096,27.863403,2022.96,8,4.3395076,13.705013,39.53862,8.173282,2130.2,1648.04,25.8966166,107.6929612,222,0
10.07589,27.640991,8911.06,8,7.852096,4.3395076,13.705013,32.148182,2022.96,2130.2,22.2674936,115.8325906,223,0
19.570896,26.985474,6953.71,8,10.07589,7.852096,4.3395076,39.53862,8911.06,2022.96,37.498881999999995,127.23020460000001,224,0
14.180278,26.839142,3609.22,8,19.570896,10.07589,7.852096,13.705013,6953.71,8911.06,43.827064,109.26230059999999,225,0
14.771516,27.060913,3237.91,8,14.180278,19.570896,10.07589,4.3395076,3609.22,6953.71,48.52269,84.4951966,226,0
21.302818,27.014465,3609.22,8,14.771516,14.180278,19.570896,7.852096,3237.91,3609.22,50.254611999999995,92.0930016,227,1
4.0936146,27.14862,8859.7,8,21.302818,14.771516,14.180278,10.07589,3609.22,3237.91,40.167948599999995,91.84710859999998,228,0
3.7471187,27.590973,16070.22,8,4.0936146,21.302818,14.771516,19.570896,8859.7,3609.22,29.1435513,87.7421313,229,0
9.624513,27.772095,14212.09,8,3.7471187,4.0936146,21.302818,14.180278,16070.22,8859.7,17.4652463,87.2907543,230,0
16.394909,27.265076,8859.7,8,9.624513,3.7471187,4.0936146,14.771516,14212.09,16070.22,29.7665407,84.11476729999998,231,0
15.199449,26.485046,5335.92,8,16.394909,9.624513,3.7471187,21.302818,8859.7,14212.09,41.218871,85.13393829999998,232,0
3.808891,26.765076,9794.64,8,15.199449,16.394909,9.624513,4.0936146,5335.92,8859.7,35.403248999999995,74.1713133,233,0
0.99248207,26.849731,9794.64,8,3.808891,15.199449,16.394909,3.7471187,9794.64,5335.92,20.000822069999998,53.86097736999999,234,0
4.4110126,27.29007,9794.64,8,0.99248207,3.808891,15.199449,9.624513,9794.64,9794.64,9.21238567,54.17837536999999,235,0
16.8424,27.045563,6941.78,8,4.4110126,0.99248207,3.808891,16.394909,9794.64,9794.64,22.245894670000002,67.27365667,236,0
21.273998,26.1492,3573.88,8,16.8424,4.4110126,0.99248207,15.199449,6941.78,9794.64,42.527410599999996,78.92314166999999,237,1
34.99601,25.207458,3237.91,8,21.273998,16.8424,4.4110126,3.808891,3573.88,6941.78,73.11240799999999,97.52424266999999,238,1
21.216295,25.709686,4654.0,8,34.99601,21.273998,16.8424,0.99248207,3237.91,3573.88,77.48630299999999,103.54108867,239,1
13.007859,26.14038,14428.66,8,21.216295,34.99601,21.273998,4.4110126,4654.0,3237.91,69.22016399999998,112.74005666999999,240,0
5.6784954,26.838867,18584.02,8,13.007859,21.216295,34.99601,16.8424,14428.66,4654.0,39.902649399999994,117.42607,241,0
8.543011,27.39264,18584.02,8,5.6784954,13.007859,21.216295,21.273998,18584.02,14428.66,27.229365399999992,121.55806839999998,242,0
18.993269,26.499573,17097.63,8,8.543011,5.6784954,13.007859,34.99601,18584.02,18584.02,33.21477539999999,123.7089374,243,0
15.50279,25.986725,14391.43,9,18.993269,8.543011,5.6784954,21.216295,17097.63,18584.02,43.039069999999995,117.93772939999998,244,0
10.180667,25.825378,15041.22,9,15.50279,18.993269,8.543011,13.007859,14391.43,17097.63,44.676725999999995,93.12238639999998,245,0
6.280724,26.790833,11148.69,9,10.180667,15.50279,18.993269,5.6784954,15041.22,14391.43,31.964180999999993,78.1868154,246,0
9.849646,27.278748,8911.0,9,6.280724,10.180667,15.50279,8.543011,11148.69,15041.22,26.311036999999992,75.0286024,247,0
33.712463,25.62616,8154.1,9,9.849646,6.280724,10.180667,18.993269,8911.0,11148.69,49.84283299999999,103.06257,248,1
34.14307,25.211609,8555.36,9,33.712463,9.849646,6.280724,15.50279,8154.1,8911.0,77.70517899999999,128.66262899999998,249,1
11.626138,25.358948,15041.22,9,34.14307,33.712463,9.849646,10.180667,8555.36,8154.1,79.48167099999999,121.295498,250,0
1.1704209,26.460327,14126.22,9,11.626138,34.14307,33.712463,6.280724,15041.22,8555.36,46.939628899999995,106.96312889999999,251,0
1.4669969,27.575836,11006.56,9,1.1704209,11.626138,34.14307,9.849646,14126.22,15041.22,14.263555799999992,98.24945879999999,252,0
8.526417,27.562561,8486.45,9,1.4669969,1.1704209,11.626138,33.712463,11006.56,14126.22,11.163834799999993,100.49515179999999,253,0
4.4687324,27.65213,6334.77,9,8.526417,1.4669969,1.1704209,34.14307,8486.45,11006.56,14.462146299999993,95.11423819999999,254,0
0.94949836,28.059082,6434.77,9,4.4687324,8.526417,1.4669969,11.626138,6334.77,8486.45,13.944647759999993,62.35127355999999,255,0
2.7681398,28.03833,4213.43,9,0.94949836,4.4687324,8.526417,1.1704209,6434.77,6334.77,8.186370559999993,30.976343359999987,256,0
2.792465,28.108673,2870.44,9,2.7681398,0.94949836,4.4687324,1.4669969,4213.43,6434.77,6.510103159999993,22.14267035999999,257,0
3.4131892,27.942688,2483.4,9,2.792465,2.7681398,0.94949836,8.526417,2870.44,4213.43,8.973793999999993,24.385438659999984,258,0
5.5539827,27.176819,2047.62,9,3.4131892,2.792465,2.7681398,4.4687324,2483.4,2870.44,11.759636899999993,28.472424459999985,259,0
6.848304,26.970459,1851.08,9,5.5539827,3.4131892,2.792465,0.94949836,2047.62,2483.4,15.815475899999992,26.794311459999985,260,0
5.0719485,27.914917,1851.08,9,6.848304,5.5539827,3.4131892,2.7681398,1851.08,2047.62,17.474235199999995,27.397527559999986,261,0
9.240967,28.072052,1772.41,9,5.0719485,6.848304,5.5539827,2.792465,1851.08,1851.08,21.161219499999994,35.688996199999984,262,0
23.425482,26.009918,2238.94,9,9.240967,5.0719485,6.848304,3.4131892,1772.41,1851.08,37.73839749999999,56.34633839999998,263,1
12.285591,25.190216,2438.4,9,23.425482,9.240967,5.0719485,5.5539827,2238.94,1772.41,44.95203999999998,65.83946439999998,264,0
2.579403,26.27069,3328.32,9,12.285591,23.425482,9.240967,6.848304,2438.4,2238.94,38.29047599999999,65.00567819999999,265,0
0.9316433,27.616882,3237.91,9,2.579403,12.285591,23.425482,5.0719485,3328.32,2438.4,15.796637299999993,60.38333879999998,266,0
3.896353,28.050781,2922.96,9,0.9316433,2.579403,12.285591,9.240967,3237.91,3328.32,7.407399299999993,57.43138779999999,267,0
5.2406783,27.527954,2668.97,9,3.896353,0.9316433,2.579403,23.425482,2922.96,3237.91,10.068674599999992,57.60011759999998,268,0
3.390751,27.786926,1915.55,9,5.2406783,3.896353,0.9316433,12.285591,2668.97,2922.96,12.527782299999993,51.74990159999999,269,0
2.4886951,28.06134,1639.53,9,3.390751,5.2406783,3.896353,2.579403,1915.55,2668.97,11.120124399999995,30.813114699999986,270,0
1.4909643,28.362976,1478.53,9,2.4886951,3.390751,5.2406783,0.9316433,1639.53,1915.55,7.370410399999993,20.018487999999984,271,0
1.9832375,28.317047,1341.92,9,1.4909643,2.4886951,3.390751,3.896353,1478.53,1639.53,5.962896899999993,19.422322499999986,272,0
0.6864245,28.406006,1197.12,9,1.9832375,1.4909643,2.4886951,5.2406783,1341.92,1478.53,4.160626299999993,19.177103699999986,273,0
0.5159042,28.47171,1138.76,10,0.6864245,1.9832375,1.4909643,3.390751,1197.12,1341.92,3.185566199999993,15.796654899999986,274,0
0.27941534,28.482635,1112.57,10,0.5159042,0.6864245,1.9832375,2.4886951,1138.76,1197.12,1.481744039999993,10.835391939999987,275,0
0.09071013,28.499268,873.67,10,0.27941534,0.5159042,0.6864245,1.4909643,1112.57,1138.76,0.886029669999993,7.535351069999986,276,0
0.082330145,28.365631,837.99,10,0.09071013,0.27941534,0.5159042,1.9832375,873.67,1112.57,0.4524556149999929,5.128986114999986,277,0
0.13975143,28.27246,1156.04,10,0.082330145,0.09071013,0.27941534,0.6864245,837.99,873.67,0.31279170499999287,3.777773244999986,278,0
0.21388109,27.895386,837.99,10,0.13975143,0.082330145,0.09071013,0.5159042,1156.04,837.99,0.4359626649999929,2.008416834999986,279,0
0.028260173,27.697968,837.99,10,0.21388109,0.13975143,0.082330145,0.27941534,837.99,1156.04,0.38189269299999284,1.3502525079999859,280,0
0.016619738,27.439026,577.75,10,0.028260173,0.21388109,0.13975143,0.09071013,837.99,837.99,0.2587610009999929,0.8509680459999858,281,0
1.8865405,26.709167,743.33,10,0.016619738,0.028260173,0.21388109,0.082330145,577.75,837.99,1.9314204109999928,2.458093205999986,282,0
22.048471,25.343384,743.33,10,1.8865405,0.016619738,0.028260173,0.13975143,743.33,577.75,23.95163123799999,24.415854075999984,283,1
39.065594,24.685486,556.64,10,22.048471,1.8865405,0.016619738,0.21388109,743.33,743.33,63.00060549999999,63.39911793099998,284,1
23.20766,24.599884,1197.12,10,39.065594,22.048471,1.8865405,0.028260173,556.64,743.33,84.32172499999999,86.46702650099999,285,1
0.9267841,25.412659,8486.45,10,23.20766,39.065594,22.048471,0.016619738,1197.12,556.64,63.200038099999986,87.17992951099998,286,0
0.6909842,26.120789,8555.36,10,0.9267841,23.20766,39.065594,1.8865405,8486.45,1197.12,24.825428299999988,87.84265353799998,287,0
0.25866455,26.151062,4297.68,10,0.6909842,0.9267841,23.20766,22.048471,8555.36,8486.45,1.8764328499999858,88.08469835,288,0
0.0063267876,26.046326,2776.19,10,0.25866455,0.6909842,0.9267841,39.065594,4297.68,8555.36,0.9559755375999859,86.20448463759999,289,0
0.0003085417,26.278778,1915.53,10,0.0063267876,0.25866455,0.6909842,23.20766,2776.19,4297.68,0.2652998792999858,64.15632217929999,290,0
0.017287312,26.623718,1478.53,10,0.0003085417,0.0063267876,0.25866455,0.9267841,1915.53,2776.19,0.023922641299985788,25.108015491299987,291,0
0.033727534,26.93277,1232.63,10,0.017287312,0.0003085417,0.0063267876,0.6909842,1478.53,1915.53,0.05132338769998579,1.9340830252999859,292,0
0.014204137,26.878296,1197.12,10,0.033727534,0.017287312,0.0003085417,0.25866455,1232.63,1478.53,0.0652189829999858,1.0215030622999859,293,0
0.12907477,26.696045,1197.12,10,0.014204137,0.033727534,0.017287312,0.0063267876,1197.12,1232.63,0.1770064409999858,0.4595936322999858,294,0
0.20342547,26.740295,1132.0,10,0.12907477,0.014204137,0.033727534,0.0003085417,1197.12,1197.12,0.3467043769999858,0.4043545522999858,295,0
0.5005623,26.509552,1127.93,10,0.20342547,0.12907477,0.014204137,0.017287312,1132.0,1197.12,0.8330625399999858,0.8985900646999858,296,0
0.4115071,25.435852,873.67,10,0.5005623,0.20342547,0.12907477,0.033727534,1127.93,1132.0,1.1154948699999858,1.3097886229999858,297,0
0.014381409,24.664124,855.16,10,0.4115071,0.5005623,0.20342547,0.014204137,873.67,1127.93,0.9264508089999858,1.306882719999986,298,0
2.4683335e-05,24.166473,855.16,10,0.014381409,0.4115071,0.5005623,0.12907477,855.16,873.67,0.4259131923349858,1.2731798693349858,299,0
0.010115679,23.812439,844.94,10,2.4683335e-05,0.014381409,0.4115071,0.20342547,855.16,855.16,0.024521771334985787,1.2690914113349858,300,0
2.4428222,23.58487,844.94,10,0.010115679,2.4683335e-05,0.014381409,0.5005623,844.94,855.16,2.452962562334986,3.5828388413349863,301,0
5.292473,23.80304,837.99,10,2.4428222,0.010115679,2.4683335e-05,0.4115071,844.94,844.94,7.745410878999986,8.671886371334987,302,0
0.9100645,24.066406,837.99,10,5.292473,2.4428222,0.010115679,0.014381409,837.99,844.94,8.645359699999986,9.081388571334987,303,0
0.3598718,24.62741,577.75,10,0.9100645,5.292473,2.4428222,2.4683335e-05,837.99,837.99,6.562409299999986,9.029753271334986,304,0
0.5134145,25.29715,556.64,11,0.3598718,0.9100645,5.292473,0.010115679,577.75,837.99,1.7833507999999858,9.528786362334987,305,0
0.38515094,25.651398,556.64,11,0.5134145,0.3598718,0.9100645,2.4428222,556.64,577.75,1.2584372399999857,9.913912618999987,306,0
0.31185937,26.000305,1156.04,11,0.38515094,0.5134145,0.3598718,5.292473,556.64,556.64,1.2104248099999857,10.215656309999988,307,0
0.13544868,26.227844,1156.04,11,0.31185937,0.38515094,0.5134145,0.9100645,1156.04,556.64,0.8324589899999858,7.908282789999987,308,0
0.14548919,26.263794,873.68,11,0.13544868,0.31185937,0.38515094,0.3598718,1156.04,1156.04,0.5927972399999858,2.7612989799999856,309,0
0.11091008,26.317139,844.94,11,0.14548919,0.13544868,0.31185937,0.5134145,873.68,1156.04,0.39184794999998573,1.9621445599999858,310,0
0.32285467,25.15802,837.99,11,0.11091008,0.14548919,0.13544868,0.38515094,844.94,873.68,0.5792539399999858,1.9251274299999857,311,0
0.44434494,24.148895,837.99,11,0.32285467,0.11091008,0.14548919,0.31185937,837.99,844.94,0.8781096899999858,1.8560578699999857,312,0
0.18699196,23.638245,488.04,11,0.44434494,0.32285467,0.11091008,0.13544868,837.99,837.99,0.9541915699999858,1.6578988899999858,313,0
0.036593042,23.110962,375.44,11,0.18699196,0.44434494,0.32285467,0.14548919,488.04,837.99,0.6679299419999858,1.3826325619999857,314,0
0.009070004,22.897339,359.55,11,0.036593042,0.18699196,0.44434494,0.11091008,375.44,488.04,0.23265500599998573,1.2562538859999857,315,0
0.0014563168,22.718323,375.44,11,0.009070004,0.036593042,0.18699196,0.32285467,359.55,375.44,0.047119362799985735,1.1122210127999856,316,0
0.001859104,23.00647,249.47,11,0.0014563168,0.009070004,0.036593042,0.44434494,375.44,359.55,0.012385424799985733,1.0031700367999856,317,0
0.00045215382,23.727722,249.47,11,0.001859104,0.0014563168,0.009070004,0.18699196,249.47,375.44,0.003767574619985734,0.6807675206199858,318,0
5.048864e-05,24.07605,284.02,11,0.00045215382,0.001859104,0.0014563168,0.036593042,249.47,249.47,0.0023617464599857336,0.2364730692599858,319,0
0.0012184592,24.21997,380.48,11,5.048864e-05,0.00045215382,0.001859104,0.009070004,284.02,249.47,0.0017211016599857337,0.050699568459985786,320,0
0.00039268943,24.209229,299.49,11,0.0012184592,5.048864e-05,0.00045215382,0.0014563168,380.48,284.02,0.0016616372699857335,0.01449921588998579,321,0
0.010425343,24.193176,299.49,11,0.00039268943,0.0012184592,5.048864e-05,0.001859104,299.49,380.48,0.012036491629985734,0.01585455488998579,322,0
0.0061147357,24.304321,209.97,11,0.010425343,0.00039268943,0.0012184592,0.00045215382,299.49,299.49,0.01693276812998573,0.02051297378998579,323,0
0.0043992437,23.82721,209.97,11,0.0061147357,0.010425343,0.00039268943,5.048864e-05,209.97,299.49,0.020939322399985735,0.02305311348998579,324,0
0.0010636274,23.615387,209.97,11,0.0043992437,0.0061147357,0.010425343,0.0012184592,209.97,209.97,0.011577606799985735,0.023664587069985792,325,0
0.006539962,22.830902,203.86,11,0.0010636274,0.0043992437,0.0061147357,0.00039268943,209.97,209.97,0.012002833099985734,0.03015406042998579,326,0
0.001114116,21.738678,249.47,11,0.006539962,0.0010636274,0.0043992437,0.010425343,203.86,209.97,0.008717705399985735,0.03004971722998579,327,0
7.180607e-05,21.207275,359.55,11,0.001114116,0.006539962,0.0010636274,0.0061147357,249.47,203.86,0.007725884069985734,0.02972883386998579,328,0
0.00023336972,20.901062,168.29,11,7.180607e-05,0.001114116,0.006539962,0.0043992437,359.55,249.47,0.0014192917899857338,0.01953686058998579,329,0
0.00048693488,20.931213,182.78,11,0.00023336972,7.180607e-05,0.001114116,0.0010636274,168.29,359.55,0.0007921106699857337,0.01390905976998579,330,0
0.0024290646,21.199768,182.78,11,0.00048693488,0.00023336972,7.180607e-05,0.006539962,182.78,168.29,0.0031493691999857337,0.011938880669985788,331,0
0.008191503,21.465027,191.85,11,0.0024290646,0.00048693488,0.00023336972,0.001114116,182.78,182.78,0.011107502479985733,0.019066756269985788,332,0
0.010484808,21.7117,196.14,11,0.008191503,0.0024290646,0.00048693488,7.180607e-05,191.85,182.78,0.021105375599985734,0.02301160226998579,333,0
0.05074108,21.517761,196.14,11,0.010484808,0.008191503,0.0024290646,0.00023336972,196.14,191.85,0.06941739099998573,0.0726385662699858,334,0
0.00975104,21.359497,284.02,12,0.05074108,0.010484808,0.008191503,0.00048693488,196.14,196.14,0.07097692799998573,0.08231780019998579,335,0
0.0031830282,21.080872,299.48,12,0.00975104,0.05074108,0.010484808,0.0024290646,284.02,196.14,0.06367514819998574,0.0852674586799858,336,0
0.00036127426,21.016144,249.47,12,0.0031830282,0.00975104,0.05074108,0.008191503,299.48,284.02,0.013295342459985735,0.0851417980599858,337,0
0.0007461099,21.12616,196.14,12,0.00036127426,0.0031830282,0.00975104,0.010484808,249.47,299.48,0.0042904123599857335,0.0834588433599858,338,0
0.11087529,21.264526,191.85,12,0.0007461099,0.00036127426,0.0031830282,0.05074108,196.14,249.47,0.11198267415998574,0.1861426303599858,339,0
0.038139123,21.368195,191.85,12,0.11087529,0.0007461099,0.00036127426,0.00975104,191.85,196.14,0.14976052289998573,0.2137969453599858,340,0
0.001706516,21.13095,182.78,12,0.038139123,0.11087529,0.0007461099,0.0031830282,191.85,191.85,0.15072092899998574,0.16476238135998578,341,0
0.0037226954,20.617828,168.63,12,0.001706516,0.038139123,0.11087529,0.00036127426,182.78,191.85,0.04356833439998573,0.1587340367599858,342,0
0.03390817,20.663239,168.63,12,0.0037226954,0.001706516,0.038139123,0.0007461099,168.63,182.78,0.03933738139998574,0.1894591785599858,343,0
0.6201878,20.889069,159.04,12,0.03390817,0.0037226954,0.001706516,0.11087529,168.63,168.63,0.6578186653999857,0.8092857042999857,344,0
0.7029039,20.70694,159.04,12,0.6201878,0.03390817,0.0037226954,0.038139123,159.04,168.63,1.3569998699999857,1.5114434943999857,345,0
0.25944653,21.311615,157.53,12,0.7029039,0.6201878,0.03390817,0.001706516,159.04,159.04,1.5825382299999857,1.6600147343999858,346,0
2.268816,21.049805,157.53,12,0.25944653,0.7029039,0.6201878,0.0037226954,157.53,159.04,3.231166429999986,3.890691611399986,347,0
0.09818134,20.789124,157.53,12,2.268816,0.25944653,0.7029039,0.03390817,157.53,157.53,2.626443869999986,3.987166435399986,348,0
0.09148766,20.35907,159.04,12,0.09818134,2.268816,0.25944653,0.6201878,157.53,157.53,2.458484999999986,4.074931399999986,349,0
6.3225503,19.149109,159.04,12,0.09148766,0.09818134,2.268816,0.7029039,159.04,157.53,6.512219299999986,10.363573529999986,350,0
31.743027,16.96222,159.04,12,6.3225503,0.09148766,0.09818134,0.25944653,159.04,159.04,38.157064959999985,41.486412729999984,351,1
8.355276,16.376831,159.04,12,31.743027,6.3225503,0.09148766,2.268816,159.04,159.04,46.42085329999999,49.138784829999985,352,0
0.0028722426,17.899658,157.53,12,8.355276,31.743027,6.3225503,0.09818134,159.04,159.04,40.101175242599986,48.882210542599985,353,0
0.00037361594,18.143677,159.04,12,0.0028722426,8.355276,31.743027,0.09148766,157.53,159.04,8.358521858539989,46.61376815853998,354,0
0.00095255236,18.083862,159.04,12,0.00037361594,0.0028722426,8.355276,6.3225503,159.04,157.53,0.004198410899989341,46.51653937089999,355,0
0.00093796675,17.725616,191.04,12,0.00095255236,0.00037361594,0.0028722426,31.743027,159.04,159.04,0.002264135049989342,46.42598967764999,356,0
4.1512885e-05,17.697601,556.64,12,0.00093796675,0.00095255236,0.00037361594,8.355276,191.04,159.04,0.0019320319949893419,40.10348089053499,357,0
2.9171211e-05,17.817566,488.04,12,4.1512885e-05,0.00093796675,0.00095255236,0.0028722426,556.64,191.04,0.0010086508459893418,8.360483061745986,358,0
7.853789e-06,18.244385,299.49,12,2.9171211e-05,4.1512885e-05,0.00093796675,0.00037361594,488.04,556.64,7.853788498934186e-05,0.005214915534985789,359,0
0.0049131056,18.776611,249.47,12,7.853789e-06,2.9171211e-05,4.1512885e-05,0.00095255236,299.49,488.04,0.0049501305999893426,0.007255778534985789,360,0
0.45153335,18.764221,291.4,12,0.0049131056,7.853789e-06,2.9171211e-05,0.00093796675,249.47,299.49,0.45645430938898934,0.4584155125949858,361,0
0.23485185,16.895386,291.4,12,0.45153335,0.0049131056,7.853789e-06,4.1512885e-05,291.4,249.47,0.6912983055999894,0.6923148102349858,362,0
1.0097728e-05,15.939117,249.47,12,0.23485185,0.45153335,0.0049131056,2.9171211e-05,291.4,291.4,0.6863952977279894,0.6913869412129857,363,0
1.45856075e-05,15.815704,203.86,12,1.0097728e-05,0.23485185,0.45153335,7.853789e-06,249.47,291.4,0.23487653333548933,0.6913600139354857,364,0
3.5903035e-05,16.425476,209.97,12,1.45856075e-05,1.0097728e-05,0.23485185,0.0049131056,203.86,249.47,6.058637048934186e-05,0.6913667457594858,365,0
0.00036127426,17.35083,203.86,1,3.5903035e-05,1.45856075e-05,1.0097728e-05,0.45153335,209.97,203.86,0.00041176290248934186,0.6917201662304857,1,0
0.0004162508,18.067657,196.14,1,0.00036127426,3.5903035e-05,1.45856075e-05,0.23485185,203.86,209.97,0.0008134280949893419,0.6872233114304859,2,0
0.00020195455,18.5542,182.78,1,0.0004162508,0.00036127426,3.5903035e-05,1.0097728e-05,196.14,203.86,0.000979479609989342,0.23589191598048578,3,0
7.853789e-06,18.436218,249.47,1,0.00020195455,0.0004162508,0.00036127426,1.45856075e-05,182.78,196.14,0.0006260591389893418,0.0010479197694857891,4,0
0.00024122349,18.520416,303.69,1,7.853789e-06,0.00020195455,0.0004162508,3.5903035e-05,249.47,182.78,0.00045103182898934187,0.0012790455314857891,5,0
0.0033176648,18.984985,267.04,1,0.00024122349,7.853789e-06,0.00020195455,0.00036127426,303.69,249.47,0.003566742078989342,0.00458212472398579,6,0
0.0190129,19.279297,209.97,1,0.0033176648,0.00024122349,7.853789e-06,0.0004162508,267.04,303.69,0.02257178828998934,0.023559121688985787,7,0
5.048864e-05,18.082306,209.97,1,0.0190129,0.0033176648,0.00024122349,0.00020195455,209.97,267.04,0.022381053439989338,0.023248336068985787,8,0
0.00015258789,18.142456,747.88,1,5.048864e-05,0.0190129,0.0033176648,7.853789e-06,209.97,209.97,0.01921597652998934,0.022984673158985787,9,0
0.0014080721,18.314941,556.64,1,0.00015258789,5.048864e-05,0.0190129,0.00024122349,747.88,209.97,0.001611148629989342,0.024190790708985787,10,0
9.200153e-05,18.602997,556.64,1,0.0014080721,0.00015258789,5.048864e-05,0.0033176648,556.64,747.88,0.0016526615199893419,0.024274938449985788,11,0
0.00015146592,19.228882,488.04,1,9.200153e-05,0.0014080721,0.00015258789,0.0190129,556.64,556.64,0.0016515395499893419,0.024185180879985786,12,0
0.014173844,20.03299,380.48,1,0.00015146592,9.200153e-05,0.0014080721,5.048864e-05,488.04,556.64,0.014417311449989341,0.03504136007998579,13,0
0.06539625,20.013092,488.04,1,0.014173844,0.00015146592,9.200153e-05,0.00015258789,380.48,488.04,0.07972155991998935,0.0814247100799858,14,0
0.00071469473,18.62558,249.47,1,0.06539625,0.014173844,0.00015146592,0.0014080721,488.04,380.48,0.08028478872998936,0.0820889161699858,15,0
0.00092674705,18.2854,184.46,1,0.00071469473,0.06539625,0.014173844,9.200153e-05,249.47,488.04,0.06703769177998935,0.0828630753299858,16,0
1.0097728e-05,19.08197,182.78,1,0.00092674705,0.00071469473,0.06539625,0.00015146592,184.46,249.47,0.0016515395079893418,0.08146510095798579,17,0
0.00027263863,19.506714,182.78,1,1.0097728e-05,0.00092674705,0.00071469473,0.014173844,182.78,184.46,0.0012094834079893419,0.08164573805798579,18,0
0.0010254805,19.209839,168.63,1,0.00027263863,1.0097728e-05,0.00092674705,0.06539625,182.78,182.78,0.001308216857989342,0.08251975263798579,19,0
0.00017614926,19.987,168.29,1,0.0010254805,0.00027263863,1.0097728e-05,0.00071469473,168.63,182.78,0.0014742683899893418,0.0685220578979858,20,0
0.0006619622,20.71698,168.29,1,0.00017614926,0.0010254805,0.00027263863,0.00092674705,168.29,168.63,0.0018635919599893419,0.003787770097985789,21,0
0.009581622,21.07312,168.29,1,0.0006619622,0.00017614926,0.0010254805,1.0097728e-05,168.29,168.29,0.010419733459989342,0.012654697367985789,22,0
0.024503822,21.17572,168.29,1,0.009581622,0.0006619622,0.00017614926,0.00027263863,168.29,168.29,0.034747406199989346,0.036231772317985786,23,0
0.63050437,21.23706,140.5,1,0.024503822,0.009581622,0.0006619622,0.0010254805,168.29,168.29,0.6645898139999894,0.6667260445899859,24,0
1.5941228,20.534729,137.65,1,0.63050437,0.024503822,0.009581622,0.00017614926,140.5,168.29,2.2491309919999893,2.260576205959986,25,0
4.360872,19.033142,133.9,1,1.5941228,0.63050437,0.024503822,0.0006619622,137.65,140.5,6.58549916999999,6.620422725459985,26,0
4.633561,18.408173,126.78,1,4.360872,1.5941228,0.63050437,0.009581622,133.9,137.65,10.588555799999988,11.253807576199986,27,0
1.3213594,18.56717,126.78,1,4.633561,4.360872,1.5941228,0.024503822,126.78,133.9,10.315792399999989,12.574505013999985,28,0
0.022007436,17.431946,126.78,1,1.3213594,4.633561,4.360872,0.63050437,126.78,126.78,5.976927835999989,12.586930827999987,29,0
0.0005295697,17.374756,140.5,1,0.022007436,1.3213594,4.633561,1.5941228,126.78,126.78,1.3438964056999885,12.562956575699985,30,0
0.00015034397,18.544586,140.5,1,0.0005295697,0.022007436,1.3213594,4.360872,140.5,126.78,0.022687349669988453,11.932602549669987,31,0
3.590303e-05,19.708649,157.53,2,0.00015034397,0.0005295697,0.022007436,4.633561,140.5,140.5,0.0007158166999884537,10.338515652699986,32,0
6.0586368e-05,20.60852,168.29,2,3.590303e-05,0.00015034397,0.0005295697,1.3213594,157.53,140.5,0.0002468333679884537,5.977704239067987,33,0
0.0,21.26236,168.63,2,6.0586368e-05,3.590303e-05,0.00015034397,0.022007436,168.29,157.53,9.648939798845368e-05,1.3441432390679866,34,0
0.0,21.707336,168.29,2,0.0,6.0586368e-05,3.590303e-05,0.0005295697,168.63,168.29,6.058636798845368e-05,0.022783839067986675,35,0
3.3659097e-05,21.88794,159.37,2,0.0,0.0,6.0586368e-05,0.00015034397,168.29,168.63,3.365909698845368e-05,0.0008100621649866774,36,0
0.0,22.598114,149.68,2,3.3659097e-05,0.0,0.0,3.590303e-05,159.37,168.29,3.365909698845368e-05,0.00028049246498667733,37,0
0.11495479,23.602325,147.1,2,0.0,3.3659097e-05,0.0,6.0586368e-05,149.68,159.37,0.11498844909698845,0.11508493849498667,38,0
3.430966,22.06665,147.1,2,0.11495479,0.0,3.3659097e-05,0.0,147.1,149.68,3.5459207899999887,3.5460150354649866,39,0
0.19812977,20.56015,141.99,2,3.430966,0.11495479,0.0,0.0,147.1,147.1,3.7440505599999887,3.7440842190969867,40,0
0.0046303696,19.582214,146.89,2,0.19812977,3.430966,0.11495479,3.3659097e-05,141.99,147.1,3.6337261395999887,3.748714588696987,41,0
0.00027600458,20.440552,146.89,2,0.0046303696,0.19812977,3.430966,0.0,146.89,141.99,0.20303614417998847,3.7489905932769867,42,0
0.00025132124,21.218323,137.65,2,0.00027600458,0.0046303696,0.19812977,0.11495479,146.89,146.89,0.005157695419988453,3.7492082554199864,43,0
1.34636375e-05,22.564514,137.65,2,0.00025132124,0.00027600458,0.0046303696,3.430966,137.65,146.89,0.0005407894574884537,3.7492217190574864,44,0
0.0,23.578125,137.84,2,1.34636375e-05,0.00025132124,0.00027600458,0.19812977,137.65,137.65,0.0002647848774884537,3.6342669290574867,45,0
5.0829225,23.536407,137.65,2,0.0,1.34636375e-05,0.00025132124,0.0046303696,137.84,137.65,5.082935963637488,5.286223429057486,46,0
2.0263357,21.81012,137.84,2,5.0829225,0.0,1.34636375e-05,0.00027600458,137.65,137.84,7.109258199999989,7.114429359057485,47,0
0.25763118,22.26294,137.84,2,2.0263357,5.0829225,0.0,0.00025132124,137.84,137.65,7.366889379999988,7.367430169457487,48,0
0.05002639,22.412323,136.75,2,0.25763118,2.0263357,5.0829225,1.34636375e-05,137.84,137.84,2.3339932699999886,7.417180554877486,49,0
0.024302986,24.287994,136.75,2,0.05002639,0.25763118,2.0263357,0.0,136.75,137.84,0.33196055599998847,7.441232219637486,50,0
0.007164899,25.35205,136.75,2,0.024302986,0.05002639,0.25763118,5.0829225,136.75,136.75,0.08149427499998844,7.4483836549999864,51,0
0.0046920776,26.005371,140.5,2,0.007164899,0.024302986,0.05002639,2.0263357,136.75,136.75,0.03615996259998845,7.453075732599986,52,0
0.22876291,27.194275,149.68,2,0.0046920776,0.007164899,0.024302986,0.25763118,140.5,136.75,0.24061988659998845,2.598916142599987,53,0
0.17662048,26.95874,123.33,2,0.22876291,0.0046920776,0.007164899,0.05002639,149.68,140.5,0.4100754675999885,0.7492009225999867,54,0
2.235279,26.410126,146.89,2,0.17662048,0.22876291,0.0046920776,0.024302986,123.33,149.68,2.640662389999988,2.7268487425999863,55,0
2.8125908,24.628143,146.89,2,2.235279,0.17662048,0.22876291,0.007164899,146.89,123.33,5.224490279999989,5.489413152599987,56,0
4.101016,24.690247,140.5,2,2.8125908,2.235279,0.17662048,0.0046920776,146.89,146.89,9.148885799999988,9.566126166599986,57,0
1.8749663,24.617218,137.65,2,4.101016,2.8125908,2.235279,0.22876291,140.5,146.89,8.788573099999988,11.433927567599985,58,0
2.4343972,22.744507,140.5,2,1.8749663,4.101016,2.8125908,0.17662048,137.65,140.5,8.410379499999987,13.863632689999985,59,0
0.21495819,22.626892,137.65,3,2.4343972,1.8749663,4.101016,2.235279,140.5,137.65,4.524321689999988,13.849827969999986,60,0
0.045308508,23.835876,136.75,3,0.21495819,2.4343972,1.8749663,2.8125908,137.65,140.5,2.6946638979999884,13.718515997999987,61,0
0.7171754,24.50705,136.75,3,0.045308508,0.21495819,2.4343972,4.101016,136.75,137.65,0.9774420979999885,12.200412397999987,62,0
1.2571346,25.85675,133.9,3,0.7171754,0.045308508,0.21495819,1.8749663,136.75,136.75,2.0196185079999887,10.644956197999987,63,0
2.0312545,25.874084,137.65,3,1.2571346,0.7171754,0.045308508,2.4343972,133.9,136.75,4.005564499999989,8.575194697999986,64,0
0.68136555,25.108765,136.75,3,2.0312545,1.2571346,0.7171754,0.21495819,137.65,133.9,3.969754649999988,7.381593947999987,65,0
0.33260795,24.310455,136.54,3,0.68136555,2.0312545,1.2571346,0.045308508,136.75,137.65,3.0452279999999887,5.279804697999987,66,0
0.0687947,24.657013,136.54,3,0.33260795,0.68136555,2.0312545,0.7171754,136.54,136.75,1.0827681999999885,5.133641207999987,67,0
0.013309929,26.09674,136.54,3,0.0687947,0.33260795,0.68136555,1.2571346,136.54,136.54,0.4147125789999884,5.101642628999987,68,0
0.03281425,27.181213,133.9,3,0.013309929,0.0687947,0.33260795,2.0312545,136.54,136.54,0.11491887899998846,4.417281478999987,69,0
0.02724367,27.902496,133.9,3,0.03281425,0.013309929,0.0687947,0.68136555,133.9,136.54,0.07336784899998845,3.187390548999987,70,0
0.11355344,28.310547,133.9,3,0.02724367,0.03281425,0.013309929,0.33260795,133.9,133.9,0.17361135999998845,1.2696894889999866,71,0
0.9876061,28.555023,159.37,3,0.11355344,0.02724367,0.03281425,0.0687947,133.9,133.9,1.1284032099999886,1.5759300389999868,72,0
2.4146879,27.884827,147.1,3,0.9876061,0.11355344,0.02724367,0.013309929,159.37,133.9,3.5158474399999884,3.658009988999987,73,0
4.386143,26.404968,157.53,3,2.4146879,0.9876061,0.11355344,0.03281425,147.1,159.37,7.788436999999989,7.9753582889999866,74,0
0.61452305,26.787384,140.5,3,4.386143,2.4146879,0.9876061,0.02724367,157.53,147.1,7.415353949999989,8.576571409999987,75,0
6.2889,26.117676,137.65,3,0.61452305,4.386143,2.4146879,0.11355344,140.5,157.53,11.289566049999989,14.832657159999986,76,0
0.9736195,24.824036,137.65,3,6.2889,0.61452305,4.386143,0.9876061,137.65,140.5,7.877042549999989,15.779032989999987,77,0
0.32327652,26.4234,147.1,3,0.9736195,6.2889,0.61452305,2.4146879,137.65,137.65,7.585796019999989,15.988756069999985,78,0
1.7537689,26.870972,146.89,3,0.32327652,0.9736195,6.2889,4.386143,147.1,137.65,3.0506649199999893,16.754918869999987,79,0
0.32415056,26.997833,147.1,3,1.7537689,0.32327652,0.9736195,0.61452305,146.89,147.1,2.4011959799999896,14.664381529999986,80,0
0.74332297,27.77655,149.68,3,0.32415056,1.7537689,0.32327652,6.2889,147.1,146.89,2.821242429999989,11.021561499999986,81,0
0.018850215,27.546936,151.53,3,0.74332297,0.32415056,1.7537689,0.9736195,149.68,147.1,1.0863237449999894,10.425888664999986,82,0
0.0020487169,27.581604,191.85,3,0.018850215,0.74332297,0.32415056,0.32327652,151.53,149.68,0.7642219018999894,4.139037381899986,83,0
0.01121521,28.283386,203.65,3,0.0020487169,0.018850215,0.74332297,1.7537689,191.85,151.53,0.032114141899989346,3.176633091899987,84,0
0.4536808,28.397003,191.85,3,0.01121521,0.0020487169,0.018850215,0.32415056,203.65,191.85,0.46694472689998934,3.3070373718999866,85,0
0.0298702,28.306091,177.67,3,0.4536808,0.01121521,0.0020487169,0.74332297,191.85,203.65,0.4947662099999893,1.5831386718999867,86,0
0.009170981,28.55603,147.1,3,0.0298702,0.4536808,0.01121521,0.018850215,177.67,191.85,0.4927219809999893,1.2681590928999866,87,0
0.009970945,29.235504,140.5,3,0.009170981,0.0298702,0.4536808,0.0020487169,147.1,177.67,0.049012125999989345,0.5348070678999867,88,0
0.07242539,30.208374,140.5,3,0.009970945,0.009170981,0.0298702,0.01121521,140.5,147.1,0.09156731599998935,0.5883822428999868,89,0
0.78221035,30.393494,140.5,3,0.07242539,0.009970945,0.009170981,0.4536808,140.5,140.5,0.8646066849999894,1.3685438759999866,90,0
0.5169038,29.733643,137.65,4,0.78221035,0.07242539,0.009970945,0.0298702,140.5,140.5,1.3715395399999895,1.8742324659999867,91,0
0.21039851,29.816467,137.65,4,0.5169038,0.78221035,0.07242539,0.009170981,137.65,140.5,1.5095126599999895,1.630950175999987,92,0
0.03865523,30.07782,137.84,4,0.21039851,0.5169038,0.78221035,0.009970945,137.65,137.65,0.7659575399999894,1.6397352059999868,93,0
0.32261005,30.194153,136.8,4,0.03865523,0.21039851,0.5169038,0.07242539,137.84,137.65,0.5716637899999893,1.953174274999987,94,0
0.8824135,30.400421,136.8,4,0.32261005,0.03865523,0.21039851,0.78221035,136.8,137.84,1.2436787799999893,2.8256168299999866,95,0
1.3610401,29.507935,136.8,4,0.8824135,0.32261005,0.03865523,0.5169038,136.8,136.8,2.5660636499999896,4.114231539999987,96,0
1.2190012,29.450073,136.8,4,1.3610401,0.8824135,0.32261005,0.21039851,136.8,136.8,3.4624547999999895,4.551022389999987,97,0
2.7321734,28.748047,136.8,4,1.2190012,1.3610401,0.8824135,0.03865523,136.8,136.8,5.3122146999999895,6.766291989999987,98,0
1.490493,29.15274,137.84,4,2.7321734,1.2190012,1.3610401,0.32261005,136.8,136.8,5.441667599999989,8.046386479999988,99,0
0.7351382,30.098785,137.84,4,1.490493,2.7321734,1.2190012,0.8824135,137.84,136.8,4.957804599999989,8.742869449999988,100,0
0.6986293,30.368713,137.84,4,0.7351382,1.490493,2.7321734,1.3610401,137.84,137.84,2.9242604999999893,9.118888699999989,101,0
0.92561716,30.369354,136.8,4,0.6986293,0.7351382,1.490493,1.2190012,137.84,137.84,2.3593846599999893,9.162092359999988,102,0
0.36316925,30.731781,136.8,4,0.92561716,0.6986293,0.7351382,2.7321734,136.8,137.84,1.9874157099999894,8.164221509999987,103,0
0.2572127,31.382812,136.8,4,0.36316925,0.92561716,0.6986293,1.490493,136.8,136.8,1.5459991099999895,7.202433009999988,104,0
0.5940987,31.422302,136.54,4,0.2572127,0.36316925,0.92561716,0.7351382,136.8,136.8,1.2144806499999894,5.064358309999987,105,0
0.5121646,30.667175,136.54,4,0.5940987,0.2572127,0.36316925,0.6986293,136.54,136.8,1.3634759999999893,4.086029909999986,106,0
0.5610096,29.219421,137.84,4,0.5121646,0.5940987,0.2572127,0.92561716,136.54,136.54,1.6672728999999893,3.911901309999987,107,0
0.9876655,29.433167,146.89,4,0.5610096,0.5121646,0.5940987,0.36316925,137.84,136.54,2.060839699999989,4.200937509999987,108,0
2.958016,27.861298,149.89,4,0.9876655,0.5610096,0.5121646,0.2572127,146.89,137.84,4.50669109999999,6.233336349999987,109,0
0.49639535,28.875793,149.68,4,2.958016,0.9876655,0.5610096,0.5940987,149.89,146.89,4.442076849999989,6.3665624499999875,110,0
3.7896335,27.97647,147.1,4,0.49639535,2.958016,0.9876655,0.5121646,149.68,149.89,7.244044849999989,9.898983249999986,111,0
0.4502285,28.733002,147.1,4,3.7896335,0.49639535,2.958016,0.5610096,147.1,149.68,4.736257349999988,9.755113049999988,112,0
0.36947137,30.270294,147.1,4,0.4502285,3.7896335,0.49639535,0.9876655,147.1,147.1,4.609333369999989,9.612419819999987,113,0
0.24590886,31.165314,149.3,4,0.36947137,0.4502285,3.7896335,2.958016,147.1,147.1,1.065608729999989,9.297319079999987,114,0
0.15004775,31.819336,149.68,4,0.24590886,0.36947137,0.4502285,0.49639535,149.3,147.1,0.765427979999989,8.459701329999987,115,0
0.1113914,32.63391,153.73,4,0.15004775,0.24590886,0.36947137,3.7896335,149.68,149.3,0.507348009999989,5.613076729999987,116,0
0.09936838,33.11969,149.3,4,0.1113914,0.15004775,0.24590886,0.4502285,153.73,149.68,0.3608075299999889,5.216049759999986,117,0
0.020594878,33.048584,146.89,4,0.09936838,0.1113914,0.15004775,0.36947137,149.3,153.73,0.23135465799998892,1.4470111379999866,118,0
0.051849592,33.081238,146.89,4,0.020594878,0.09936838,0.1113914,0.24590886,146.89,149.3,0.17181284999998891,1.0486322299999868,119,0
0.18645343,32.290833,146.89,4,0.051849592,0.020594878,0.09936838,0.15004775,146.89,146.89,0.2588978999999889,0.8656142899999867,120,0
0.48721087,31.71402,147.1,5,0.18645343,0.051849592,0.020594878,0.1113914,146.89,146.89,0.7255138919999888,1.1069162999999866,121,0
18.441317,29.414093,168.29,5,0.48721087,0.18645343,0.051849592,0.09936838,147.1,146.89,19.11498129999999,19.398185549999987,122,0
34.10556,27.822083,182.78,5,18.441317,0.48721087,0.18645343,0.020594878,168.29,147.1,53.034087869999986,53.39235414999999,123,1
0.17371681,30.038635,299.49,5,34.10556,18.441317,0.48721087,0.051849592,182.78,168.29,52.72059380999999,53.46670257999999,124,0
1.8678666,30.42517,524.31,5,0.17371681,34.10556,18.441317,0.18645343,299.49,182.78,36.147143409999984,55.31397430199999,125,0
0.123739794,31.411987,299.48,5,1.8678666,0.17371681,34.10556,0.48721087,524.31,299.49,2.1653232039999857,55.38586450399998,126,0
0.01296436,32.133026,191.85,5,0.123739794,1.8678666,0.17371681,18.441317,299.48,524.31,2.0045707539999857,55.21237543399999,127,0
0.020805808,32.924225,162.78,5,0.01296436,0.123739794,1.8678666,34.10556,191.85,299.48,0.1575099619999858,54.74597037199999,128,0
0.005417992,33.293976,162.78,5,0.020805808,0.01296436,0.123739794,0.17371681,162.78,191.85,0.03918815999998579,36.31007136399999,129,0
0.011626972,33.38623,168.29,5,0.005417992,0.020805808,0.01296436,1.8678666,162.78,162.78,0.03785077199998578,2.2161383359999927,130,0
0.33229715,32.751648,168.29,5,0.011626972,0.005417992,0.020805808,0.123739794,168.29,162.78,0.34934211399998577,2.3747186759999925,131,0
0.59434223,32.358093,157.53,5,0.33229715,0.011626972,0.005417992,0.01296436,168.29,168.29,0.9382663519999858,1.101194305999993,132,0
0.7036366,31.749207,149.68,5,0.59434223,0.33229715,0.011626972,0.020805808,157.53,168.29,1.6302759799999857,1.6810911119999927,133,0
0.8099253,31.492126,184.46,5,0.7036366,0.59434223,0.33229715,0.005417992,149.68,157.53,2.1079041299999854,2.4780520519999927,134,0
0.6977867,31.422943,184.46,5,0.8099253,0.7036366,0.59434223,0.011626972,184.46,149.68,2.211348599999986,3.1550329439999927,135,0
0.29912502,32.37744,196.14,5,0.6977867,0.8099253,0.7036366,0.33229715,184.46,184.46,1.806837019999986,3.4487399719999927,136,0
0.21249098,33.030823,196.14,5,0.29912502,0.6977867,0.8099253,0.59434223,196.14,184.46,1.2094026999999858,3.6496039799999926,137,0
0.10914186,33.395844,184.46,5,0.21249098,0.29912502,0.6977867,0.7036366,196.14,196.14,0.6207578599999858,3.426448689999993,138,0
0.32560346,33.29007,184.46,5,0.10914186,0.21249098,0.29912502,0.8099253,184.46,196.14,0.6472362999999858,3.157709919999993,139,0
0.48881978,32.92035,157.53,5,0.32560346,0.10914186,0.21249098,0.6977867,184.46,184.46,0.9235650999999858,2.942893099999993,140,0
0.7843433,32.748047,182.78,5,0.48881978,0.32560346,0.10914186,0.29912502,157.53,184.46,1.5987665399999857,2.917311099999993,141,0
0.8455445,32.95117,249.47,5,0.7843433,0.48881978,0.32560346,0.21249098,182.78,157.53,2.118707579999986,3.065068899999993,142,0
0.9872436,32.82498,275.44,5,0.8455445,0.7843433,0.48881978,0.10914186,249.47,182.78,2.6171313999999857,3.753187479999993,143,0
0.3099868,33.7193,375.49,5,0.9872436,0.8455445,0.7843433,0.32560346,275.44,249.47,2.142774899999986,3.850683299999993,144,0
0.6384042,33.50232,203.86,5,0.3099868,0.9872436,0.8455445,0.48881978,375.49,275.44,1.935634599999986,4.379945639999993,145,0
0.15398026,33.417297,203.86,5,0.6384042,0.3099868,0.9872436,0.7843433,203.86,375.49,1.1023712599999858,4.208322439999993,146,0
0.42445686,33.497437,203.86,5,0.15398026,0.6384042,0.3099868,0.8455445,203.86,203.86,1.2168413199999857,4.143959519999993,147,0
0.9912356,32.56436,184.86,5,0.42445686,0.15398026,0.6384042,0.9872436,203.86,203.86,1.5696727199999858,4.350851819999993,148,0
0.92424846,32.003113,0.0,5,0.9912356,0.42445686,0.15398026,0.3099868,184.86,203.86,2.339940919999986,4.429555779999993,149,0
0.45610318,32.828857,0.0,5,0.92424846,0.9912356,0.42445686,0.6384042,0.0,184.86,2.371587239999986,3.898415359999993,150,0
0.53250706,32.145172,0.0,5,0.45610318,0.92424846,0.9912356,0.15398026,0.0,0.0,1.912858699999986,4.120935619999993,151,0
1.9891402,31.88794,209.97,6,0.53250706,0.45610318,0.92424846,0.42445686,0.0,0.0,2.977750439999986,5.471671619999993,152,0
5.3779993,31.770142,191.85,6,1.9891402,0.53250706,0.45610318,0.9912356,209.97,0.0,7.8996465599999866,10.695690659999993,153,0
1.225945,30.236328,177.67,6,5.3779993,1.9891402,0.53250706,0.92424846,191.85,209.97,8.593084499999986,11.497178799999993,154,0
0.8496262,32.294678,164.63,6,1.225945,5.3779993,1.9891402,0.45610318,177.67,191.85,7.453570499999985,11.355569399999991,155,0
6.4565024,32.85681,164.63,6,0.8496262,1.225945,5.3779993,0.53250706,164.63,177.67,8.532073599999986,16.88782333999999,156,0
7.201731,31.87384,168.29,6,6.4565024,0.8496262,1.225945,1.9891402,164.63,164.63,14.507859599999986,23.633451159999993,157,0
2.0391676,31.08487,168.29,6,7.201731,6.4565024,0.8496262,5.3779993,168.29,164.63,15.697400999999985,25.14011169999999,158,0
0.75460654,31.369019,168.29,6,2.0391676,7.201731,6.4565024,1.225945,168.29,168.29,9.995505139999985,23.90557803999999,159,0
0.71468693,32.830933,149.68,6,0.75460654,2.0391676,7.201731,0.8496262,168.29,168.29,3.508461069999986,19.24226566999999,160,0
0.14593796,33.536926,177.67,6,0.71468693,0.75460654,2.0391676,6.4565024,149.68,168.29,1.615231429999986,18.162258629999993,161,0
0.13834223,34.281708,182.78,6,0.14593796,0.71468693,0.75460654,7.201731,177.67,149.68,0.9989671199999859,17.450974659999993,162,0
0.730611,33.820038,299.48,6,0.13834223,0.14593796,0.71468693,2.0391676,182.78,177.67,1.014891189999986,11.725083259999991,163,0
2.2670443,32.130768,249.47,6,0.730611,0.13834223,0.14593796,0.75460654,299.48,182.78,3.135997529999986,6.790396559999992,164,0
1.9557662,32.795105,291.4,6,2.2670443,0.730611,0.13834223,0.71468693,249.47,299.48,4.953421499999986,6.706995159999992,165,0
3.492168,31.923279,303.69,6,1.9557662,2.2670443,0.730611,0.14593796,291.4,249.47,7.714978499999986,9.444556619999991,166,0
6.2121663,30.265564,209.97,6,3.492168,1.9557662,2.2670443,0.13834223,303.69,291.4,11.660100499999984,14.942035989999992,167,0
6.3751435,30.47821,203.86,6,6.2121663,3.492168,1.9557662,0.730611,209.97,303.69,16.079477799999985,21.17124152999999,168,0
4.877234,31.0495,203.86,6,6.3751435,6.2121663,3.492168,2.2670443,203.86,209.97,17.464543799999987,25.91013329999999,169,0
3.2911773,31.457092,303.69,6,4.877234,6.3751435,6.2121663,1.9557662,203.86,203.86,14.543554799999987,28.470699599999993,170,0
9.81943,29.433502,209.97,6,3.2911773,4.877234,6.3751435,3.492168,303.69,203.86,17.987841299999985,36.02308529999999,171,0
21.41847,27.536896,267.04,6,9.81943,3.2911773,4.877234,6.2121663,209.97,303.69,34.52907729999998,55.48578909999999,172,1
18.400454,26.80017,184.46,6,21.41847,9.81943,3.2911773,6.3751435,267.04,209.97,49.638353999999985,70.3940751,173,0
4.5807023,27.895142,209.97,6,18.400454,21.41847,9.81943,4.877234,184.46,267.04,44.39962629999998,68.76261109999999,174,0
0.94828326,29.889526,333.49,6,4.5807023,18.400454,21.41847,3.2911773,209.97,184.46,23.929439559999985,63.33575086,175,0
0.61991185,30.960266,359.5,6,0.94828326,4.5807023,18.400454,9.81943,333.49,209.97,6.148897409999986,59.07842870999999,176,0
1.3050114,31.08545,488.04,6,0.61991185,0.94828326,4.5807023,21.41847,359.5,333.49,2.873206509999986,57.092262809999994,177,0
4.098678,30.040833,359.55,6,1.3050114,0.61991185,0.94828326,18.400454,488.04,359.5,6.023601249999985,51.37151081,178,0
6.9285316,29.330872,303.69,6,4.098678,1.3050114,0.61991185,4.5807023,359.55,488.04,12.332220999999986,36.88157240999999,179,0
7.783124,28.807312,556.64,6,6.9285316,4.098678,1.3050114,0.94828326,303.69,359.55,18.810333599999986,26.264242409999994,180,0
16.008959,27.684143,431.77,6,7.783124,6.9285316,4.098678,0.61991185,556.64,303.69,30.720614599999987,37.69249910999999,181,0
34.29874,26.587677,488.04,7,16.008959,7.783124,6.9285316,1.3050114,431.77,556.64,58.090822999999986,71.04295585,182,1
34.807835,25.992645,488.04,7,34.29874,16.008959,7.783124,4.098678,488.04,431.77,85.115534,105.23087899999999,183,1
9.464583,26.693115,556.04,7,34.807835,34.29874,16.008959,6.9285316,488.04,488.04,78.57115799999998,113.3904506,184,0
9.2244425,26.947998,577.75,7,9.464583,34.807835,34.29874,7.783124,556.04,488.04,53.49686049999999,118.51621509999998,185,0
31.089561,26.496185,844.94,7,9.2244425,9.464583,34.807835,16.008959,577.75,556.04,49.77858649999999,142.6772445,186,1
17.302753,25.830109,1127.93,7,31.089561,9.2244425,9.464583,34.29874,844.94,577.75,57.616756499999994,152.1968735,187,0
6.331483,27.051025,1132.0,7,17.302753,31.089561,9.2244425,34.807835,1127.93,844.94,54.72379699999999,142.5193975,188,0
9.165215,27.27008,1127.93,7,6.331483,17.302753,31.089561,9.464583,1132.0,1127.93,32.79945099999999,117.38587249999999,189,0
8.551587,27.502502,1772.41,7,9.165215,6.331483,17.302753,9.2244425,1127.93,1132.0,24.048284999999993,91.12962449999999,190,0
4.907856,27.624664,2776.19,7,8.551587,9.165215,6.331483,31.089561,1772.41,1127.93,22.624657999999993,86.57289749999998,191,0
3.589315,28.045898,1772.41,7,4.907856,8.551587,9.165215,17.302753,2776.19,1772.41,17.048757999999992,80.93776999999999,192,0
3.3390462,28.402252,1477.74,7,3.589315,4.907856,8.551587,6.331483,1772.41,2776.19,11.836217199999993,53.18725519999999,193,0
2.1481338,28.953888,1138.0,7,3.3390462,3.589315,4.907856,9.165215,1477.74,1772.41,9.076494999999992,38.03263599999999,194,0
0.71104383,29.757568,577.75,7,2.1481338,3.3390462,3.589315,8.551587,1138.0,1477.74,6.198223829999993,32.41219682999999,195,0
2.1149862,29.347046,524.31,7,0.71104383,2.1481338,3.3390462,4.907856,577.75,1138.0,4.974163829999993,25.36196802999999,196,0
3.5438435,29.42273,488.04,7,2.1149862,0.71104383,2.1481338,3.589315,524.31,577.75,6.3698735299999925,20.354224529999993,197,0
5.292569,29.089508,488.04,7,3.5438435,2.1149862,0.71104383,3.3390462,488.04,524.31,10.951398699999991,20.738937529999994,198,0
12.91003,28.386261,488.04,7,5.292569,3.5438435,2.1149862,2.1481338,488.04,488.04,21.746442499999993,30.059652529999994,199,0
9.788482,28.361969,488.04,7,12.91003,5.292569,3.5438435,0.71104383,488.04,488.04,27.991080999999994,36.50908833,200,0
3.7105548,28.59784,488.04,7,9.788482,12.91003,5.292569,2.1149862,488.04,488.04,26.409066799999994,38.07150933,201,0
1.2202487,29.582306,453.35,7,3.7105548,9.788482,12.91003,3.5438435,488.04,488.04,14.719285499999993,38.580714199999996,202,0
2.6529672,29.4982,453.35,7,1.2202487,3.7105548,9.788482,5.292569,453.35,488.04,7.583770699999993,39.11869519999999,203,0
3.9579728,29.39154,837.99,7,2.6529672,1.2202487,3.7105548,12.91003,453.35,453.35,7.831188699999993,39.5328245,204,0
9.790514,28.638184,837.99,7,3.9579728,2.6529672,1.2202487,9.788482,837.99,453.35,16.401453999999994,44.03076949999999,205,0
19.495272,26.673828,837.99,7,9.790514,3.9579728,2.6529672,3.7105548,837.99,837.99,33.243758799999995,50.61601149999999,206,0
21.139061,26.139679,844.97,7,19.495272,9.790514,3.9579728,1.2202487,837.99,837.99,50.424847,61.966590499999995,207,1
15.322022,26.168732,539.21,7,21.139061,19.495272,9.790514,2.6529672,844.97,837.99,55.956354999999995,73.57805769999999,208,0
27.223133,26.037872,488.04,7,15.322022,21.139061,19.495272,3.9579728,539.21,844.97,63.68421599999999,99.580942,209,1
15.331855,25.740356,524.31,7,27.223133,15.322022,21.139061,9.790514,488.04,539.21,57.87701,112.25982979999999,210,0
6.8477225,25.927368,1851.08,7,15.331855,27.223133,15.322022,19.495272,524.31,488.04,49.40271049999999,115.1495795,211,0
7.137203,25.829407,2047.62,7,6.8477225,15.331855,27.223133,21.139061,1851.08,524.31,29.316780499999993,112.4962685,212,0
6.604981,25.945465,2870.44,8,7.137203,6.8477225,15.331855,15.322022,2047.62,1851.08,20.589906499999994,99.6059775,213,0
13.227962,26.59195,3609.22,8,6.604981,7.137203,6.8477225,27.223133,2870.44,2047.62,26.970145999999993,91.6948785,214,0
10.953419,25.945862,2220.59,8,13.227962,6.604981,7.137203,15.331855,3609.22,2870.44,30.786361999999993,87.3262755,215,0
3.7608585,26.695862,1851.08,8,10.953419,13.227962,6.604981,6.8477225,2220.59,3609.22,27.942239499999992,63.86400099999999,216,0
12.96794,27.698914,1639.53,8,3.7608585,10.953419,13.227962,7.137203,1851.08,2220.59,27.682217499999993,61.500085999999996,217,0
30.374393,26.478241,2238.99,8,12.96794,3.7608585,10.953419,6.604981,1639.53,1851.08,47.103191499999994,85.0267565,218,1
46.213993,25.800293,2238.99,8,30.374393,12.96794,3.7608585,13.227962,2238.99,1639.53,89.556326,124.1035465,219,1
19.572298,25.471771,2047.62,8,46.213993,30.374393,12.96794,10.953419,2238.99,2238.99,96.160684,137.0708635,220,0
2.7183588,26.99414,10887.87,8,19.572298,46.213993,30.374393,3.7608585,2047.62,2238.99,68.5046498,126.5612603,221,0
3.5484135,28.2529,10887.87,8,2.7183588,19.572298,46.213993,12.96794,10887.87,2047.62,25.839070299999992,119.15625479999999,222,0
16.318893,28.06372,8658.59,8,3.5484135,2.7183588,19.572298,30.374393,10887.87,10887.87,22.58566529999999,131.7142893,223,0
37.32374,26.707184,3609.22,8,16.318893,3.5484135,2.7183588,46.213993,8658.59,10887.87,57.19104649999999,156.0700893,224,1
36.67023,26.387695,3328.32,8,37.32374,16.318893,3.5484135,19.572298,3609.22,8658.59,90.312863,162.36592629999998,225,1
13.584913,26.55307,14031.43,8,36.67023,37.32374,16.318893,2.7183588,3328.32,3609.22,87.57888299999999,129.7368463,226,0
1.974226,27.765564,23573.88,8,13.584913,36.67023,37.32374,3.5484135,14031.43,3328.32,52.22936899999999,112.13877429999998,227,0
4.3924823,28.421906,12401.31,8,1.974226,13.584913,36.67023,16.318893,23573.88,14031.43,19.951621299999992,113.8128978,228,0
16.0086,28.153687,12119.69,8,4.3924823,1.974226,13.584913,37.32374,12401.31,23573.88,22.375308299999993,126.2730843,229,0
19.448465,26.58435,12805.5,8,16.0086,4.3924823,1.974226,36.67023,12119.69,12401.31,39.84954729999999,129.4026563,230,0
8.735557,27.421448,9794.64,8,19.448465,16.0086,4.3924823,13.584913,12805.5,12119.69,44.19262199999999,100.8144733,231,0
8.263542,27.567566,6953.71,8,8.735557,19.448465,16.0086,1.974226,9794.64,12805.5,36.44756399999999,72.40778529999999,232,0
11.760941,27.214874,11006.56,8,8.263542,8.735557,19.448465,4.3924823,6953.71,9794.64,28.760039999999993,70.58381329999999,233,0
8.8004465,27.474426,8492.21,8,11.760941,8.263542,8.735557,16.0086,11006.56,6953.71,28.824929499999993,77.4100338,234,0
14.981532,26.925842,4581.85,8,8.8004465,11.760941,8.263542,19.448465,8492.21,11006.56,35.542919499999996,87.9990835,235,0
17.805037,26.81366,3237.91,8,14.981532,8.8004465,11.760941,8.735557,4581.85,8492.21,41.58701549999999,89.79552049999998,236,0
21.315922,26.283691,2722.52,8,17.805037,14.981532,8.8004465,8.263542,3237.91,4581.85,54.10249099999999,91.66297749999998,237,1
14.189773,26.087463,2531.97,8,21.315922,17.805037,14.981532,11.760941,2722.52,3237.91,53.310731999999994,97.11719349999998,238,0
7.8432784,26.836975,3453.64,8,14.189773,21.315922,17.805037,8.8004465,2531.97,2722.52,43.34897339999999,96.69692989999999,239,0
8.900149,26.976257,4976.73,8,7.8432784,14.189773,21.315922,14.981532,3453.64,2531.97,30.933200399999993,93.83613789999998,240,0
8.64513,27.547882,9794.64,8,8.900149,7.8432784,14.189773,17.805037,4976.73,3453.64,25.388557399999996,93.6808214,241,0
8.338107,27.76773,9794.64,8,8.64513,8.900149,7.8432784,21.315922,9794.64,4976.73,25.883385999999994,87.03739639999999,242,0
6.8232913,27.9281,6953.71,8,8.338107,8.64513,8.900149,14.189773,9794.64,9794.64,23.806528299999993,76.0556507,243,0
11.15364,27.921875,4581.85,9,6.8232913,8.338107,8.64513,7.8432784,6953.71,9794.64,26.31503829999999,65.8933687,244,0
16.731144,26.803986,4581.85,9,11.15364,6.8232913,8.338107,8.900149,4581.85,6953.71,34.70807529999999,68.4347397,245,0
19.574884,26.745483,3237.91,9,16.731144,11.15364,6.8232913,8.64513,4581.85,4581.85,47.45966799999999,80.16634529999999,246,1
17.775103,26.8927,2668.97,9,19.574884,16.731144,11.15364,8.338107,3237.91,4581.85,54.081131,89.04129929999999,247,0
26.113056,26.844482,2668.97,9,17.775103,19.574884,16.731144,6.8232913,2668.97,3237.91,63.463043,106.5092253,248,1
36.122078,26.610626,6836.72,9,26.113056,17.775103,19.574884,11.15364,2668.97,2668.97,80.01023699999999,134.2931963,249,1
31.036188,26.271606,8658.59,9,36.122078,26.113056,17.775103,16.731144,6836.72,2668.97,93.271322,158.506093,250,1
13.839125,26.515442,19770.42,9,31.036188,36.122078,26.113056,19.574884,8658.59,6836.72,80.997391,161.191578,251,0
4.307532,27.281555,20772.08,9,13.839125,31.036188,36.122078,17.775103,19770.42,8658.59,49.18284499999999,148.767966,252,0
12.397827,27.397217,20535.35,9,4.307532,13.839125,31.036188,26.113056,20772.08,19770.42,30.54448399999999,141.59090899999998,253,0
24.979326,26.516968,18584.02,9,12.397827,4.307532,13.839125,36.122078,20535.35,20772.08,41.68468499999999,148.795132,254,1
24.006609,25.747345,18522.89,9,24.979326,12.397827,4.307532,31.036188,18584.02,20535.35,61.38376199999999,146.688685,255,1
4.0012503,26.655945,13054.6,9,24.006609,24.979326,12.397827,13.839125,18522.89,18584.02,52.98718529999999,114.5678573,256,0
3.2080247,27.436493,8997.78,9,4.0012503,24.006609,24.979326,4.307532,13054.6,18522.89,31.21588399999999,86.739694,257,0
3.0360806,28.042725,9794.64,9,3.2080247,4.0012503,24.006609,12.397827,8997.78,13054.6,10.24535559999999,75.93664959999998,258,0
5.839457,28.20633,10719.55,9,3.0360806,3.2080247,4.0012503,24.979326,9794.64,8997.78,12.08356229999999,77.4685746,259,0
4.8584285,28.081726,6953.71,9,5.839457,3.0360806,3.2080247,24.006609,10719.55,9794.64,13.73396609999999,69.9291761,260,0
4.6669087,27.380737,4976.73,9,4.8584285,5.839457,3.0360806,4.0012503,6953.71,10719.55,15.364794199999988,49.61675879999999,261,0
4.583507,27.657227,2566.86,9,4.6669087,4.8584285,5.839457,3.2080247,4976.73,6953.71,14.10884419999999,30.193656799999992,262,0
3.7477708,27.975067,2296.65,9,4.583507,4.6669087,4.8584285,3.0360806,2566.86,4976.73,12.99818649999999,29.940177299999995,263,0
2.4859114,28.242126,2068.95,9,3.7477708,4.583507,4.6669087,5.839457,2296.65,2566.86,10.817189199999989,29.21806399999999,264,0
4.779303,27.96817,2017.94,9,2.4859114,3.7477708,4.583507,4.8584285,2068.95,2296.65,11.012985199999989,30.96128639999999,265,0
8.687742,27.065948,2017.94,9,4.779303,2.4859114,3.7477708,4.6669087,2017.94,2068.95,15.952956399999989,33.809571399999996,266,0
25.761154,26.023254,2238.99,9,8.687742,4.779303,2.4859114,4.583507,2017.94,2017.94,39.22819899999999,54.71229689999999,267,1
25.233337,25.06128,2196.41,9,25.761154,8.687742,4.779303,3.7477708,2238.99,2017.94,59.68223299999999,75.2787252,268,1
12.476431,25.687073,2209.56,9,25.233337,25.761154,8.687742,2.4859114,2196.41,2238.99,63.47092199999999,83.17164919999999,269,0
13.16481,26.030212,2238.99,9,12.476431,25.233337,25.761154,4.779303,2209.56,2196.41,50.874577999999985,92.5886884,270,0
20.701412,25.463806,2722.52,9,13.16481,12.476431,25.233337,8.687742,2238.99,2209.56,46.342652999999984,110.80418899999998,271,1
16.507757,25.281982,7551.75,9,20.701412,13.16481,12.476431,25.761154,2722.52,2238.99,50.37397899999999,122.532643,272,0
7.066578,25.808044,10522.59,9,16.507757,20.701412,13.16481,25.233337,7551.75,2722.52,44.27574699999999,120.91147899999999,273,0
5.7755795,26.864044,12702.79,10,7.066578,16.507757,20.701412,12.476431,10522.59,7551.75,29.34991449999999,100.92590449999999,274,0
3.9339988,26.914124,16839.13,10,5.7755795,7.066578,16.507757,13.16481,12702.79,10522.59,16.77615629999999,79.6265663,275,0
1.3194904,27.258911,14790.82,10,3.9339988,5.7755795,7.066578,20.701412,16839.13,12702.79,11.02906869999999,68.4696257,276,0
1.6193413,27.443054,10259.24,10,1.3194904,3.9339988,5.7755795,16.507757,14790.82,16839.13,6.872830499999989,56.924156999999994,277,0
2.70137,27.438354,8165.76,10,1.6193413,1.3194904,3.9339988,7.066578,10259.24,14790.82,5.64020169999999,38.92411499999999,278,0
9.827518,26.528748,4097.38,10,2.70137,1.6193413,1.3194904,5.7755795,8165.76,10259.24,14.14822929999999,32.24387599999999,279,0
10.084211,25.978546,2722.52,10,9.827518,2.70137,1.6193413,3.9339988,4097.38,8165.76,22.613098999999988,35.26150899999999,280,0
12.740529,25.422241,2438.4,10,10.084211,9.827518,2.70137,1.3194904,2722.52,4097.38,32.65225799999999,42.22645849999999,281,0
7.862694,25.934357,2722.52,10,12.740529,10.084211,9.827518,1.6193413,2438.4,2722.52,30.68743399999999,46.1551537,282,0
5.8371267,26.388397,2850.8,10,7.862694,12.740529,10.084211,2.70137,2722.52,2438.4,26.44034969999999,50.67278999999999,283,0
5.306797,26.348358,3948.83,10,5.8371267,7.862694,12.740529,9.827518,2850.8,2722.52,19.00661769999999,54.36024569999999,284,0
4.602738,26.149658,3895.62,10,5.306797,5.8371267,7.862694,10.084211,3948.83,2850.8,15.74666169999999,56.26161369999999,285,0
2.8737137,26.396729,2566.86,10,4.602738,5.306797,5.8371267,12.740529,3895.62,3948.83,12.78324869999999,49.3078094,286,0
1.2314494,26.374298,2196.41,10,2.8737137,4.602738,5.306797,7.862694,2566.86,3895.62,8.70790109999999,40.455047799999996,287,0
0.4940033,26.329163,1896.14,10,1.2314494,2.8737137,4.602738,5.8371267,2196.41,2566.86,4.59916639999999,28.208522099999996,288,0
1.6451622,25.872253,1896.14,10,0.4940033,1.2314494,2.8737137,5.306797,1896.14,2196.41,3.370614899999989,21.990990299999993,289,0
3.6547558,26.337402,1731.9,10,1.6451622,0.4940033,1.2314494,4.602738,1896.14,1896.14,5.793921299999989,19.808619399999998,290,0
6.96167,26.08899,1433.2,10,3.6547558,1.6451622,0.4940033,2.8737137,1731.9,1896.14,12.261587999999989,21.463492399999993,291,0
3.0617738,26.311096,1433.2,10,6.96167,3.6547558,1.6451622,1.2314494,1433.2,1731.9,13.678199599999989,19.922528199999995,292,0
8.169782,26.032318,1232.6,10,3.0617738,6.96167,3.6547558,0.4940033,1433.2,1433.2,18.19322579999999,25.218596499999993,293,0
3.7249992,26.144775,1433.2,10,8.169782,3.0617738,6.96167,1.6451622,1232.6,1433.2,14.956554999999991,27.71214629999999,294,0
4.3870173,26.304382,1433.2,10,3.7249992,8.169782,3.0617738,3.6547558,1433.2,1232.6,16.28179849999999,31.60516029999999,295,0
24.872393,24.490143,1183.57,10,4.3870173,3.7249992,8.169782,6.96167,1433.2,1433.2,32.98440949999999,54.832391099999995,296,1
30.583204,23.42395,1197.12,10,24.872393,4.3870173,3.7249992,3.0617738,1183.57,1433.2,59.842614299999994,81.76083929999999,297,1
13.145716,23.576965,2294.72,10,30.583204,24.872393,4.3870173,8.169782,1197.12,1183.57,68.60131299999999,87.94488529999998,298,0
8.932425,24.191284,3387.04,10,13.145716,30.583204,24.872393,3.7249992,2294.72,1197.12,52.66134499999999,93.8155365,299,0
2.7755456,25.519653,7005.58,10,8.932425,13.145716,30.583204,4.3870173,3387.04,2294.72,24.853686599999993,88.4213001,300,0
1.1300267,25.93509,3895.62,10,2.7755456,8.932425,13.145716,24.872393,7005.58,3387.04,12.837997299999993,85.8263276,301,0
2.5161598,26.037598,3186.72,10,1.1300267,2.7755456,8.932425,30.583204,3895.62,7005.58,6.421732099999993,83.95547009999999,302,0
2.4931111,25.822021,2722.5,10,2.5161598,1.1300267,2.7755456,13.145716,3186.72,3895.62,6.139297599999993,61.5761882,303,0
2.5799258,25.599426,2438.4,10,2.4931111,2.5161598,1.1300267,8.932425,2722.5,3186.72,7.5891966999999925,33.57290999999999,304,0
0.67866606,25.803162,2294.72,11,2.5799258,2.4931111,2.5161598,2.7755456,2438.4,2722.5,5.751702959999993,21.105860059999994,305,0
0.078568175,25.498016,2196.41,11,0.67866606,2.5799258,2.4931111,1.1300267,2294.72,2438.4,3.3371600349999926,12.252003234999993,306,0
0.021419525,25.272491,1996.14,11,0.078568175,0.67866606,2.5799258,2.5161598,2196.41,2294.72,0.7786537599999929,9.497877159999991,307,0
0.058311015,25.504272,1433.2,11,0.021419525,0.078568175,0.67866606,2.4931111,1996.14,2196.41,0.1582987149999929,8.426161474999994,308,0
0.26050568,25.167664,1154.25,11,0.058311015,0.021419525,0.078568175,2.5799258,1433.2,1996.14,0.34023621999999293,6.170507354999993,309,0
0.063974716,24.020294,1114.19,11,0.26050568,0.058311015,0.021419525,0.67866606,1154.25,1433.2,0.3827914109999929,3.7413709709999927,310,0
0.86453265,23.105652,1114.19,11,0.063974716,0.26050568,0.058311015,0.078568175,1114.19,1154.25,1.1890130459999928,2.025977820999993,311,0
8.586546,22.658234,868.67,11,0.86453265,0.063974716,0.26050568,0.021419525,1114.19,1114.19,9.515053365999993,9.933857760999993,312,0
3.9263716,23.580841,828.13,11,8.586546,0.86453265,0.063974716,0.058311015,868.67,1114.19,13.377450249999992,13.781661185999992,313,0
0.09084815,24.46524,828.13,11,3.9263716,8.586546,0.86453265,0.26050568,828.13,868.67,12.603765749999994,13.851089810999994,314,0
0.03791809,24.016235,592.97,11,0.09084815,3.9263716,8.586546,0.063974716,828.13,828.13,4.055137839999992,13.830696885999993,315,0
0.023415508,23.168854,592.97,11,0.03791809,0.09084815,3.9263716,0.86453265,592.97,828.13,0.1521817479999929,13.593606713999993,316,0
0.005566092,22.749695,797.6,11,0.023415508,0.03791809,0.09084815,8.586546,592.97,592.97,0.06689968999999289,13.535198089999994,317,0
0.0008897221,22.510956,704.19,11,0.005566092,0.023415508,0.03791809,3.9263716,797.6,592.97,0.029871322099992895,12.671555162099994,318,0
0.00072142656,22.993408,539.21,11,0.0008897221,0.005566092,0.023415508,0.09084815,704.19,797.6,0.007177240659992894,4.085730588659993,319,0
0.0039818706,23.500275,797.6,11,0.00072142656,0.0008897221,0.005566092,0.03791809,539.21,704.19,0.005593019259992895,0.1633408592599929,320,0
0.00810511,23.481201,704.19,11,0.0039818706,0.00072142656,0.0008897221,0.023415508,797.6,539.21,0.012808407159992895,0.0805978192599929,321,0
0.00031863942,23.271759,380.48,11,0.00810511,0.0039818706,0.00072142656,0.005566092,704.19,797.6,0.012405620019992895,0.0429983686799929,322,0
0.0016919305,22.908325,380.48,11,0.00031863942,0.00810511,0.0039818706,0.0008897221,380.48,704.19,0.010115679919992895,0.021274791179992897,323,0
0.007049336,22.87146,304.99,11,0.0016919305,0.00031863942,0.00810511,0.00072142656,380.48,380.48,0.009059905919992894,0.02275803517999289,324,0
0.00082576973,22.772003,304.99,11,0.007049336,0.0016919305,0.00031863942,0.0039818706,304.99,380.48,0.009567036229992894,0.022694082809992897,325,0
0.00021205228,22.720215,481.59,11,0.00082576973,0.007049336,0.0016919305,0.00810511,304.99,304.99,0.008087158009992894,0.022184708529992894,326,0
0.00037698186,22.661743,435.24,11,0.00021205228,0.00082576973,0.007049336,0.00031863942,481.59,304.99,0.0014148038699928946,0.018579819789992895,327,0
0.0012308009,22.642761,435.24,11,0.00037698186,0.00021205228,0.00082576973,0.0016919305,435.24,481.59,0.0018198350399928947,0.011705510689992895,328,0
0.0018950069,22.728088,435.24,11,0.0012308009,0.00037698186,0.00021205228,0.007049336,435.24,435.24,0.0035027896599928946,0.013281878169992893,329,0
0.0020633023,22.832031,435.24,11,0.0018950069,0.0012308009,0.00037698186,0.00082576973,435.24,435.24,0.005189110099992894,0.013653249969992894,330,0
0.009421181,22.780334,435.24,11,0.0020633023,0.0018950069,0.0012308009,0.00021205228,435.24,435.24,0.013379490199992895,0.016025094969992895,331,0
0.0052755023,22.63739,359.65,11,0.009421181,0.0020633023,0.0018950069,0.00037698186,435.24,435.24,0.016759985599992894,0.020474827539992895,332,0
0.009378545,22.866333,359.65,11,0.0052755023,0.009421181,0.0020633023,0.0012308009,359.65,435.24,0.024075228299992896,0.029641320259992894,333,0
0.017761905,23.189514,359.65,11,0.009378545,0.0052755023,0.009421181,0.0018950069,359.65,359.65,0.032415952299992896,0.047026243399992895,334,0
0.11174146,22.791992,304.99,12,0.017761905,0.009378545,0.0052755023,0.0020633023,359.65,359.65,0.1388819099999929,0.1575369024999929,335,0
0.044289757,22.355835,291.4,12,0.11174146,0.017761905,0.009378545,0.009421181,304.99,359.65,0.1737931219999929,0.1999316525999929,336,0
0.03830517,22.169128,291.4,12,0.044289757,0.11174146,0.017761905,0.0052755023,291.4,304.99,0.1943363869999929,0.2361735202999929,337,0
0.012726503,20.944,291.4,12,0.03830517,0.044289757,0.11174146,0.009378545,291.4,291.4,0.09532142999999291,0.2394788422999929,338,0
0.0017053942,19.699646,481.59,12,0.012726503,0.03830517,0.044289757,0.017761905,291.4,291.4,0.05273706719999291,0.2359087341999929,339,0
0.048341185,19.725952,435.24,12,0.0017053942,0.012726503,0.03830517,0.11174146,481.59,291.4,0.06277308219999292,0.2748713741999929,340,0
0.11076983,20.812439,435.24,12,0.048341185,0.0017053942,0.012726503,0.044289757,435.24,481.59,0.1608164091999929,0.36787929919999296,341,0
0.16012192,21.628082,435.24,12,0.11076983,0.048341185,0.0017053942,0.03830517,435.24,435.24,0.31923293499999295,0.4162597591999929,342,0
0.13968636,21.634125,380.48,12,0.16012192,0.11076983,0.048341185,0.012726503,435.24,435.24,0.4105781099999929,0.511656362199993,343,0
0.092395335,21.510376,380.48,12,0.13968636,0.16012192,0.11076983,0.0017053942,380.48,435.24,0.3922036149999929,0.565746527199993,344,0
0.12628219,21.574371,359.55,12,0.092395335,0.13968636,0.16012192,0.048341185,380.48,380.48,0.3583638849999929,0.6793022141999929,345,0
0.22329108,21.6958,359.55,12,0.12628219,0.092395335,0.13968636,0.11076983,359.55,380.48,0.4419686049999929,0.9008878999999929,346,0
0.7314951,21.907288,359.55,12,0.22329108,0.12628219,0.092395335,0.16012192,359.55,359.55,1.081068369999993,1.5840418149999929,347,0
0.7216184,22.459045,435.24,12,0.7314951,0.22329108,0.12628219,0.13968636,359.55,359.55,1.676404579999993,2.194890384999993,348,0
1.8213295,22.087402,435.24,12,0.7216184,0.7314951,0.22329108,0.092395335,435.24,359.55,3.2744429999999927,3.856097964999993,349,0
0.7663649,21.325684,380.48,12,1.8213295,0.7216184,0.7314951,0.12628219,435.24,435.24,3.3093127999999927,4.482776504999992,350,0
0.34786674,20.762146,380.48,12,0.7663649,1.8213295,0.7216184,0.22329108,380.48,435.24,2.9355611399999932,4.738247909999993,351,0
0.21214317,19.586823,435.24,12,0.34786674,0.7663649,1.8213295,0.7314951,380.48,380.48,1.3263748099999928,4.8241088899999935,352,0
0.020685757,18.916473,333.49,12,0.21214317,0.34786674,0.7663649,0.7216184,435.24,380.48,0.5806956669999929,4.621503566999993,353,0
0.0017323213,19.146362,373.83,12,0.020685757,0.21214317,0.34786674,1.8213295,333.49,435.24,0.2345612482999929,3.8917407882999933,354,0
0.0020879859,19.689697,333.49,12,0.0017323213,0.020685757,0.21214317,0.7663649,373.83,333.49,0.024506064199992895,3.172210374199993,355,0
0.0057456074,20.682983,304.99,12,0.0020879859,0.0017323213,0.020685757,0.34786674,333.49,373.83,0.009565914599992894,1.3566264815999929,356,0
0.008307065,20.484772,380.48,12,0.0057456074,0.0020879859,0.0017323213,0.21214317,304.99,333.49,0.016140658299992894,0.5985686465999929,357,0
0.0017323213,20.607483,380.48,12,0.008307065,0.0057456074,0.0020879859,0.020685757,380.48,304.99,0.015784993699992898,0.25243422789999287,358,0
0.45179027,21.4552,380.48,12,0.0017323213,0.008307065,0.0057456074,0.0017323213,380.48,380.48,0.4618296562999929,0.49208132789999287,359,0
6.5087767,19.621338,359.55,12,0.45179027,0.0017323213,0.008307065,0.0020879859,380.48,380.48,6.962299291299993,6.980172270899994,360,0
1.7729534,17.210632,359.55,12,6.5087767,0.45179027,0.0017323213,0.0057456074,359.55,380.48,8.733520369999994,8.751393349599994,361,0
0.00614615,15.808838,359.55,12,1.7729534,6.5087767,0.45179027,0.008307065,359.55,359.55,8.287876249999993,8.755451513699994,362,0
0.000333225,16.454834,359.55,12,0.00614615,1.7729534,6.5087767,0.0017323213,359.55,359.55,1.779432774999993,8.750039131299992,363,0
0.0053147706,16.84076,359.55,12,0.000333225,0.00614615,1.7729534,0.45179027,359.55,359.55,0.011794145599992895,8.747046836899992,364,0
0.4268994,17.847961,359.55,12,0.0053147706,0.000333225,0.00614615,6.5087767,359.55,359.55,0.4325473955999929,9.172213915599993,365,0
2.9993248,18.71634,334.59,1,0.4268994,0.0053147706,0.000333225,1.7729534,359.55,359.55,3.431538970599993,11.719748445599993,1,0
10.478427,19.1734,304.91,1,2.9993248,0.4268994,0.0053147706,0.00614615,334.59,359.55,13.904651199999993,15.689398745599993,2,0
16.177122,18.261902,304.91,1,10.478427,2.9993248,0.4268994,0.000333225,304.91,334.59,29.654873799999994,30.093567345599993,3,0
1.5983537,18.845459,304.91,1,16.177122,10.478427,2.9993248,0.0053147706,304.91,304.91,28.253902699999994,31.685774895599994,4,0
0.11331109,18.250427,304.91,1,1.5983537,16.177122,10.478427,0.4268994,304.91,304.91,17.888786789999994,31.798752760599996,5,0
0.0002075644,18.066315,304.91,1,0.11331109,1.5983537,16.177122,2.9993248,304.91,304.91,1.711872354399993,31.793645554399994,6,0
0.01131843,19.056,337.17,1,0.0002075644,0.11331109,1.5983537,10.478427,304.91,304.91,0.1248370843999929,31.378064584399993,7,0
3.9968467,19.667542,539.0,1,0.01131843,0.0002075644,0.11331109,16.177122,337.17,304.91,4.008372694399993,32.375586484399996,8,0
4.1923356,19.325867,435.24,1,3.9968467,0.01131843,0.0002075644,1.5983537,539.0,337.17,8.200500729999993,26.089495084399992,9,0
0.16895966,17.786926,337.17,1,4.1923356,3.9968467,0.01131843,0.11331109,435.24,539.0,8.358141959999994,10.081332744399994,10,0
0.0009020637,16.683868,380.48,1,0.16895966,4.1923356,3.9968467,0.0002075644,337.17,435.24,4.362197323699993,8.483881108099993,11,0
3.3659094e-06,17.318787,333.49,1,0.0009020637,0.16895966,4.1923356,0.01131843,380.48,337.17,0.1698650896093929,8.370573384009393,12,0
1.0097728e-05,19.042938,299.48,1,3.3659094e-06,0.0009020637,0.16895966,3.9968467,333.49,380.48,0.0009155273373928945,8.370375917337393,13,0
7.06841e-05,20.106598,0.0,1,1.0097728e-05,3.3659094e-06,0.0009020637,4.1923356,299.48,333.49,8.414773739289457e-05,8.359128171437394,14,0
0.0011219698,20.708862,380.48,1,7.06841e-05,1.0097728e-05,3.3659094e-06,0.16895966,0.0,299.48,0.0012027516279928946,4.363403441237392,15,0
0.00763837,20.828613,380.48,1,0.0011219698,7.06841e-05,1.0097728e-05,0.0009020637,380.48,0.0,0.008831023899992895,0.17870621123739291,16,0
0.13374665,21.094238,380.48,1,0.00763837,0.0011219698,7.06841e-05,3.3659094e-06,380.48,380.48,0.14250698979999288,0.1434932012373929,17,0
0.2958208,21.470245,359.55,1,0.13374665,0.00763837,0.0011219698,1.0097728e-05,380.48,380.48,0.43720581999999286,0.4384119375373929,18,0
0.37432504,20.76352,359.55,1,0.2958208,0.13374665,0.00763837,7.06841e-05,359.55,380.48,0.8038924899999929,0.8127336116279928,19,0
0.18326254,19.683594,304.99,1,0.37432504,0.2958208,0.13374665,0.0011219698,359.55,359.55,0.8534083799999929,0.995986053899993,20,0
0.04242056,20.580261,299.48,1,0.18326254,0.37432504,0.2958208,0.00763837,304.99,359.55,0.6000081399999929,1.038335929799993,21,0
0.13673782,21.70108,299.48,1,0.04242056,0.18326254,0.37432504,0.13374665,299.48,304.99,0.36242091999999293,1.173951779999993,22,0
0.19513749,21.442657,299.48,1,0.13673782,0.04242056,0.18326254,0.2958208,299.48,299.48,0.37429586999999287,1.3614508999999928,23,0
0.05288629,20.099762,299.48,1,0.19513749,0.13673782,0.04242056,0.37432504,299.48,299.48,0.38476159999999293,1.2805905399999928,24,0
0.035606835,19.825806,219.0,1,0.05288629,0.19513749,0.13673782,0.18326254,299.48,299.48,0.28363061499999287,1.020376574999993,25,0
0.049143396,20.026306,299.48,1,0.035606835,0.05288629,0.19513749,0.04242056,219.0,299.48,0.1376365209999929,0.695194930999993,26,0
0.035500243,20.834167,299.48,1,0.049143396,0.035606835,0.05288629,0.13673782,299.48,219.0,0.12025047399999289,0.5474326339999929,27,0
0.848796,22.510742,284.02,1,0.035500243,0.049143396,0.035606835,0.19513749,299.48,299.48,0.9334396389999928,1.353808073999993,28,0
1.8591387,23.088348,284.02,1,0.848796,0.035500243,0.049143396,0.05288629,284.02,299.48,2.743434942999993,3.076208953999993,29,0
0.88064307,21.658447,249.47,1,1.8591387,0.848796,0.035500243,0.035606835,284.02,284.02,3.588577769999993,3.7617145339999927,30,0
0.113194406,19.866638,249.47,1,0.88064307,1.8591387,0.848796,0.049143396,249.47,284.02,2.8529761759999928,3.822022649999993,31,0
1.1187778,20.180023,249.47,2,0.113194406,0.88064307,1.8591387,0.035500243,249.47,249.47,2.1126152759999925,4.905193614999993,32,0
1.1844163,20.050873,209.97,2,1.1187778,0.113194406,0.88064307,0.848796,249.47,249.47,2.4163885059999926,6.0404665189999935,33,0
0.44806644,20.285675,209.97,2,1.1844163,1.1187778,0.113194406,1.8591387,209.97,249.47,2.751260539999993,6.453032715999993,34,0
3.8405352,20.422272,209.97,2,0.44806644,1.1844163,1.1187778,0.88064307,209.97,209.97,5.473017939999993,9.444771915999993,35,0
2.219245,20.04779,209.97,2,3.8405352,0.44806644,1.1844163,0.113194406,209.97,209.97,6.507846639999993,9.804878215999992,36,0
3.6929712,19.987183,209.97,2,2.219245,3.8405352,0.44806644,1.1187778,209.97,209.97,9.752751399999994,12.617206345999993,37,0
11.551138,18.400024,209.97,2,3.6929712,2.219245,3.8405352,1.1844163,209.97,209.97,17.46335419999999,24.055149939999993,38,0
11.239134,17.124298,209.97,2,11.551138,3.6929712,2.219245,0.44806644,209.97,209.97,26.48324319999999,34.175506139999996,39,0
1.2678326,17.714355,337.17,2,11.239134,11.551138,3.6929712,3.8405352,209.97,209.97,24.058104599999993,34.25892243999999,40,0
0.0073320726,19.0578,435.24,2,1.2678326,11.239134,11.551138,2.219245,337.17,209.97,12.514298672599994,33.818188072599995,41,0
0.012580647,19.94104,380.48,2,0.0073320726,1.2678326,11.239134,3.6929712,435.24,337.17,1.2877453195999928,29.990233519599993,42,0
0.00037810384,20.191895,380.48,2,0.012580647,0.0073320726,1.2678326,11.551138,380.48,435.24,0.020290823439992896,27.77136662343999,43,0
0.0,21.410706,453.35,2,0.00037810384,0.012580647,0.0073320726,11.239134,380.48,380.48,0.012958750839992894,24.07839542343999,44,0
0.0,22.675201,337.17,2,0.0,0.00037810384,0.012580647,1.2678326,453.35,380.48,0.0003781038399928946,12.527257423439993,45,0
5.497652e-05,22.76004,291.4,2,0.0,0.0,0.00037810384,0.0073320726,337.17,453.35,5.497651999289457e-05,1.288178399959993,46,0
0.002812778,22.573364,196.14,2,5.497652e-05,0.0,0.0,0.012580647,291.4,337.17,0.002867754519992895,0.023158577959992894,47,0
0.0051666712,22.598541,196.14,2,0.002812778,5.497652e-05,0.0,0.00037810384,196.14,291.4,0.008034425719992895,0.020993176559992895,48,0
0.006753136,22.279053,196.14,2,0.0051666712,0.002812778,5.497652e-05,0.0,196.14,196.14,0.014732585199992895,0.015165665559992894,49,0
0.006833918,22.960724,196.14,2,0.006753136,0.0051666712,0.002812778,0.0,196.14,196.14,0.018753725199992896,0.021621479719992894,50,0
0.003123564,23.529083,196.14,2,0.006833918,0.006753136,0.0051666712,5.497652e-05,196.14,196.14,0.016710617999992895,0.024745043719992896,51,0
0.021476744,23.977478,196.14,2,0.003123564,0.006833918,0.006753136,0.002812778,196.14,196.14,0.03143422599999289,0.0462217877199929,52,0
0.14295353,23.848145,196.14,2,0.021476744,0.003123564,0.006833918,0.0051666712,196.14,196.14,0.16755383799999288,0.18912034119999288,53,0
2.8895862,24.043488,183.56,2,0.14295353,0.021476744,0.003123564,0.006753136,196.14,196.14,3.054016473999993,3.075893763199993,54,0
7.5118647,22.215332,183.56,2,2.8895862,0.14295353,0.021476744,0.006833918,183.56,196.14,10.544404429999993,10.582591791999993,55,0
10.262779,20.10788,183.56,2,7.5118647,2.8895862,0.14295353,0.003123564,183.56,183.56,20.664229899999995,20.838617655999993,56,0
0.784258,21.311798,183.56,2,10.262779,7.5118647,2.8895862,0.021476744,183.56,183.56,18.558901699999993,21.616041737999996,57,0
0.015074787,21.937714,183.56,2,0.784258,10.262779,7.5118647,0.14295353,183.56,183.56,11.062111786999994,21.627992960999993,58,0
0.021082934,22.350342,219.4,2,0.015074787,0.784258,10.262779,2.8895862,183.56,183.56,0.8204157209999929,21.627599150999995,59,0
0.015416986,23.272614,0.0,2,0.021082934,0.015074787,0.784258,7.5118647,219.4,183.56,0.05157470699999289,21.500062606999997,60,0
0.090979405,24.047089,481.55,3,0.015416986,0.021082934,0.015074787,10.262779,0.0,219.4,0.1274793249999929,18.701455811999992,61,0
0.8045881,24.30661,481.55,3,0.090979405,0.015416986,0.021082934,0.784258,481.55,0.0,0.9109844909999929,11.994179211999993,62,0
0.92631847,24.555847,249.47,3,0.8045881,0.090979405,0.015416986,0.015074787,481.55,481.55,1.821885974999993,2.657718681999993,63,0
2.2060754,23.968872,182.01,3,0.92631847,0.8045881,0.090979405,0.021082934,249.47,481.55,3.9369819699999926,4.0795360819999935,64,0
4.171928,23.79242,177.67,3,2.2060754,0.92631847,0.8045881,0.015416986,182.01,249.47,7.304321869999994,8.236389294999992,65,0
5.1599035,23.859863,168.29,3,4.171928,2.2060754,0.92631847,0.090979405,177.67,182.01,11.537906899999994,13.375209860999995,66,0
3.7658625,23.880188,168.29,3,5.1599035,4.171928,2.2060754,0.8045881,168.29,177.67,13.097693999999994,17.125655374999994,67,0
0.9025428,24.53653,168.29,3,3.7658625,5.1599035,4.171928,0.92631847,168.29,168.29,9.828308799999993,17.93721876999999,68,0
0.13511544,24.514069,168.29,3,0.9025428,3.7658625,5.1599035,2.2060754,168.29,168.29,4.8035207399999935,17.26774610999999,69,0
1.0082145,23.929382,168.29,3,0.13511544,0.9025428,3.7658625,4.171928,168.29,168.29,2.045872739999994,17.349642139999993,70,0
2.2507296,24.92862,380.48,3,1.0082145,0.13511544,0.9025428,5.1599035,168.29,168.29,3.394059539999994,17.394296339999993,71,0
5.0164814,25.464478,592.97,3,2.2507296,1.0082145,0.13511544,3.7658625,380.48,168.29,8.275425499999994,18.238849739999992,72,0
3.7684128,25.986542,267.04,3,5.0164814,2.2507296,1.0082145,0.9025428,592.97,380.48,11.035623799999993,16.847359039999994,73,0
4.6607385,24.836517,197.07,3,3.7684128,5.0164814,2.2507296,0.13511544,267.04,592.97,13.445632699999994,17.74223503999999,74,0
1.24689,24.833954,197.07,3,4.6607385,3.7684128,5.0164814,1.0082145,197.07,267.04,9.676041299999994,18.08658223999999,75,0
0.67365867,25.9917,197.07,3,1.24689,4.6607385,3.7684128,2.2507296,197.07,197.07,6.581287169999994,18.625125469999993,76,0
0.14000389,26.55774,197.07,3,0.67365867,1.24689,4.6607385,5.0164814,197.07,197.07,2.060552559999994,17.75691485999999,77,0
0.8939844,26.189606,168.29,3,0.14000389,0.67365867,1.24689,3.7684128,197.07,197.07,1.7076469599999937,16.400169659999992,78,0
4.4097266,24.114075,168.29,3,0.8939844,0.14000389,0.67365867,4.6607385,168.29,197.07,5.443714889999994,15.793414859999992,79,0
0.8958031,25.208801,182.01,3,4.4097266,0.8939844,0.14000389,1.24689,168.29,168.29,6.199514099999994,12.920805159999992,80,0
4.3923426,25.048584,182.01,3,0.8958031,4.4097266,0.8939844,0.67365867,182.01,168.29,9.697872299999993,12.652409259999992,81,0
1.7386494,25.5625,209.97,3,4.3923426,0.8958031,4.4097266,0.14000389,182.01,182.01,7.026795099999994,13.144168659999991,82,0
1.2661047,25.819092,209.97,3,1.7386494,4.3923426,0.8958031,0.8939844,209.97,182.01,7.397096699999993,13.736614689999993,83,0
0.18111286,26.967102,0.0,3,1.2661047,1.7386494,4.3923426,4.4097266,209.97,209.97,3.1858669599999936,13.77772365999999,84,0
0.03178428,27.524384,0.0,3,0.18111286,1.2661047,1.7386494,0.8958031,0.0,209.97,1.4790018399999938,12.915523539999992,85,0
0.03627553,28.040436,0.0,3,0.03178428,0.18111286,1.2661047,4.3923426,0.0,0.0,0.24917266999999377,8.542072469999992,86,0
0.054767832,29.110504,0.0,3,0.03627553,0.03178428,0.18111286,1.7386494,0.0,0.0,0.12282764199999378,7.701037201999991,87,0
0.44429106,28.874756,0.0,3,0.054767832,0.03627553,0.03178428,1.2661047,0.0,0.0,0.5353344219999938,3.752985661999991,88,0
0.6875352,28.304718,0.0,3,0.44429106,0.054767832,0.03627553,0.18111286,0.0,0.0,1.1865940919999938,2.7018714619999913,89,0
0.73631734,28.141663,0.0,3,0.6875352,0.44429106,0.054767832,0.03178428,0.0,0.0,1.868143599999994,2.1720841019999915,90,0
0.15438418,28.605316,0.0,3,0.73631734,0.6875352,0.44429106,0.03627553,0.0,0.0,1.5782367199999938,2.1453554219999913,91,0
0.1056458,29.471191,0.0,4,0.15438418,0.73631734,0.6875352,0.054767832,0.0,0.0,0.9963473199999939,2.219216941999991,92,0
0.02602633,29.845306,0.0,4,0.1056458,0.15438418,0.73631734,0.44429106,0.0,0.0,0.2860563099999939,2.2089677419999916,93,0
0.27383804,29.034882,0.0,4,0.02602633,0.1056458,0.15438418,0.6875352,0.0,0.0,0.4055101699999939,2.4280379499999913,94,0
0.79650426,28.276306,0.0,4,0.27383804,0.02602633,0.1056458,0.73631734,0.0,0.0,1.096368629999994,2.7802511499999913,95,0
0.36297518,28.365326,0.0,4,0.79650426,0.27383804,0.02602633,0.15438418,0.0,0.0,1.4333174799999937,2.455691129999991,96,0
0.0764443,29.037903,0.0,4,0.36297518,0.79650426,0.27383804,0.1056458,0.0,0.0,1.235923739999994,1.7958180899999912,97,0
0.628689,28.84378,0.0,4,0.0764443,0.36297518,0.79650426,0.02602633,0.0,0.0,1.068108479999994,2.270122909999991,98,0
2.5745156,27.681702,0.0,4,0.628689,0.0764443,0.36297518,0.27383804,0.0,0.0,3.2796488999999935,4.738992709999991,99,0
0.39873457,28.025513,0.0,4,2.5745156,0.628689,0.0764443,0.79650426,0.0,0.0,3.6019391699999934,5.1117009499999915,100,0
0.5066423,28.601624,0.0,4,0.39873457,2.5745156,0.628689,0.36297518,0.0,0.0,3.4798924699999936,5.344505209999991,101,0
0.16359442,29.141205,0.0,4,0.5066423,0.39873457,2.5745156,0.0764443,0.0,0.0,1.0689712899999937,4.7115953699999915,102,0
0.117031544,30.016998,0.0,4,0.16359442,0.5066423,0.39873457,0.628689,0.0,0.0,0.7872682639999937,4.465651733999991,103,0
0.028642766,30.52475,0.0,4,0.117031544,0.16359442,0.5066423,2.5745156,0.0,0.0,0.3092687299999938,4.417850199999991,104,0
0.25837284,30.521729,0.0,4,0.028642766,0.117031544,0.16359442,0.39873457,0.0,0.0,0.4040471499999938,4.047534039999991,105,0
0.53326213,30.498322,0.0,4,0.25837284,0.028642766,0.117031544,0.5066423,0.0,0.0,0.8202777359999938,2.006280569999991,106,0
0.4422064,30.492157,0.0,4,0.53326213,0.25837284,0.028642766,0.16359442,0.0,0.0,1.2338413699999937,2.049752399999991,107,0
0.08033079,31.100952,0.0,4,0.4422064,0.53326213,0.25837284,0.117031544,0.0,0.0,1.0557993199999938,1.623440889999991,108,0
1.8206351,29.572937,0.0,4,0.08033079,0.4422064,0.53326213,0.028642766,0.0,0.0,2.343172289999994,3.280481569999991,109,0
1.3036975,29.092194,0.0,4,1.8206351,0.08033079,0.4422064,0.25837284,0.0,0.0,3.204663389999994,4.467147525999991,110,0
0.60270536,30.257446,0.0,4,1.3036975,1.8206351,0.08033079,0.53326213,0.0,0.0,3.727037959999994,5.041210119999991,111,0
4.7069335,28.059692,0.0,4,0.60270536,1.3036975,1.8206351,0.4422064,0.0,0.0,6.613336359999994,9.48977077999999,112,0
2.059341,28.479492,0.0,4,4.7069335,0.60270536,1.3036975,0.08033079,0.0,0.0,7.368979859999993,11.01584964999999,113,0
5.1063123,28.52594,0.0,4,2.059341,4.7069335,0.60270536,1.8206351,0.0,0.0,11.872586799999993,15.67995554999999,114,0
6.5905395,28.06491,0.0,4,5.1063123,2.059341,4.7069335,1.3036975,0.0,0.0,13.756192799999994,22.19016425999999,115,0
5.911855,27.321747,0.0,4,6.5905395,5.1063123,2.059341,0.60270536,0.0,0.0,17.608706799999993,26.28138415999999,116,0
10.991405,26.830505,0.0,4,5.911855,6.5905395,5.1063123,4.7069335,0.0,0.0,23.493799499999994,35.96909165999999,117,0
12.248978,26.3013,0.0,4,10.991405,5.911855,6.5905395,2.059341,0.0,0.0,29.15223799999999,47.61536429999999,118,0
5.4344225,27.080444,0.0,4,12.248978,10.991405,5.911855,5.1063123,0.0,0.0,28.67480549999999,48.342853299999994,119,0
2.4373345,27.523193,0.0,4,5.4344225,12.248978,10.991405,6.5905395,0.0,0.0,20.120734999999993,48.72084679999999,120,0
0.71443,29.179016,0.0,4,2.4373345,5.4344225,12.248978,5.911855,0.0,0.0,8.586186999999994,44.32896449999999,121,0
2.719012,28.309723,0.0,5,0.71443,2.4373345,5.4344225,10.991405,0.0,0.0,5.870776499999993,40.45743699999999,122,0
2.2793388,29.329376,0.0,5,2.719012,0.71443,2.4373345,12.248978,0.0,0.0,5.712780799999994,36.82492079999999,123,0
0.21200405,30.24881,0.0,5,2.2793388,2.719012,0.71443,5.4344225,0.0,0.0,5.210354849999993,26.04551984999999,124,0
1.8529196,29.180054,0.0,5,0.21200405,2.2793388,2.719012,2.4373345,0.0,0.0,4.344262449999993,15.649461449999993,125,0
3.9935033,29.59909,0.0,5,1.8529196,0.21200405,2.2793388,0.71443,0.0,0.0,6.058426949999992,14.208542249999994,126,0
0.48815668,28.749481,0.0,5,3.9935033,1.8529196,0.21200405,2.719012,0.0,0.0,6.334579579999993,12.259364429999993,127,0
0.71346056,29.023132,0.0,5,0.48815668,3.9935033,1.8529196,2.2793388,0.0,0.0,5.1951205399999925,12.258394989999992,128,0
0.43106303,29.513702,0.0,5,0.71346056,0.48815668,3.9935033,0.21200405,0.0,0.0,1.6326802699999925,9.970446019999994,129,0
0.5155833,29.964722,0.0,5,0.43106303,0.71346056,0.48815668,1.8529196,0.0,0.0,1.6601068899999922,8.206690519999993,130,0
0.91165096,29.442932,0.0,5,0.5155833,0.43106303,0.71346056,3.9935033,0.0,0.0,1.8582972899999923,8.906337429999994,131,0
0.32044357,29.716156,0.0,5,0.91165096,0.5155833,0.43106303,0.48815668,0.0,0.0,1.7476778299999924,7.373861399999994,132,0
1.1245325,29.67633,0.0,5,0.32044357,0.91165096,0.5155833,0.71346056,0.0,0.0,2.3566270299999923,4.504890599999992,133,0
0.4337075,30.257751,0.0,5,1.1245325,0.32044357,0.91165096,0.43106303,0.0,0.0,1.8786835699999926,4.450441419999993,134,0
0.32134673,31.10083,0.0,5,0.4337075,1.1245325,0.32044357,0.5155833,0.0,0.0,1.8795867299999924,4.058327589999993,135,0
0.6846439,31.407654,0.0,5,0.32134673,0.4337075,1.1245325,0.91165096,0.0,0.0,1.4396981299999925,4.311908459999993,136,0
1.3467542,30.713196,481.59,5,0.6846439,0.32134673,0.4337075,0.32044357,0.0,0.0,2.3527448299999922,5.143079359999993,137,0
0.43258777,30.913635,481.59,5,1.3467542,0.6846439,0.32134673,1.1245325,481.59,0.0,2.4639858699999926,4.664016169999992,138,0
1.1144009,30.821411,481.59,5,0.43258777,1.3467542,0.6846439,0.4337075,481.59,481.59,2.8937428699999925,5.457973499999993,139,0
16.319983,29.29309,481.59,5,1.1144009,0.43258777,1.3467542,0.32134673,481.59,481.59,17.866971669999995,20.653423999999994,140,0
14.105914,27.889954,359.55,5,16.319983,1.1144009,0.43258777,0.6846439,481.59,481.59,31.54029789999999,34.325630499999995,141,0
0.04609725,30.217407,299.48,5,14.105914,16.319983,1.1144009,1.3467542,359.55,481.59,30.471994249999995,34.05038101999999,142,0
0.03237668,31.768005,524.21,5,0.04609725,14.105914,16.319983,0.43258777,299.48,359.55,14.184387929999993,33.3981138,143,0
0.022649202,32.61035,380.48,5,0.03237668,0.04609725,14.105914,1.1144009,524.21,299.48,0.1011231319999929,32.074008801999994,144,0
0.015802944,33.144928,380.48,5,0.022649202,0.03237668,0.04609725,16.319983,380.48,524.21,0.07082882599999289,31.657223975999994,145,0
0.055052813,33.366394,299.48,5,0.015802944,0.022649202,0.03237668,14.105914,380.48,380.48,0.0935049589999929,30.597875888999994,146,0
0.09093789,33.235077,299.48,5,0.055052813,0.015802944,0.022649202,0.04609725,299.48,380.48,0.16179364699999288,14.368830778999993,147,0
0.29721314,33.152527,299.48,5,0.09093789,0.055052813,0.015802944,0.03237668,299.48,299.48,0.4432038429999929,0.5601299189999929,148,0
0.83811814,31.253723,299.48,5,0.29721314,0.09093789,0.055052813,0.022649202,299.48,299.48,1.2262691699999928,1.3521508089999927,149,0
1.2582903,30.616089,296.4,5,0.83811814,0.29721314,0.09093789,0.015802944,299.48,299.48,2.393621579999993,2.5780644289999928,150,0
0.73001975,29.688568,296.4,5,1.2582903,0.83811814,0.29721314,0.055052813,296.4,299.48,2.826428189999993,3.285434976999993,151,0
2.3683627,29.752228,296.4,5,0.73001975,1.2582903,0.83811814,0.09093789,296.4,296.4,4.356672749999992,5.637994732999992,152,0
7.8083735,28.839539,249.47,6,2.3683627,0.73001975,1.2582903,0.29721314,296.4,296.4,10.906755949999992,13.391315419999993,153,0
7.99145,27.896637,249.47,6,7.8083735,2.3683627,0.73001975,0.83811814,249.47,296.4,18.168186199999994,21.291827529999992,154,0
4.7820106,28.324005,249.47,6,7.99145,7.8083735,2.3683627,1.2582903,249.47,249.47,20.581834099999995,25.77662498999999,155,0
7.941892,28.64743,284.02,6,4.7820106,7.99145,7.8083735,0.73001975,249.47,249.47,20.715352599999992,32.88039884999999,156,0
0.55810815,29.213043,284.02,6,7.941892,4.7820106,7.99145,2.3683627,284.02,249.47,13.28201074999999,32.180216699999995,157,0
0.81223994,30.318726,284.02,6,0.55810815,7.941892,4.7820106,7.8083735,284.02,284.02,9.31224008999999,32.26243689,158,0
3.2566059,29.90857,284.02,6,0.81223994,0.55810815,7.941892,7.99145,284.02,284.02,4.626953989999992,33.150680089999994,159,0
4.5630035,29.55716,299.48,6,3.2566059,0.81223994,0.55810815,4.7820106,284.02,284.02,8.631849339999992,29.905310089999993,160,0
5.3607435,29.795227,249.47,6,4.5630035,3.2566059,0.81223994,7.941892,299.48,284.02,13.180352899999992,27.27460358999999,161,0
9.176287,29.697754,359.55,6,5.3607435,4.5630035,3.2566059,0.55810815,249.47,299.48,19.10003399999999,31.668879989999994,162,0
14.742589,27.970032,284.02,6,9.176287,5.3607435,4.5630035,0.81223994,359.55,249.47,29.279619499999992,38.46957698999999,163,0
14.557689,27.75174,249.47,6,14.742589,9.176287,5.3607435,3.2566059,284.02,359.55,38.476564999999994,52.469157839999994,164,0
11.428917,27.930939,249.47,6,14.557689,14.742589,9.176287,4.5630035,249.47,284.02,40.72919499999999,63.085834899999995,165,0
13.327351,28.048584,359.55,6,11.428917,14.557689,14.742589,5.3607435,249.47,249.47,39.31395699999999,73.15657999999999,166,0
17.699837,27.690338,380.48,6,13.327351,11.428917,14.557689,9.176287,359.55,249.47,42.456104999999994,86.29341349999999,167,0
22.484638,27.276611,380.48,6,17.699837,13.327351,11.428917,14.742589,380.48,359.55,53.51182599999999,103.41730799999999,168,1
16.544361,27.087097,458.35,6,22.484638,17.699837,13.327351,14.557689,380.48,380.48,56.72883599999999,110.78538199999998,169,0
3.5874696,27.892029,539.21,6,16.544361,22.484638,17.699837,11.428917,458.35,380.48,42.61646859999999,99.6302626,170,0
10.923917,28.549194,524.21,6,3.5874696,16.544361,22.484638,13.327351,539.21,458.35,31.05574759999999,95.9964906,171,0
19.012228,27.174011,524.21,6,10.923917,3.5874696,16.544361,17.699837,524.21,539.21,33.52361459999999,103.5798016,172,0
25.65282,26.663452,539.21,6,19.012228,10.923917,3.5874696,22.484638,524.21,524.21,55.58896499999999,115.9052706,173,1
19.028938,26.691711,524.21,6,25.65282,19.012228,10.923917,16.544361,539.21,524.21,63.69398599999999,117.23437159999999,174,0
3.932999,27.309631,524.21,6,19.028938,25.65282,19.012228,3.5874696,524.21,539.21,48.61475699999999,98.68273259999998,175,0
1.8780832,29.223389,1154.25,6,3.932999,19.028938,25.65282,10.923917,524.21,524.21,24.84002019999999,84.01645479999999,176,0
2.3990586,29.375488,3186.72,6,1.8780832,3.932999,19.028938,19.012228,1154.25,524.21,8.21014079999999,82.82804379999999,177,0
4.091181,28.623993,3573.88,6,2.3990586,1.8780832,3.932999,25.65282,3186.72,1154.25,8.368322799999989,75.99530779999999,178,0
7.719028,28.6922,2722.52,6,4.091181,2.3990586,1.8780832,19.028938,3573.88,3186.72,14.20926759999999,64.7021078,179,0
7.9051723,27.69809,5932.29,6,7.719028,4.091181,2.3990586,3.932999,2722.52,3573.88,19.71538129999999,46.95446009999999,180,0
8.135588,27.44632,8861.7,6,7.9051723,7.719028,4.091181,1.8780832,5932.29,2722.52,23.75978829999999,36.06111009999999,181,0
8.541554,28.12793,10259.24,6,8.135588,7.9051723,7.719028,2.3990586,8861.7,5932.29,24.582314299999986,40.66966509999999,182,0
4.396083,28.955444,10259.24,7,8.541554,8.135588,7.9051723,4.091181,10259.24,8861.7,21.073224999999987,43.187664899999994,183,0
4.8323774,29.348938,0.0,7,4.396083,8.541554,8.135588,7.719028,10259.24,10259.24,17.77001439999999,45.6209837,184,0
12.671121,29.011353,5301.12,7,4.8323774,4.396083,8.541554,7.9051723,0.0,10259.24,21.899581399999988,54.20092369999999,185,0
18.017525,28.20752,3175.34,7,12.671121,4.8323774,4.396083,8.135588,5301.12,0.0,35.52102339999999,64.4994207,186,0
27.760324,27.006653,2682.18,7,18.017525,12.671121,4.8323774,8.541554,3175.34,5301.12,58.44896999999999,84.3545724,187,1
18.942572,26.87268,2437.5,7,27.760324,18.017525,12.671121,4.396083,2682.18,3175.34,64.72042099999999,95.1615564,188,0
3.0651093,27.906738,2754.21,7,18.942572,27.760324,18.017525,4.8323774,2437.5,2682.18,49.76800529999999,89.6851117,189,0
4.1493335,28.661987,3267.78,7,3.0651093,18.942572,27.760324,12.671121,2754.21,2437.5,26.15701479999999,89.4383622,190,0
11.038551,27.857239,2691.67,7,4.1493335,3.0651093,18.942572,18.017525,3267.78,2754.21,18.25299379999999,95.6445358,191,0
11.318707,27.831055,3267.78,7,11.038551,4.1493335,3.0651093,27.760324,2691.67,3267.78,26.506591499999992,94.2921218,192,0
8.064354,27.684692,5705.92,7,11.318707,11.038551,4.1493335,18.942572,3267.78,2691.67,30.42161199999999,84.33895079999999,193,0
6.5637946,27.388367,3901.69,7,8.064354,11.318707,11.038551,3.0651093,5705.92,3267.78,25.946855599999992,63.142421399999996,194,0
11.811039,27.575897,2682.18,7,6.5637946,8.064354,11.318707,4.1493335,3901.69,5705.92,26.43918759999999,56.010888399999985,195,0
22.190767,26.72168,2358.68,7,11.811039,6.5637946,8.064354,11.038551,2682.18,3901.69,40.56560059999999,75.13654609999999,196,1
9.464996,27.259857,3267.78,7,22.190767,11.811039,6.5637946,11.318707,2358.68,2682.18,43.46680199999999,80.45220859999999,197,0
3.049919,27.99945,3975.5,7,9.464996,22.190767,11.811039,8.064354,3267.78,2358.68,34.705681999999996,72.4635766,198,0
2.724283,28.370148,3981.12,7,3.049919,9.464996,22.190767,6.5637946,3975.5,3267.78,15.239197999999991,63.86915259999999,199,0
4.867151,28.985596,3981.12,7,2.724283,3.049919,9.464996,11.811039,3981.12,3975.5,10.641352999999992,60.67194959999999,200,0
6.0409694,28.455383,3175.34,7,4.867151,2.724283,3.049919,22.190767,3981.12,3981.12,13.632403399999992,60.14912439999999,201,0
12.471199,27.8573,2848.04,7,6.0409694,4.867151,2.724283,9.464996,3175.34,3981.12,23.379319399999993,60.809284399999996,202,0
9.408777,27.831116,2682.18,7,12.471199,6.0409694,4.867151,3.049919,2848.04,3175.34,27.920945399999994,48.02729439999999,203,0
17.468094,27.58606,2196.41,7,9.408777,12.471199,6.0409694,2.724283,2682.18,2848.04,39.34806999999999,56.03039239999999,204,0
27.425133,26.11441,2031.3,7,17.468094,9.408777,12.471199,4.867151,2196.41,2682.18,54.302004,80.4056064,205,1
7.3065386,26.631256,2011.3,7,27.425133,17.468094,9.408777,6.0409694,2031.3,2196.41,52.19976559999999,84.98786199999999,206,0
3.4317915,28.318237,1888.43,7,7.3065386,27.425133,17.468094,12.471199,2011.3,2031.3,38.163463099999994,83.55250249999999,207,0
1.2215322,29.245544,2238.99,7,3.4317915,7.3065386,27.425133,9.408777,1888.43,2011.3,11.959862299999992,78.73306529999999,208,0
3.9990618,29.060547,8326.54,7,1.2215322,3.4317915,7.3065386,17.468094,2238.99,1888.43,8.652385499999994,70.26092809999999,209,0
10.39274,27.952942,5705.92,7,3.9990618,1.2215322,3.4317915,27.425133,8326.54,2238.99,15.613333999999995,71.24489109999999,210,0
3.1443226,28.566772,4089.19,7,10.39274,3.9990618,1.2215322,7.3065386,5705.92,8326.54,17.536124399999995,56.92111969999999,211,0
3.3630843,29.04425,3901.69,7,3.1443226,10.39274,3.9990618,3.4317915,4089.19,5705.92,16.900146899999996,32.85907099999999,212,0
8.187299,29.087677,2416.18,7,3.3630843,3.1443226,10.39274,1.2215322,3901.69,4089.19,14.694705899999995,33.73983139999999,213,0
8.784309,28.824463,2996.69,8,8.187299,3.3630843,3.1443226,3.9990618,2416.18,3901.69,20.334692299999993,39.09234889999999,214,0
14.213167,28.857178,2031.3,8,8.784309,8.187299,3.3630843,10.39274,2996.69,2416.18,31.184774999999995,52.0839837,215,0
15.456782,27.575378,2031.3,8,14.213167,8.784309,8.187299,3.1443226,2031.3,2996.69,38.454257999999996,63.541703899999995,216,0
30.899488,27.161163,2031.3,8,15.456782,14.213167,8.784309,3.3630843,2031.3,2031.3,60.56943699999999,84.0484519,217,1
25.154358,26.28897,2256.76,8,30.899488,15.456782,14.213167,8.187299,2031.3,2031.3,71.510628,106.0584873,218,1
10.402959,26.992615,2754.21,8,25.154358,30.899488,15.456782,8.784309,2256.76,2031.3,66.45680499999999,113.09836199999998,219,0
14.541506,27.732666,5887.29,8,10.402959,25.154358,30.899488,14.213167,2754.21,2256.76,50.098822999999996,119.452569,220,0
15.606964,27.323364,5784.94,8,14.541506,10.402959,25.154358,15.456782,5887.29,2754.21,40.551429,126.275224,221,0
10.369561,27.346252,4521.6,8,15.606964,14.541506,10.402959,30.899488,5784.94,5887.29,40.51803099999999,122.431618,222,0
3.603732,27.854675,5784.94,8,10.369561,15.606964,14.541506,25.154358,4521.6,5784.94,29.580256999999996,110.57856799999999,223,0
4.886173,27.742126,5887.29,8,3.603732,10.369561,15.606964,10.402959,5784.94,4521.6,18.859465999999998,84.56525299999998,224,0
13.907071,27.465485,5784.94,8,4.886173,3.603732,10.369561,14.541506,5887.29,5784.94,22.396975999999995,73.31796599999998,225,0
15.601254,27.112305,5324.28,8,13.907071,4.886173,3.603732,15.606964,5784.94,5887.29,34.394498,78.51626099999999,226,0
21.518873,26.293976,3175.34,8,15.601254,13.907071,4.886173,10.369561,5324.28,5784.94,51.027198,85.493628,227,1
33.654354,25.960052,3175.34,8,21.518873,15.601254,13.907071,3.603732,3175.34,5324.28,70.774481,103.54101799999998,228,1
23.20749,26.215973,3267.78,8,33.654354,21.518873,15.601254,4.886173,3175.34,3175.34,78.380717,116.378947,229,1
8.969127,26.795166,4553.7,8,23.20749,33.654354,21.518873,13.907071,3267.78,3175.34,65.830971,121.74434199999999,230,0
17.384928,26.82251,15224.61,8,8.969127,23.20749,33.654354,15.601254,4553.7,3267.78,49.561544999999995,134.24309699999998,231,0
31.555243,26.503662,13700.0,8,17.384928,8.969127,23.20749,21.518873,15224.61,4553.7,57.909298,151.891269,232,1
24.498142,26.218842,11953.44,8,31.555243,17.384928,8.969127,33.654354,13700.0,15224.61,73.438313,160.78815699999998,233,1
14.118887,26.49414,11365.95,8,24.498142,31.555243,17.384928,23.20749,11953.44,13700.0,70.17227199999999,153.388171,234,0
4.6317325,27.114319,12234.14,8,14.118887,24.498142,31.555243,8.969127,11365.95,11953.44,43.2487615,124.3655495,235,0
10.698538,27.299988,16662.17,8,4.6317325,14.118887,24.498142,17.384928,12234.14,11365.95,29.4491575,111.8565975,236,0
8.189918,27.811218,13720.71,8,10.698538,4.6317325,14.118887,31.555243,16662.17,12234.14,23.5201885,111.0773885,237,0
24.887787,26.999054,13937.86,8,8.189918,10.698538,4.6317325,24.498142,13720.71,16662.17,43.776242999999994,118.5802475,238,1
48.021824,25.552704,12648.71,8,24.887787,8.189918,10.698538,14.118887,13937.86,13720.71,81.099529,135.0468285,239,1
37.91546,25.466675,19151.02,8,48.021824,24.887787,8.189918,4.6317325,12648.71,13937.86,110.82507100000001,148.4641465,240,1
14.499746,26.44867,21300.0,8,37.91546,48.021824,24.887787,10.698538,19151.02,12648.71,100.43703000000001,148.84500549999998,241,0
1.6426568,27.679352,25690.0,8,14.499746,37.91546,48.021824,8.189918,21300.0,19151.02,54.0578628,145.8559298,242,0
0.49528572,28.794891,27733.73,8,1.6426568,14.499746,37.91546,24.887787,25690.0,21300.0,16.63768852,135.65267752,243,0
1.0592515,29.25003,28895.54,8,0.49528572,1.6426568,14.499746,48.021824,27733.73,25690.0,3.19719402,128.52201102,244,0
16.647398,27.797424,27745.0,9,1.0592515,0.49528572,1.6426568,37.91546,28895.54,27733.73,18.20193522,120.28162201999999,245,0
12.91844,26.78711,21700.0,9,16.647398,1.0592515,0.49528572,14.499746,27745.0,28895.54,30.6250895,85.17823802,246,0
3.473348,28.0878,15041.22,9,12.91844,16.647398,1.0592515,1.6426568,21700.0,27745.0,33.039186,50.73612601999999,247,0
2.0594597,28.839508,15600.0,9,3.473348,12.91844,16.647398,0.49528572,15041.22,21700.0,18.4512477,38.29583971999999,248,0
3.818456,28.611176,11126.92,9,2.0594597,3.473348,12.91844,1.0592515,15600.0,15041.22,9.3512637,40.47163891999999,249,0
4.331724,28.784698,8998.78,9,3.818456,2.0594597,3.473348,16.647398,11126.92,15600.0,10.2096397,44.30807719999999,250,0
4.1229076,28.360718,5324.28,9,4.331724,3.818456,2.0594597,12.91844,8998.78,11126.92,12.273087599999998,47.37173329999999,251,0
4.96707,28.475128,3328.32,9,4.1229076,4.331724,3.818456,3.473348,5324.28,8998.78,13.421701599999999,35.69140529999999,252,0
9.3310995,28.022339,3175.34,9,4.96707,4.1229076,4.331724,2.0594597,3328.32,5324.28,18.421077099999998,32.10406479999999,253,0
9.278315,27.793488,3901.69,9,9.3310995,4.96707,4.1229076,3.818456,3175.34,3328.32,23.5764845,37.909031799999994,254,0
8.773854,27.791016,3453.64,9,9.278315,9.3310995,4.96707,4.331724,3901.69,3175.34,27.3832685,44.62342609999999,255,0
4.147684,28.682068,3453.64,9,8.773854,9.278315,9.3310995,4.1229076,3453.64,3901.69,22.199852999999997,44.9526541,256,0
1.9585365,28.800049,0.0,9,4.147684,8.773854,9.278315,4.96707,3453.64,3453.64,14.8800745,42.579466599999996,257,0
3.27148,28.660095,0.0,9,1.9585365,4.147684,8.773854,9.3310995,0.0,3453.64,9.3777005,41.728038999999995,258,0
2.714939,28.765625,0.0,9,3.27148,1.9585365,4.147684,9.278315,0.0,0.0,7.9449555,39.47590799999999,259,0
4.6719594,29.038605,0.0,9,2.714939,3.27148,1.9585365,8.773854,0.0,0.0,10.6583784,34.816767899999995,260,0
4.967005,29.453033,3219.85,9,4.6719594,2.714939,3.27148,4.147684,0.0,0.0,12.3539034,30.505457899999993,261,0
8.626319,28.579132,3219.85,9,4.967005,4.6719594,2.714939,1.9585365,3219.85,0.0,18.2652834,30.357922899999995,262,0
6.672808,28.453766,2290.62,9,8.626319,4.967005,4.6719594,3.27148,3219.85,3219.85,20.266132000000002,32.8830469,263,0
10.280758,27.885925,2196.37,9,6.672808,8.626319,4.967005,2.714939,2290.62,3219.85,25.579885000000004,41.205268399999994,264,0
19.919712,26.225983,2196.37,9,10.280758,6.672808,8.626319,4.6719594,2196.37,2290.62,36.873278,57.8535004,265,1
8.413393,26.974182,1887.93,9,19.919712,10.280758,6.672808,4.967005,2196.37,2196.37,38.613862999999995,63.5519544,266,0
4.832208,27.641876,2270.0,9,8.413393,19.919712,10.280758,8.626319,1887.93,2196.37,33.165313,63.712202999999995,267,0
3.9470909,28.009155,4826.6,9,4.832208,8.413393,19.919712,6.672808,2270.0,1887.93,17.192691899999996,62.692288899999994,268,0
4.03322,27.696045,10050.65,9,3.9470909,4.832208,8.413393,10.280758,4826.6,2270.0,12.812518899999997,58.0991899,269,0
3.174388,27.613953,10050.65,9,4.03322,3.9470909,4.832208,19.919712,10050.65,4826.6,11.154698899999996,54.600769899999996,270,0
0.57466394,28.047974,7319.23,9,3.174388,4.03322,3.9470909,8.413393,10050.65,10050.65,7.782271939999997,44.89467584,271,0
1.0154309,28.449677,4426.6,9,0.57466394,3.174388,4.03322,4.832208,7319.23,10050.65,4.764482839999996,25.990394739999992,272,0
5.2416353,28.06836,3325.83,9,1.0154309,0.57466394,3.174388,3.9470909,4426.6,7319.23,6.831730139999996,22.81863703999999,273,0
19.309816,26.666199,2754.24,9,5.2416353,1.0154309,0.57466394,4.03322,3325.83,4426.6,25.5668822,37.296245039999995,274,0
12.587411,25.976135,2196.37,10,19.309816,5.2416353,1.0154309,3.174388,2754.24,3325.83,37.1388623,45.93656514,275,0
7.995205,26.983917,2290.62,10,12.587411,19.309816,5.2416353,0.57466394,2196.37,2754.24,39.892432,49.89855014,276,0
12.752165,26.71759,3219.85,10,7.995205,12.587411,19.309816,1.0154309,2290.62,2196.37,33.33478099999999,59.476327139999995,277,0
15.722099,26.220215,7319.23,10,12.752165,7.995205,12.587411,5.2416353,3219.85,2290.62,36.469469,74.62376219999999,278,0
8.8233,26.575684,6601.79,10,15.722099,12.752165,7.995205,19.309816,7319.23,3219.85,37.297563999999994,82.43163129999999,279,0
10.198702,26.818085,3956.43,10,8.8233,15.722099,12.752165,12.587411,6601.79,7319.23,34.744101,87.388698,280,0
9.041544,26.952942,2899.96,10,10.198702,8.8233,15.722099,7.995205,3956.43,6601.79,28.063545999999995,77.12042599999998,281,0
3.3319674,27.596313,4344.49,10,9.041544,10.198702,8.8233,12.752165,2899.96,3956.43,22.572213399999995,67.8649824,282,0
4.1004133,28.128174,7930.96,10,3.3319674,9.041544,10.198702,15.722099,4344.49,2899.96,16.473924699999998,63.97019069999999,283,0
10.013282,27.53888,5000.91,10,4.1004133,3.3319674,9.041544,8.8233,7930.96,4344.49,17.445662699999996,61.231307699999995,284,0
5.3897176,27.711823,4826.6,10,10.013282,4.1004133,3.3319674,10.198702,5000.91,7930.96,19.503412899999997,50.89892629999999,285,0
7.34387,27.739655,4826.6,10,5.3897176,10.013282,4.1004133,9.041544,4826.6,5000.91,22.746869599999997,49.4194963,286,0
9.774085,27.136108,4826.6,10,7.34387,5.3897176,10.013282,3.3319674,4826.6,4826.6,22.507672599999996,48.994879299999994,287,0
9.791163,26.791199,0.0,10,9.774085,7.34387,5.3897176,4.1004133,4826.6,4826.6,26.909117999999992,49.74449829999999,288,0
7.187841,26.849152,3325.83,10,9.791163,9.774085,7.34387,10.013282,0.0,4826.6,26.753088999999996,53.60037189999999,289,0
2.9234393,27.30072,2984.64,10,7.187841,9.791163,9.774085,5.3897176,3325.83,0.0,19.902443299999995,52.42339789999999,290,0
0.65814185,27.961334,2969.64,10,2.9234393,7.187841,9.791163,7.34387,2984.64,3325.83,10.769422149999997,43.06825774999999,291,0
3.3041775,27.77649,2969.64,10,0.65814185,2.9234393,7.187841,9.774085,2969.64,2984.64,6.885758649999997,40.98271764999999,292,0
3.431474,27.451782,2899.96,10,3.3041775,0.65814185,2.9234393,9.791163,2969.64,2969.64,7.3937933499999975,37.07032164999999,293,0
3.0637832,27.4198,2899.967,10,3.431474,3.3041775,0.65814185,7.187841,2899.96,2969.64,9.799434699999997,30.36001984999999,294,0
7.745737,26.815979,2196.37,10,3.0637832,3.431474,3.3041775,2.9234393,2899.967,2899.96,14.240994199999996,28.314593849999994,295,0
9.515895,26.251373,2084.78,10,7.745737,3.0637832,3.431474,0.65814185,2196.37,2899.967,20.325415199999995,30.642647849999996,296,0
0.1081635,26.378052,2031.8,10,9.515895,7.745737,3.0637832,3.3041775,2084.78,2196.37,17.3697955,27.827372049999994,297,0
0.2762043,26.345276,1886.01,10,0.1081635,9.515895,7.745737,3.431474,2031.8,2084.78,9.900262799999995,27.445434499999994,298,0
0.31379026,25.77179,1473.41,10,0.2762043,0.1081635,9.515895,3.0637832,1886.01,2031.8,0.6981580599999947,24.455047259999997,299,0
0.077068105,25.521088,1018.76,10,0.31379026,0.2762043,0.1081635,7.745737,1473.41,1886.01,0.6670626649999947,21.100641364999994,300,0
0.0062863966,25.328491,1473.41,10,0.077068105,0.31379026,0.2762043,9.515895,1018.76,1473.41,0.3971447615999947,18.043144561599995,301,0
0.0058319992,24.79419,998.42,10,0.0062863966,0.077068105,0.31379026,0.1081635,1473.41,1018.76,0.08918650079999467,10.303239560799993,302,0
0.00017278334,24.67749,1473.41,10,0.0058319992,0.0062863966,0.077068105,0.2762043,998.42,1473.41,0.012291179139994671,0.787517344139993,303,0
7.9659854e-05,24.794952,1433.2,10,0.00017278334,0.0058319992,0.0062863966,0.31379026,1473.41,998.42,0.006084442393994671,0.6794335039939929,304,0
0.02590067,25.304352,848.87,10,7.9659854e-05,0.00017278334,0.0058319992,0.077068105,1433.2,1473.41,0.026153113193994673,0.4291298739939929,305,0
0.114946924,25.871704,848.87,11,0.02590067,7.9659854e-05,0.00017278334,0.0062863966,848.87,1433.2,0.14092725385399468,0.2302865379939929,306,0
0.3413773,25.907898,848.87,11,0.114946924,0.02590067,7.9659854e-05,0.0058319992,848.87,848.87,0.4822248939999947,0.4945957329939929,307,0
0.45990664,25.183624,848.87,11,0.3413773,0.114946924,0.02590067,0.00017278334,848.87,848.87,0.9162308639999946,0.9482159763939928,308,0
0.5111066,24.33374,848.87,11,0.45990664,0.3413773,0.114946924,7.9659854e-05,848.87,848.87,1.3123905399999947,1.4534905771939928,309,0
0.13222301,24.076782,848.87,11,0.5111066,0.45990664,0.3413773,0.02590067,848.87,848.87,1.1032362499999946,1.5855408038539927,310,0
0.027508454,23.982239,837.44,11,0.13222301,0.5111066,0.45990664,0.114946924,848.87,848.87,0.6708380639999947,1.6129695979999927,311,0
0.0012061174,22.797363,837.44,11,0.027508454,0.13222301,0.5111066,0.3413773,837.44,848.87,0.16093758139999467,1.5882750453999928,312,0
0.0,21.967896,837.44,11,0.0012061174,0.027508454,0.13222301,0.45990664,837.44,837.44,0.028714571399994674,1.4733281213999927,313,0
0.009912603,21.797668,837.44,11,0.0,0.0012061174,0.027508454,0.5111066,837.44,837.44,0.011118720399994671,1.1418634243999928,314,0
1.2524045,23.01239,817.39,11,0.009912603,0.0,0.0012061174,0.13222301,837.44,837.44,1.2623171029999947,1.9343612843999929,315,0
2.356683,24.232086,817.39,11,1.2524045,0.009912603,0.0,0.027508454,817.39,837.44,3.6190001029999945,3.779937684399993,316,0
0.45569253,24.87677,837.44,11,2.356683,1.2524045,0.009912603,0.0012061174,817.39,817.39,4.064780029999994,4.103407204399993,317,0
0.0035510345,25.120392,837.44,11,0.45569253,2.356683,1.2524045,0.0,837.44,817.39,2.8159265644999945,4.079449784899993,318,0
0.0022529152,25.173584,837.44,11,0.0035510345,0.45569253,2.356683,0.009912603,837.44,837.44,0.46149647969999463,4.080496582699992,319,0
0.0010950424,25.43045,837.44,11,0.0022529152,0.0035510345,0.45569253,1.2524045,837.44,837.44,0.006898992099994671,4.081591625099993,320,0
0.0020980835,25.569305,817.39,11,0.0010950424,0.0022529152,0.0035510345,2.356683,837.44,837.44,0.005446041099994671,4.0737771055999925,321,0
0.012852164,25.573761,837.44,11,0.0020980835,0.0010950424,0.0022529152,0.45569253,817.39,837.44,0.01604528989999467,2.8342247695999925,322,0
0.036281135,25.486359,817.39,11,0.012852164,0.0020980835,0.0010950424,0.0035510345,837.44,817.39,0.05123138249999467,0.5138229045999929,323,0
0.041195363,25.535706,817.39,11,0.036281135,0.012852164,0.0020980835,0.0022529152,817.39,837.44,0.09032866199999467,0.09932573759999289,324,0
0.30651206,25.548492,729.6,11,0.041195363,0.036281135,0.012852164,0.0010950424,817.39,817.39,0.38398855799999465,0.4022867630999929,325,0
0.55831796,23.573547,526.6,11,0.30651206,0.041195363,0.036281135,0.0020980835,729.6,817.39,0.9060253829999947,0.9583518078999929,326,0
0.13187857,21.89679,729.6,11,0.55831796,0.30651206,0.041195363,0.012852164,526.6,729.6,0.9967085899999947,1.0891353354999929,327,0
0.00021990607,21.341675,729.6,11,0.13187857,0.55831796,0.30651206,0.036281135,729.6,526.6,0.6904164360699946,1.087257158069993,328,0
5.609849e-06,20.561798,452.9,11,0.00021990607,0.13187857,0.55831796,0.041195363,729.6,729.6,0.13210408591899467,1.074410603918993,329,0
0.03727296,21.190369,452.9,11,5.609849e-06,0.00021990607,0.13187857,0.30651206,452.9,729.6,0.03749847591899467,1.075402428918993,330,0
3.3726668,21.193176,452.9,11,0.03727296,5.609849e-06,0.00021990607,0.55831796,452.9,452.9,3.409945369848995,4.4068738659189925,331,0
2.3605795,20.776855,452.9,11,3.3726668,0.03727296,5.609849e-06,0.13187857,452.9,452.9,5.770519259999995,6.460941305918993,332,0
0.048020307,22.187286,452.9,11,2.3605795,3.3726668,0.03727296,0.00021990607,452.9,452.9,5.781266606999995,5.950643652918993,333,0
0.0,22.260406,452.9,11,0.048020307,2.3605795,3.3726668,5.609849e-06,452.9,452.9,2.4085998069999945,5.818765082918993,334,0
0.0,21.752502,452.9,11,0.0,0.048020307,2.3605795,0.03727296,452.9,452.9,0.04802030699999467,5.8185451768489935,335,0
0.0,21.487488,452.9,12,0.0,0.0,0.048020307,3.3726668,452.9,452.9,0.0,5.818539566999993,336,0
0.0,21.375458,452.9,12,0.0,0.0,0.0,2.3605795,452.9,452.9,0.0,5.781266606999994,337,0
6.7318188e-06,21.533081,306.16,12,0.0,0.0,0.0,0.048020307,452.9,452.9,6.7318187946709296e-06,2.408606538818793,338,0
0.00037249396,21.37024,452.9,12,6.7318188e-06,0.0,0.0,0.0,306.16,452.9,0.00037922577879467097,0.04839953277879289,339,0
0.00027376064,21.676025,306.16,12,0.00037249396,6.7318188e-06,0.0,0.0,452.9,306.16,0.000652986418794671,0.0006529864187928946,340,0
6.0586368e-05,21.963379,306.16,12,0.00027376064,0.00037249396,6.7318188e-06,0.0,306.16,452.9,0.000706840967994671,0.0007135727867928946,341,0
4.039091e-05,22.326782,306.16,12,6.0586368e-05,0.00027376064,0.00037249396,0.0,306.16,306.16,0.00037473791799467093,0.0007539636967928946,342,0
0.0,22.159454,452.9,12,4.039091e-05,6.0586368e-05,0.00027376064,6.7318188e-06,306.16,306.16,0.00010097727799467094,0.0007539636967928946,343,0
0.00043195838,21.818115,452.9,12,0.0,4.039091e-05,6.0586368e-05,0.00037249396,452.9,306.16,0.00047234928999467096,0.0011859220767928946,344,0
0.0004128849,21.643066,299.48,12,0.00043195838,0.0,4.039091e-05,0.00027376064,452.9,452.9,0.000844843279994671,0.0015920751579928945,345,0
0.0018837872,21.945587,301.64,12,0.0004128849,0.00043195838,0.0,6.0586368e-05,299.48,452.9,0.002728630479994671,0.0031033683979928947,346,0
0.0056221904,22.154816,299.48,12,0.0018837872,0.0004128849,0.00043195838,4.039091e-05,301.64,299.48,0.007918862499994671,0.008451798157992895,347,0
0.020609463,22.399963,299.48,12,0.0056221904,0.0018837872,0.0004128849,0.0,299.48,301.64,0.02811544059999467,0.029000674789992895,348,0
0.13098997,22.565216,299.48,12,0.020609463,0.0056221904,0.0018837872,0.00043195838,299.48,299.48,0.15722162339999468,0.1599502538799929,349,0
0.44353598,22.339844,299.48,12,0.13098997,0.020609463,0.0056221904,0.0004128849,299.48,299.48,0.5951354129999946,0.6034862338799929,350,0
0.14349432,22.664398,306.0,12,0.44353598,0.13098997,0.020609463,0.0018837872,299.48,299.48,0.7180202699999947,0.7465485954999929,351,0
0.13425715,21.78946,306.16,12,0.14349432,0.44353598,0.13098997,0.0056221904,306.0,299.48,0.7212874499999946,0.8803928605999929,352,0
0.05798789,20.402985,306.16,12,0.13425715,0.14349432,0.44353598,0.020609463,306.16,306.0,0.33573935999999466,0.9364969633999929,353,0
0.0045507094,18.910706,250.53,12,0.05798789,0.13425715,0.14349432,0.13098997,306.16,306.16,0.19679574939999467,0.9354254823999928,354,0
0.0,18.103912,250.53,12,0.0045507094,0.05798789,0.13425715,0.44353598,250.53,306.16,0.06253859939999468,0.9148160193999928,355,0
1.1219697e-06,17.895874,250.53,12,0.0,0.0045507094,0.05798789,0.14349432,250.53,250.53,0.004551831369694671,0.7838271713696929,356,0
0.0,18.160095,250.53,12,1.1219697e-06,0.0,0.0045507094,0.13425715,250.53,250.53,1.1219696946709295e-06,0.3402911913696929,357,0
8.751364e-05,18.66925,209.66,12,0.0,1.1219697e-06,0.0,0.05798789,250.53,250.53,8.863560969467094e-05,0.19688438500969288,358,0
9.5367424e-05,19.103638,209.66,12,8.751364e-05,0.0,1.1219697e-06,0.0045507094,209.66,250.53,0.00018288106399467092,0.06272260243369289,359,0
5.9464397e-05,19.094788,209.66,12,9.5367424e-05,8.751364e-05,0.0,0.0,209.66,209.66,0.00024234546099467092,0.0047941768306928945,360,0
1.1219697e-06,18.894531,209.66,12,5.9464397e-05,9.5367424e-05,8.751364e-05,1.1219697e-06,209.66,209.66,0.00015595379069467094,0.0002445894003928946,361,0
6.7318188e-06,19.035309,209.66,12,1.1219697e-06,5.9464397e-05,9.5367424e-05,0.0,209.66,209.66,6.731818549467093e-05,0.00025132121919289456,362,0
4.487879e-06,19.942688,209.66,12,6.7318188e-06,1.1219697e-06,5.9464397e-05,8.751364e-05,209.66,209.66,1.234166749467093e-05,0.00025468712849289457,363,0
0.00010770911,20.37088,209.66,12,4.487879e-06,6.7318188e-06,1.1219697e-06,9.5367424e-05,209.66,209.66,0.00011892880779467093,0.00036239623849289456,364,0
7.517198e-05,20.01886,452.9,12,0.00010770911,4.487879e-06,6.7318188e-06,5.9464397e-05,209.66,209.66,0.00018736896899467095,0.00035005457849289457,365,0
