date,rainfall_mm,temperature_C,discharge
2010-01-01,0.02254486,17.6203,186.74
2010-01-02,2.6927275e-05,16.891205,201.7
2010-01-03,1.1219697e-06,17.301025,203.13
2010-01-04,6.170834e-05,18.734985,205.31
2010-01-05,1.9073486e-05,18.316193,194.24
2010-01-06,0.0012577282,17.131592,190.66
2010-01-07,1.2341668e-05,17.364716,204.53
2010-01-08,0.007863886,18.989563,188.34
2010-01-09,0.009388643,20.977448,182.56
2010-01-10,0.08511487,21.38797,190.55
2010-01-11,0.013353685,21.371277,378.63
2010-01-12,0.30957726,21.876617,181.8
2010-01-13,6.283546,20.89746,185.98
2010-01-14,2.1846907,20.72226,189.33
2010-01-15,0.23249234,19.388214,181.8
2010-01-16,0.0089555625,18.780212,179.35
2010-01-17,0.004122117,18.450745,150.18
2010-01-18,0.0013127046,18.445496,145.99
2010-01-19,0.0006866455,18.174103,142.87
2010-01-20,0.00024346747,18.125153,233.86
2010-01-21,0.0003556644,18.299225,154.95
2010-01-22,0.00043083643,18.654816,148.52
2010-01-23,0.00029956596,18.983154,141.92
2010-01-24,9.200152e-05,19.375763,155.23
2010-01-25,0.00013575834,19.634918,189.03
2010-01-26,0.0,20.241058,185.34
2010-01-27,3.8146973e-05,20.00476,178.09
2010-01-28,0.00031751744,19.900421,173.62
2010-01-29,0.00031863942,20.05838,170.78
2010-01-30,4.487879e-06,19.976929,169.24
2010-01-31,0.0005340576,20.347412,163.33
2010-02-01,1.1219697e-06,20.77771,157.43
2010-02-02,0.0030876608,21.616333,154.93
2010-02-03,0.016682569,21.606506,159.77
2010-02-04,0.3703813,20.833038,166.82
2010-02-05,0.006167468,21.138184,160.54
2010-02-06,0.00041400688,21.265503,158.81
2010-02-07,0.00044990986,21.900604,154.93
2010-02-08,5.609849e-06,22.824463,153.8
2010-02-09,0.0016807107,23.246704,194.74
2010-02-10,0.025573056,22.779907,259.68
2010-02-11,0.0025120904,23.6044,360.59
2010-02-12,0.006627476,23.518158,400.07
2010-02-13,0.00048244704,24.134644,202.92
2010-02-14,0.106561325,24.774231,198.51
2010-02-15,1.3839363,24.93634,219.82
2010-02-16,1.2646866,24.727295,259.68
2010-02-17,0.400817,24.543488,261.32
2010-02-18,0.07107454,23.971832,222.42
2010-02-19,0.30105704,23.776367,319.2
2010-02-20,0.048501633,24.34311,219.8
2010-02-21,0.008791755,24.306519,264.27
2010-02-22,0.015032151,24.634827,219.82
2010-02-23,0.27179495,25.676361,193.36
2010-02-24,0.5078237,26.04129,221.46
2010-02-25,0.01707638,26.013,218.81
2010-02-26,0.038199704,25.656921,211.79
2010-02-27,0.0059486837,25.623596,200.52
2010-02-28,0.00010434319,26.367828,181.0
2010-03-01,2.2439394e-06,27.069397,176.88
2010-03-02,0.0,27.527771,172.65
2010-03-03,0.0,28.174744,121.33
2010-03-04,0.00011219697,28.602692,163.33
2010-03-05,0.004413829,28.720459,151.02
2010-03-06,0.0029709758,28.809753,160.83
2010-03-07,0.010980719,28.878723,173.99
2010-03-08,0.03509297,28.612915,169.24
2010-03-09,0.12686336,27.994812,180.24
2010-03-10,0.12342229,28.09375,181.63
2010-03-11,0.55240065,27.734283,272.53
2010-03-12,0.43963262,27.468506,189.03
2010-03-13,0.091007456,28.447388,181.63
2010-03-14,0.04291983,28.69281,181.39
2010-03-15,0.013713837,28.736359,185.34
2010-03-16,0.44822803,28.677277,306.42
2010-03-17,0.5616637,28.246216,302.42
2010-03-18,0.27655432,28.260132,264.27
2010-03-19,0.00013912425,29.048035,193.36
2010-03-20,0.0,29.384369,211.79
2010-03-21,6.731819e-05,29.735748,217.8
2010-03-22,0.0,30.33078,216.79
2010-03-23,0.0,30.760284,319.2
2010-03-24,3.4781064e-05,30.720795,302.14
2010-03-25,0.003414154,30.815918,217.02
2010-03-26,0.40394387,30.131744,217.34
2010-03-27,0.49820727,30.360962,200.53
2010-03-28,0.41533414,30.614868,220.63
2010-03-29,0.27941534,30.572784,265.09
2010-03-30,0.5882319,31.037659,259.68
2010-03-31,0.27502397,30.933289,400.07
2010-04-01,0.0022080366,31.049194,260.5
2010-04-02,0.004112019,31.183868,263.66
2010-04-03,0.0056558503,31.472198,237.94
2010-04-04,0.06825391,31.712097,220.05
2010-04-05,2.1317424e-05,31.6333,218.15
2010-04-06,4.487879e-05,31.79364,256.76
2010-04-07,0.0029676103,31.957214,219.04
2010-04-08,0.00020083258,31.845947,242.94
2010-04-09,1.1219697e-06,32.294464,193.36
2010-04-10,0.018432843,32.859955,188.47
2010-04-11,0.043991312,33.031006,193.36
2010-04-12,0.1553053,32.89749,211.79
2010-04-13,0.05990982,33.088043,209.77
2010-04-14,0.0817456,33.053375,204.54
2010-04-15,0.15347761,32.570343,288.47
2010-04-16,0.1727968,32.33841,241.88
2010-04-17,0.17150767,32.921204,188.47
2010-04-18,0.113467045,33.707184,189.03
2010-04-19,0.33115947,33.7865,169.24
2010-04-20,0.15195397,33.82312,176.88
2010-04-21,0.0682483,33.686035,180.24
2010-04-22,0.12576383,33.682434,176.88
2010-04-23,0.541604,32.88852,181.39
2010-04-24,0.32709682,32.398254,192.55
2010-04-25,0.2583627,32.130493,188.49
2010-04-26,0.63674814,31.97876,181.39
2010-04-27,0.3385712,32.348267,166.42
2010-04-28,1.05954,31.95935,181.63
2010-04-29,1.3362683,30.92102,218.15
2010-04-30,1.7534828,30.790619,214.74
2010-05-01,1.491457,30.78003,241.88
2010-05-02,0.12308008,30.960876,199.74
2010-05-03,1.0792823,30.233826,192.55
2010-05-04,1.9805571,29.960815,204.17
2010-05-05,1.6986858,29.959595,275.16
2010-05-06,1.5269425,29.216248,272.52
2010-05-07,1.3927358,29.987518,324.63
2010-05-08,0.25001973,31.146973,302.96
2010-05-09,0.0785693,32.99057,275.98
2010-05-10,0.07389068,33.62796,253.72
2010-05-11,0.058132622,33.77948,360.59
2010-05-12,0.08412866,33.97406,263.66
2010-05-13,0.41279063,33.70926,252.71
2010-05-14,1.6331147,32.961426,218.93
2010-05-15,0.23258547,32.918976,194.13
2010-05-16,0.4858926,33.398193,208.99
2010-05-17,0.1966712,33.31726,302.96
2010-05-18,0.23034152,32.507385,272.52
2010-05-19,1.7084805,31.42807,264.44
2010-05-20,6.466574,29.850464,263.44
2010-05-21,11.04594,27.218933,210.0
2010-05-22,11.4652405,27.732544,319.2
2010-05-23,11.229249,29.123169,318.37
2010-05-24,0.23173387,31.110138,306.42
2010-05-25,0.09586445,33.274048,372.51
2010-05-26,0.4865523,33.707336,370.84
2010-05-27,0.23906595,32.86145,303.42
2010-05-28,0.20651874,32.509277,419.01
2010-05-29,0.21875495,32.779358,400.07
2010-05-30,0.8079136,33.1127,307.25
2010-05-31,0.1321759,33.375183,359.76
2010-06-01,0.10312024,33.856262,370.99
2010-06-02,0.11594547,34.08835,318.37
2010-06-03,0.11779224,34.220093,400.07
2010-06-04,0.87873566,33.068634,319.2
2010-06-05,0.1293519,33.83029,339.71
2010-06-06,0.030398648,33.989807,1036.54
2010-06-07,0.23032357,33.931793,1043.94
2010-06-08,0.36416224,33.219666,1035.65
2010-06-09,1.4391787,31.739807,1115.76
2010-06-10,3.2923071,31.07257,796.65
2010-06-11,3.686179,31.049744,519.35
2010-06-12,5.7883296,30.220062,498.97
2010-06-13,6.5346518,29.775879,499.82
2010-06-14,4.9236517,29.12445,439.51
2010-06-15,2.1022222,30.182617,328.66
2010-06-16,4.5196857,29.84436,219.75
2010-06-17,4.374718,28.865784,220.56
2010-06-18,9.486862,28.537598,219.78
2010-06-19,18.496967,27.551544,200.55
2010-06-20,7.2657523,27.17926,211.79
2010-06-21,3.0334597,28.644592,192.17
2010-06-22,4.15391,30.50235,200.55
2010-06-23,8.070102,29.527344,379.47
2010-06-24,26.28783,27.753326,371.64
2010-06-25,24.413963,27.502075,458.5
2010-06-26,19.067877,27.450684,540.85
2010-06-27,8.719511,28.371796,599.2
2010-06-28,5.6028366,29.593567,519.35
2010-06-29,12.68951,29.368195,439.51
2010-06-30,13.05373,27.743195,958.25
2010-07-01,13.870377,27.699768,1235.47
2010-07-02,13.882996,26.937958,754.27
2010-07-03,6.157076,27.27179,578.99
2010-07-04,10.516018,27.438324,1044.84
2010-07-05,12.304404,27.013855,1262.05
2010-07-06,16.272978,26.41684,1228.72
2010-07-07,6.7991114,26.500854,1243.35
2010-07-08,2.1135767,27.198029,1434.47
2010-07-09,2.4500039,27.736267,1056.91
2010-07-10,6.574927,28.186646,1035.65
2010-07-11,15.772376,26.658325,1237.28
2010-07-12,23.34531,25.89978,1035.65
2010-07-13,15.750973,26.493958,907.6
2010-07-14,15.804201,26.660522,914.7
2010-07-15,8.898526,27.633087,4705.97
2010-07-16,4.3056736,28.146149,3643.74
2010-07-17,2.03446,28.405792,3082.0
2010-07-18,2.1689763,28.605743,2526.8
2010-07-19,4.785125,28.813812,2355.98
2010-07-20,7.6759553,28.312866,2314.92
2010-07-21,4.878771,27.847748,2393.18
2010-07-22,8.083926,27.746155,1749.55
2010-07-23,17.376814,27.640533,2192.87
2010-07-24,42.679104,26.089783,1980.11
2010-07-25,50.555965,25.309875,2317.69
2010-07-26,7.4639926,25.424255,3421.09
2010-07-27,9.776811,26.681885,11350.45
2010-07-28,7.6264563,26.975525,10721.35
2010-07-29,7.429978,27.515106,8246.67
2010-07-30,7.3813133,27.266937,4440.22
2010-07-31,7.996742,26.76654,5631.98
2010-08-01,12.310034,26.657135,13419.37
2010-08-02,21.488092,26.045288,12874.24
2010-08-03,17.600904,26.279755,12868.85
2010-08-04,20.248621,26.539246,10771.1
2010-08-05,30.810131,25.825867,10486.79
2010-08-06,10.682714,26.014374,13416.32
2010-08-07,1.7441143,26.157776,16180.89
2010-08-08,0.8900429,27.182251,22623.25
2010-08-09,1.6515182,27.935364,11938.22
2010-08-10,4.7901154,28.558105,8989.99
2010-08-11,8.807928,28.255432,15076.76
2010-08-12,6.804632,28.118378,11721.97
2010-08-13,6.6705637,28.077728,7174.84
2010-08-14,9.919413,27.915222,5123.27
2010-08-15,8.84756,27.13617,3247.87
2010-08-16,2.8268197,28.128082,3244.63
2010-08-17,3.8188396,28.146881,2939.6
2010-08-18,5.353435,28.187561,2939.61
2010-08-19,11.993666,27.421967,3661.82
2010-08-20,10.062103,26.480988,3427.21
2010-08-21,2.7271261,28.12201,2994.31
2010-08-22,3.1199467,27.925201,2994.71
2010-08-23,8.764444,28.216095,3427.21
2010-08-24,9.53015,27.733276,4181.32
2010-08-25,6.144809,27.391724,3863.52
2010-08-26,6.4520054,27.369537,3146.35
2010-08-27,9.799866,26.965271,2939.14
2010-08-28,10.512207,27.326813,3079.65
2010-08-29,15.307679,26.909119,3244.63
2010-08-30,11.511192,26.63855,3407.45
2010-08-31,3.989825,26.456665,3329.98
2010-09-01,7.349064,27.196167,3243.94
2010-09-02,12.071089,27.471436,2994.71
2010-09-03,6.769134,27.559998,3191.29
2010-09-04,5.684515,27.687744,3699.13
2010-09-05,11.73563,27.393097,3572.18
2010-09-06,14.5617895,27.043701,4121.44
2010-09-07,18.727682,26.3844,6288.81
2010-09-08,6.4345193,26.825134,6411.36
2010-09-09,4.070195,27.583557,5646.93
2010-09-10,4.151478,27.762451,9209.58
2010-09-11,6.2440343,27.629517,9310.58
2010-09-12,9.954598,26.920929,5466.28
2010-09-13,15.81271,26.508606,4491.55
2010-09-14,12.700995,26.332275,3695.68
2010-09-15,12.21253,26.41156,3427.21
2010-09-16,13.499182,26.303345,3500.0
2010-09-17,20.634382,25.838867,4219.45
2010-09-18,22.38245,25.050507,5571.6
2010-09-19,7.9059124,25.676788,12248.09
2010-09-20,3.842153,26.562805,18713.06
2010-09-21,3.1702378,27.319794,19302.73
2010-09-22,2.1366477,27.153687,16386.72
2010-09-23,1.5375834,27.293701,17540.96
2010-09-24,1.5079509,27.634644,14802.78
2010-09-25,0.456111,27.860504,10077.0
2010-09-26,1.569777,27.7388,6089.95
2010-09-27,2.1061134,27.877502,4872.69
2010-09-28,2.1164434,27.543945,3571.7
2010-09-29,1.5184357,26.912872,2317.38
2010-09-30,0.7445829,26.936249,1688.08
2010-10-01,1.7201178,26.802673,1718.36
2010-10-02,3.4841828,26.65158,1687.56
2010-10-03,1.4087238,27.318726,1588.13
2010-10-04,2.5100126,27.542053,1444.28
2010-10-05,9.240324,26.402405,1315.28
2010-10-06,11.467144,26.009552,1444.28
2010-10-07,18.915987,25.223602,1589.06
2010-10-08,3.9347606,25.958282,1687.27
2010-10-09,1.4906839,26.692932,1749.55
2010-10-10,0.8995146,27.2016,1687.56
2010-10-11,0.10240555,27.070068,1571.93
2010-10-12,0.11983086,26.581787,1261.26
2010-10-13,1.6174024,26.032654,1332.34
2010-10-14,12.105549,25.773682,1235.47
2010-10-15,17.176603,24.671875,1044.84
2010-10-16,3.0881712,25.751251,1044.84
2010-10-17,3.2881007,25.468567,1235.47
2010-10-18,1.1949449,26.307281,1043.94
2010-10-19,0.66676867,27.078918,907.6
2010-10-20,1.4886453,27.491638,2526.8
2010-10-21,5.743775,26.690216,1489.15
2010-10-22,12.169894,25.844025,1237.28
2010-10-23,4.743959,25.732239,1262.05
2010-10-24,3.1496542,25.833527,1315.24
2010-10-25,0.60705745,25.648132,1235.47
2010-10-26,0.7133069,24.726074,1055.41
2010-10-27,0.19782346,24.33496,1262.05
2010-10-28,0.10531033,23.885498,1056.91
2010-10-29,1.0447232,23.782837,893.07
2010-10-30,5.2198734,23.941467,787.65
2010-10-31,11.556763,22.613953,674.35
2010-11-01,9.636107,21.213684,602.65
2010-11-02,4.841097,22.009888,358.93
2010-11-03,1.0119416,23.928223,328.46
2010-11-04,0.3785728,24.174225,318.37
2010-11-05,0.022039978,23.301727,370.81
2010-11-06,0.16076706,23.169373,370.01
2010-11-07,5.7203145,24.26352,328.46
2010-11-08,9.209142,24.381104,370.01
2010-11-09,3.5274844,24.81488,379.01
2010-11-10,1.4726684,25.69458,379.47
2010-11-11,2.7858937,25.445618,400.07
2010-11-12,3.2840202,24.130554,403.98
2010-11-13,1.4767535,24.424286,559.02
2010-11-14,0.19819595,24.662994,559.02
2010-11-15,0.05212223,24.442383,611.9
2010-11-16,0.013052997,24.526642,449.38
2010-11-17,0.14315213,24.717834,787.65
2010-11-18,0.2009089,24.977814,612.73
2010-11-19,0.60086757,25.275208,578.99
2010-11-20,0.4905925,24.642944,458.6
2010-11-21,0.47125202,23.159668,404.79
2010-11-22,0.25807548,22.659912,498.97
2010-11-23,0.2309676,23.045685,328.46
2010-11-24,0.034515157,23.454346,400.07
2010-11-25,0.0017850538,23.932495,437.44
2010-11-26,0.0061046374,24.621765,370.01
2010-11-27,0.12560283,24.979523,458.6
2010-11-28,0.2373314,24.596893,379.47
2010-11-29,0.20391689,24.240906,436.6
2010-11-30,0.26288652,23.372375,358.6
2010-12-01,0.16976637,22.15506,458.6
2010-12-02,0.01969618,21.4357,380.36
2010-12-03,0.028903063,21.023956,459.39
2010-12-04,0.00059127813,20.524841,516.79
2010-12-05,4.6926174,20.048767,436.6
2010-12-06,20.785444,18.334778,380.36
2010-12-07,13.576232,20.587006,404.79
2010-12-08,21.693428,19.964111,459.41
2010-12-09,5.514466,21.053741,379.53
2010-12-10,1.8562362,21.659363,370.01
2010-12-11,0.18130246,21.573029,399.27
2010-12-12,0.38393134,21.5318,400.07
2010-12-13,1.2117094,20.374573,399.27
2010-12-14,0.24285148,19.477722,370.01
2010-12-15,6.1708335e-05,17.930359,436.6
2010-12-16,0.0,17.155853,399.27
2010-12-17,0.0,17.101807,358.93
2010-12-18,0.00013351442,17.093445,358.93
2010-12-19,0.000629425,17.354645,328.46
2010-12-20,1.45856075e-05,16.889587,309.54
2010-12-21,1.1219697e-06,16.739227,303.42
2010-12-22,0.00020644243,17.41504,272.52
2010-12-23,0.00033546897,18.35321,303.42
2010-12-24,0.00018849093,19.013184,264.445
2010-12-25,0.00010209925,19.276184,252.71
2010-12-26,0.0003556644,18.870148,272.58
2010-12-27,9.4245464e-05,18.591705,275.16
2010-12-28,0.00032873714,18.329468,264.44
2010-12-29,0.0061338088,18.62207,275.16
2010-12-30,0.0024683336,19.477234,273.75
2010-12-31,0.06587197,20.45694,275.16
2011-01-01,0.22698908,19.34967,303.42
2011-01-02,0.046254326,17.868805,273.75
2011-01-03,0.0051554516,17.12085,264.44
2011-01-04,2.2439394e-06,16.156738,273.75
2011-01-05,1.1219697e-06,15.779724,264.44
2011-01-06,0.00041849472,15.852905,303.42
2011-01-07,0.0002513212,16.129486,302.6
2011-01-08,0.009446985,17.1792,275.16
2011-01-09,0.004362218,18.062805,309.54
2011-01-10,0.0004162508,17.162292,302.6
2011-01-11,0.0,16.35498,275.16
2011-01-12,7.853789e-06,17.744202,309.54
2011-01-13,8.975758e-06,19.032166,399.27
2011-01-14,6.283031e-05,19.990906,370.01
2011-01-15,0.00014585607,21.00116,358.93
2011-01-16,2.2439394e-06,19.882599,459.41
2011-01-17,0.0015023176,17.908356,398.44
2011-01-18,3.8146973e-05,18.834015,458.57
2011-01-19,0.0064877905,19.876892,379.53
2011-01-20,0.054006018,19.250427,370.01
2011-01-21,0.05383211,18.69751,358.93
2011-01-22,0.0012711918,19.487183,358.1
2011-01-23,0.00095255236,20.694153,328.46
2011-01-24,0.002979952,21.464111,327.63
2011-01-25,2.1317426e-05,21.89444,358.93
2011-01-26,0.03697676,22.093567,358.13
2011-01-27,0.002525554,21.877014,309.54
2011-01-28,0.0044890014,21.64383,302.6
2011-01-29,0.031594668,22.066345,273.75
2011-01-30,0.14356838,22.610779,193.36
2011-01-31,0.022968965,22.121399,264.44
2011-02-01,0.012417962,21.313293,272.52
2011-02-02,0.00065410836,20.860748,219.78
2011-02-03,0.0025457493,20.82129,194.24
2011-02-04,0.0015943191,21.072632,200.55
2011-02-05,0.001079335,21.41513,190.66
2011-02-06,0.0007663053,22.090942,201.36
2011-02-07,7.6293945e-05,23.169647,272.52
2011-02-08,0.0,23.579163,302.6
2011-02-09,0.00018400305,23.559692,271.73
2011-02-10,3.3659094e-06,23.625702,220.68
2011-02-11,0.0016190025,23.5607,217.34
2011-02-12,0.00015819774,23.787811,211.79
2011-02-13,0.00023897957,24.40506,199.73
2011-02-14,0.0,25.071167,194.24
2011-02-15,1.5707577e-05,25.2052,190.66
2011-02-16,0.0068776747,23.957825,358.93
2011-02-17,0.10734109,23.4953,217.34
2011-02-18,0.8007487,23.49405,191.68
2011-02-19,3.8177278,22.671204,220.68
2011-02-20,10.969702,20.944,211.79
2011-02-21,10.863081,20.334015,190.66
2011-02-22,0.009376302,21.505127,217.34
2011-02-23,0.00193091,22.066559,217.34
2011-02-24,0.0027802412,22.520447,272.52
2011-02-25,0.19322452,23.169678,216.56
2011-02-26,0.17720278,23.205505,216.56
2011-02-27,0.07294262,23.586334,216.56
2011-02-28,0.00011444091,23.412903,216.56
2011-03-01,0.0013306561,23.862122,211.79
2011-03-02,0.0015763676,24.645813,191.21
2011-03-03,0.00091664935,25.835236,191.21
2011-03-04,0.16284157,26.795074,190.4
2011-03-05,0.104745984,27.086456,187.8
2011-03-06,0.009850894,27.529968,183.52
2011-03-07,0.00038371366,27.207672,184.31
2011-03-08,0.00040503108,27.144775,191.63
2011-03-09,0.0041568982,27.682678,180.24
2011-03-10,0.18676198,27.46103,192.06
2011-03-11,0.56745076,26.65918,211.01
2011-03-12,0.008659363,26.06958,187.8
2011-03-13,0.007582272,26.105316,163.33
2011-03-14,0.008531459,26.303345,190.77
2011-03-15,1.0410298,26.100708,210.24
2011-03-16,0.00579273,26.05127,264.44
2011-03-17,0.0006731819,27.08075,358.93
2011-03-18,0.0023269653,28.005493,190.83
2011-03-19,1.7951515e-05,29.041504,265.87
2011-03-20,0.0001222947,29.337189,217.34
2011-03-21,8.751364e-05,29.12439,216.56
2011-03-22,0.0037698187,29.155579,272.52
2011-03-23,0.029103896,29.32666,195.03
2011-03-24,1.8472246,27.523315,196.03
2011-03-25,0.39785612,27.001373,217.34
2011-03-26,0.3188739,27.676605,252.71
2011-03-27,0.10230905,28.052979,220.68
2011-03-28,0.082619615,28.45868,209.46
2011-03-29,0.04621169,29.165466,196.03
2011-03-30,0.12001151,29.015778,217.34
2011-03-31,0.073073894,28.821411,210.27
2011-04-01,0.16517416,29.043732,252.71
2011-04-02,0.05828633,29.237305,272.52
2011-04-03,0.10501525,29.605652,252.71
2011-04-04,3.6042695,28.085236,358.93
2011-04-05,3.9317636,25.828125,220.68
2011-04-06,0.06728004,27.443512,252.71
2011-04-07,0.009599573,28.623657,251.89
2011-04-08,1.3904964,28.946411,252.71
2011-04-09,1.4924756,27.275787,302.6
2011-04-10,0.30440387,28.302856,272.52
2011-04-11,0.06677515,29.252777,272.52
2011-04-12,0.0969135,29.926056,358.1
2011-04-13,1.7270076,28.720398,320.02
2011-04-14,1.449253,28.016022,379.53
2011-04-15,1.1622417,28.75763,404.79
2011-04-16,1.3012348,29.00232,380.36
2011-04-17,0.8425443,30.18106,379.53
2011-04-18,0.9906993,30.253296,320.02
2011-04-19,2.001455,28.317505,220.68
2011-04-20,2.424193,28.246094,210.27
2011-04-21,8.955687,27.294312,398.44
2011-04-22,6.362872,25.938019,370.01
2011-04-23,1.1392548,27.913757,303.42
2011-04-24,1.6971791,28.35025,273.52
2011-04-25,3.0775566,27.86615,209.46
2011-04-26,2.049242,27.483765,378.5
2011-04-27,2.7191103,27.062042,358.1
2011-04-28,1.3267361,28.374268,379.53
2011-04-29,0.6181661,29.134491,370.01
2011-04-30,1.1251808,29.532166,327.63
2011-05-01,0.6436808,29.831543,273.52
2011-05-02,0.99362653,30.620728,397.6
2011-05-03,0.29425788,31.487305,436.6
2011-05-04,1.2560384,31.320435,404.79
2011-05-05,2.1136296,30.897827,302.6
2011-05-06,1.005267,30.51654,377.43
2011-05-07,3.6200109,30.05716,217.34
2011-05-08,0.5481967,30.392365,199.73
2011-05-09,0.18683715,31.740875,196.03
2011-05-10,0.20023121,32.609497,190.83
2011-05-11,0.0994514,33.016357,327.63
2011-05-12,0.117586926,32.76367,320.02
2011-05-13,0.18428355,32.503876,302.6
2011-05-14,0.5466629,31.93689,273.34
2011-05-15,0.55978215,32.11551,265.37
2011-05-16,1.4679011,31.885529,319.2
2011-05-17,0.7490068,31.83136,273.52
2011-05-18,1.5084369,31.749054,397.6
2011-05-19,2.4228566,30.80722,274.35
2011-05-20,0.34325546,30.21637,252.71
2011-05-21,0.07064146,31.205566,275.17
2011-05-22,0.24353926,31.726196,320.02
2011-05-23,0.12641458,31.7258,358.93
2011-05-24,0.61927116,31.76294,309.54
2011-05-25,0.68493897,32.127594,273.52
2011-05-26,1.7904091,30.664398,272.53
2011-05-27,1.1370636,30.433289,328.66
2011-05-28,1.2379097,30.850891,309.54
2011-05-29,0.67910135,31.463135,273.1
2011-05-30,0.59181327,31.440521,271.3
2011-05-31,1.3209814,30.942017,252.71
2011-06-01,0.92050326,30.994812,251.15
2011-06-02,1.822585,30.77008,358.93
2011-06-03,2.5231912,30.418762,273.35
2011-06-04,2.2849398,30.251038,210.27
2011-06-05,3.6018293,30.2211,199.73
2011-06-06,3.7255893,30.480927,264.07
2011-06-07,4.6812425,30.041504,358.93
2011-06-08,5.334991,29.063507,328.66
2011-06-09,1.2643151,30.420776,436.6
2011-06-10,2.1582358,30.166077,404.79
2011-06-11,3.5142283,29.634155,456.98
2011-06-12,9.015744,29.660889,405.63
2011-06-13,11.46801,29.377014,522.03
2011-06-14,16.092157,28.828003,498.97
2011-06-15,29.75984,27.463318,407.31
2011-06-16,29.16229,26.584015,483.47
2011-06-17,27.7664,26.819641,578.99
2011-06-18,27.352943,27.08496,523.66
2011-06-19,30.710527,26.816803,612.73
2011-06-20,29.640818,26.570099,856.07
2011-06-21,10.364259,27.086548,1262.05
2011-06-22,4.0573287,27.587402,1262.05
2011-06-23,2.4579475,28.83548,1085.06
2011-06-24,1.0910505,29.06305,795.81
2011-06-25,4.8154035,26.75299,856.91
2011-06-26,9.623032,26.020203,407.31
2011-06-27,17.482798,25.950684,377.46
2011-06-28,13.54439,26.528137,275.4
2011-06-29,5.2522125,27.2099,516.17
2011-06-30,2.0803125,27.740692,652.97
2011-07-01,1.8740441,28.32315,483.47
2011-07-02,1.8708925,27.944489,435.76
2011-07-03,6.4448466,27.487701,516.17
2011-07-04,14.948421,26.2529,456.98
2011-07-05,15.732322,25.94046,407.31
2011-07-06,7.775227,26.25354,559.02
2011-07-07,10.437131,26.194702,651.24
2011-07-08,6.9151,27.123413,524.51
2011-07-09,7.006642,27.705719,710.93
2011-07-10,2.2498019,28.575378,907.6
2011-07-11,6.0544386,28.487213,818.12
2011-07-12,12.289583,27.734863,754.27
2011-07-13,5.430037,27.745728,856.96
2011-07-14,7.005759,27.750214,925.26
2011-07-15,12.801564,27.575256,893.07
2011-07-16,18.014565,27.055847,820.784
2011-07-17,16.623798,26.798523,909.36
2011-07-18,10.11835,27.083618,1035.65
2011-07-19,8.783374,27.346008,1262.05
2011-07-20,14.682736,26.194153,1771.94
2011-07-21,28.857735,24.725708,2117.41
2011-07-22,20.861343,24.177979,2047.63
2011-07-23,2.3087873,25.327332,1812.16
2011-07-24,5.026411,26.646057,2168.73
2011-07-25,3.7923658,27.322327,2831.22
2011-07-26,1.5058405,27.906189,2360.52
2011-07-27,2.5990362,28.41925,2166.14
2011-07-28,5.6104994,28.518982,1459.91
2011-07-29,6.39171,28.094543,1459.46
2011-07-30,4.38498,28.377777,1771.94
2011-07-31,6.7684727,28.57306,2130.22
2011-08-01,5.3858747,27.944122,1564.65
2011-08-02,12.685836,27.4711,1326.32
2011-08-03,17.164457,26.628174,1325.87
2011-08-04,8.908022,26.872955,1247.84
2011-08-05,16.859974,26.912842,1497.84
2011-08-06,21.303595,26.386902,1460.18
2011-08-07,14.588801,26.477356,1325.61
2011-08-08,17.440178,26.298706,1771.94
2011-08-09,12.8485155,26.085022,1812.44
2011-08-10,14.632563,26.442322,1478.54
2011-08-11,31.973537,25.929993,1250.0
2011-08-12,20.07493,25.662598,1326.14
2011-08-13,13.021428,25.874542,1341.92
2011-08-14,10.417991,26.357452,1854.0
2011-08-15,10.92763,26.743286,8154.0
2011-08-16,15.030516,26.497864,9968.31
2011-08-17,14.88011,26.243286,5825.7
2011-08-18,20.330984,25.691833,3451.97
2011-08-19,16.700277,25.568176,3603.22
2011-08-20,5.6296883,26.790771,3359.51
2011-08-21,2.471723,27.571075,3355.32
2011-08-22,7.142395,27.463013,3198.82
2011-08-23,11.159947,27.126099,8861.7
2011-08-24,12.594655,26.812866,4213.43
2011-08-25,16.327913,26.527222,4581.85
2011-08-26,18.640867,25.899841,3108.99
2011-08-27,13.314128,25.79422,2438.4
2011-08-28,10.605091,26.340637,3513.94
2011-08-29,12.104846,26.510834,4803.32
2011-08-30,13.521597,26.158691,10742.97
2011-08-31,18.740417,26.096924,10758.61
2011-09-01,30.576159,25.506409,12297.0
2011-09-02,15.965313,25.624878,13040.89
2011-09-03,21.034237,25.762268,14313.24
2011-09-04,21.692554,26.228058,13955.0
2011-09-05,28.641008,26.203064,15506.0
2011-09-06,33.013527,25.431396,18580.08
2011-09-07,29.274223,25.283264,16937.33
2011-09-08,28.30544,25.480225,21222.49
2011-09-09,23.394312,24.959015,27320.11
2011-09-10,7.848708,26.117981,35869.52
2011-09-11,4.468763,26.745636,38832.18
2011-09-12,5.4582863,27.541931,35869.52
2011-09-13,9.402082,27.274445,27075.61
2011-09-14,13.353465,26.537231,15503.06
2011-09-15,14.204459,26.072632,13013.16
2011-09-16,11.265028,26.667908,12305.5
2011-09-17,14.856078,26.397705,15784.14
2011-09-18,11.883754,26.031403,13973.62
2011-09-19,11.217943,26.366943,10742.97
2011-09-20,12.480779,26.285278,13019.0
2011-09-21,23.198496,25.840515,14552.34
2011-09-22,23.795973,25.636597,16259.53
2011-09-23,20.623646,25.66571,13013.16
2011-09-24,6.7925296,25.907867,12793.94
2011-09-25,1.4451352,27.07666,15510.76
2011-09-26,0.6928478,27.236023,12297.1
2011-09-27,0.06534577,27.39325,10396.7
2011-09-28,0.08376066,27.309845,6804.31
2011-09-29,0.15077142,27.198517,5745.12
2011-09-30,0.0609914,27.059753,4976.73
2011-10-01,0.0033737628,26.8479,5722.0
2011-10-02,0.016185535,26.71936,5522.0
2011-10-03,0.05905488,26.729553,5768.0
2011-10-04,0.0958308,26.79892,5563.0
2011-10-05,0.3546479,27.006409,5466.0
2011-10-06,1.7196083,26.580627,5438.0
2011-10-07,4.5584373,26.178772,3982.0
2011-10-08,2.5333483,26.558899,5370.0
2011-10-09,4.3557944,26.697845,3974.0
2011-10-10,3.4904685,26.629456,3967.0
2011-10-11,0.6309891,27.504211,5300.0
2011-10-12,0.7581778,27.670929,5366.0
2011-10-13,1.0305113,27.344238,3974.0
2011-10-14,0.5192251,27.046265,5286.0
2011-10-15,0.083173856,26.773376,5286.0
2011-10-16,0.0366828,26.470154,5286.0
2011-10-17,0.4081715,25.876831,3967.0
2011-10-18,1.3127159,25.405304,3959.0
2011-10-19,0.65059215,25.770447,3967.0
2011-10-20,4.263712,25.775879,3941.0
2011-10-21,5.0534525,25.341125,3959.0
2011-10-22,1.5127627,25.157074,3950.0
2011-10-23,0.13126485,25.288544,3974.0
2011-10-24,0.05599751,25.134308,5300.0
2011-10-25,0.13651791,25.046509,3959.0
2011-10-26,0.05400826,24.967987,3941.0
2011-10-27,0.00082464784,24.641113,3846.0
2011-10-28,0.00010097729,24.138916,3723.0
2011-10-29,0.00021878412,23.647491,3723.0
2011-10-30,0.00032424927,23.523987,3812.0
2011-10-31,0.0046471986,23.834839,3777.0
2011-11-01,0.05257326,23.776245,359.55
2011-11-02,0.026352827,23.283478,382.09
2011-11-03,0.00050937425,23.128052,453.96
2011-11-04,3.7025e-05,23.337128,484.8
2011-11-05,1.6829548e-05,23.640564,381.44
2011-11-06,6.7318188e-06,23.948639,300.75
2011-11-07,0.00018736895,23.809479,284.66
2011-11-08,0.0037204518,23.005554,338.09
2011-11-09,0.00091664924,22.6893,314.02
2011-11-10,0.0010355781,22.83545,291.4
2011-11-11,0.0004420561,23.314148,300.12
2011-11-12,5.609849e-06,23.825775,240.68
2011-11-13,0.028238857,24.120636,209.97
2011-11-14,0.11212629,23.77774,285.44
2011-11-15,0.047825083,23.146729,300.12
2011-11-16,0.01772039,22.577148,382.09
2011-11-17,0.00026478485,22.512573,381.13
2011-11-18,0.00013014849,22.693542,405.76
2011-11-19,1.1219698e-05,22.7854,404.51
2011-11-20,0.010911156,22.391846,625.83
2011-11-21,0.023572586,22.114838,591.67
2011-11-22,0.01344793,22.133911,494.61
2011-11-23,0.0075688083,22.17276,428.9
2011-11-24,0.00034781065,22.355011,355.09
2011-11-25,0.00056322885,22.56189,355.74
2011-11-26,0.000742744,22.968811,453.96
2011-11-27,0.002337063,23.09021,487.38
2011-11-28,0.055792198,22.516174,493.79
2011-11-29,0.040283203,21.686829,405.16
2011-11-30,0.08978563,21.089783,405.16
2011-12-01,0.2623199,21.043396,338.09
2011-12-02,0.1461074,21.144897,428.9
2011-12-03,0.06303899,21.352112,381.13
2011-12-04,0.0056670695,21.99356,454.41
2011-12-05,0.0063099577,22.04242,541.68
2011-12-06,0.0012891432,21.628479,454.41
2011-12-07,0.0007573296,21.125519,359.55
2011-12-08,5.385455e-05,21.17331,348.62
2011-12-09,8.8635614e-05,21.289246,375.44
2011-12-10,0.00010770911,21.833618,455.27
2011-12-11,0.010803447,21.496399,429.87
2011-12-12,0.035954643,21.015808,381.13
2011-12-13,0.0036677192,20.333466,455.27
2011-12-14,0.021324158,19.73938,359.55
2011-12-15,0.02170675,19.384308,300.12
2011-12-16,0.0037238179,19.019897,314.02
2011-12-17,0.00070459704,18.762817,284.66
2011-12-18,2.1317426e-05,18.612,250.72
2011-12-19,9.200152e-05,18.558868,260.08
2011-12-20,2.6927275e-05,18.331787,338.09
2011-12-21,6.7318188e-06,18.101257,337.75
2011-12-22,5.1610605e-05,18.281738,300.12
2011-12-23,7.853789e-06,18.6922,285.29
2011-12-24,0.0,18.49945,207.85
2011-12-25,6.1708335e-05,17.710236,240.68
2011-12-26,0.0024346747,17.783875,455.27
2011-12-27,0.04845002,18.348145,428.9
2011-12-28,0.84645885,19.907898,380.48
2011-12-29,0.4423433,21.746735,359.55
2011-12-30,0.9404833,22.932648,336.82
2011-12-31,7.9243855,22.066803,250.72
2012-01-01,15.382369,21.262238,285.29
2012-01-02,1.7210636,21.468628,291.4
2012-01-03,0.7538156,21.294312,493.79
2012-01-04,0.46108696,21.603455,428.9
2012-01-05,0.52956975,22.616974,380.48
2012-01-06,1.0547234,22.37323,207.9
2012-01-07,4.659666,21.622986,240.68
2012-01-08,5.1641164,21.285645,404.19
2012-01-09,4.5549955,19.566101,454.61
2012-01-10,6.4964175,17.417145,430.21
2012-01-11,0.30740628,16.474762,428.9
2012-01-12,6.844016e-05,16.189514,457.54
2012-01-13,0.0,14.914246,487.38
2012-01-14,0.0,15.15979,524.21
2012-01-15,1.5707577e-05,16.607483,488.04
2012-01-16,8.975759e-06,18.643524,336.82
2012-01-17,3.0293184e-05,19.893005,428.9
2012-01-18,0.0033210309,20.405365,430.21
2012-01-19,0.049825557,20.911682,405.16
2012-01-20,0.040349398,20.096954,348.62
2012-01-21,0.021614749,17.647278,209.97
2012-01-22,0.006388496,17.646484,300.12
2012-01-23,0.00089196593,19.309021,487.38
2012-01-24,0.0024256988,20.128723,299.48
2012-01-25,0.055140328,21.02716,291.4
2012-01-26,1.6486773,20.493347,207.9
2012-01-27,0.6796613,20.27771,191.24
2012-01-28,3.53944,20.254791,185.65
2012-01-29,2.6189668,19.119568,168.78
2012-01-30,0.48254353,19.81662,291.4
2012-01-31,0.289126,20.423676,207.9
2012-02-01,0.069111094,19.795319,191.24
2012-02-02,6.7318188e-06,18.789612,173.58
2012-02-03,3.3659094e-06,19.098602,177.23
2012-02-04,0.00022327199,20.445526,182.86
2012-02-05,3.4781064e-05,21.756653,177.23
2012-02-06,3.3659094e-06,22.746826,182.86
2012-02-07,0.0,23.032745,177.23
2012-02-08,0.00026254094,22.965027,162.78
2012-02-09,0.0011848,20.700745,166.93
2012-02-10,0.063080505,19.723022,164.49
2012-02-11,0.11757009,19.980835,162.78
2012-02-12,0.06743711,21.282501,155.16
2012-02-13,0.06766488,23.235168,163.37
2012-02-14,0.7473026,24.59909,166.93
2012-02-15,3.9249692,24.037292,173.25
2012-02-16,2.5163493,23.045654,178.5
2012-02-17,0.20119947,23.346954,188.09
2012-02-18,0.008399066,24.268616,184.32
2012-02-19,0.0090531735,23.566284,182.86
2012-02-20,0.0006855235,23.517822,184.32
2012-02-21,5.1610612e-05,24.830261,188.09
2012-02-22,1.6829546e-05,25.736115,207.9
2012-02-23,0.0,25.842072,191.24
2012-02-24,0.0,26.316193,190.43
2012-02-25,0.0,26.330933,184.32
2012-02-26,0.0,26.201385,181.34
2012-02-27,0.0,25.555786,178.5
2012-02-28,0.007470075,26.06253,173.25
2012-02-29,0.005780388,25.203674,164.49
2012-03-01,0.050064538,25.349182,145.78
2012-03-02,0.08183086,25.470459,137.65
2012-03-03,0.042103037,25.412598,129.88
2012-03-04,0.01519147,25.957214,149.32
2012-03-05,0.0045170505,26.880127,145.78
2012-03-06,0.00010546516,27.534973,166.93
2012-03-07,8.975758e-06,27.047974,163.37
2012-03-08,0.001070359,26.392029,182.86
2012-03-09,0.004063775,25.69217,182.86
2012-03-10,0.0070437263,25.449463,186.09
2012-03-11,0.013591542,26.02237,188.76
2012-03-12,0.013557883,26.858643,166.93
2012-03-13,0.09712219,26.744995,166.93
2012-03-14,0.026194628,25.72342,173.25
2012-03-15,0.0067295744,25.613403,184.32
2012-03-16,0.020574683,26.708496,150.82
2012-03-17,0.0049983757,27.9263,149.32
2012-03-18,0.0013889987,28.451202,164.49
2012-03-19,0.009007174,28.756042,181.34
2012-03-20,0.004716761,29.018219,184.32
2012-03-21,0.0005161061,29.57669,184.32
2012-03-22,0.00050488644,28.995636,182.86
2012-03-23,0.0027622895,27.789124,183.71
2012-03-24,0.0010793349,27.998413,177.23
2012-03-25,0.00020868637,28.363617,173.58
2012-03-26,9.9855315e-05,28.718689,171.43
2012-03-27,8.975759e-06,29.252197,166.93
2012-03-28,0.0,29.684753,149.37
2012-03-29,0.00043869021,29.853638,155.16
2012-03-30,0.55126137,29.44751,163.37
2012-03-31,1.1591754,28.259796,168.77
2012-04-01,0.64580023,28.584991,160.77
2012-04-02,0.18176809,29.622314,173.58
2012-04-03,0.14766021,30.284332,178.5
2012-04-04,0.5439545,30.2818,181.34
2012-04-05,1.2422628,28.854767,171.43
2012-04-06,0.3650026,29.087769,160.77
2012-04-07,0.5317026,29.22876,137.65
2012-04-08,0.5843757,29.936462,141.63
2012-04-09,1.1242406,30.381592,129.88
2012-04-10,1.9068877,29.712982,126.84
2012-04-11,1.9470439,29.659485,150.32
2012-04-12,0.88630563,30.114075,149.32
2012-04-13,0.68708247,29.3042,14.785
2012-04-14,0.2842084,29.729034,150.82
2012-04-15,0.32983556,30.22229,141.63
2012-04-16,0.11257733,30.692719,137.65
2012-04-17,0.28129354,31.257874,141.63
2012-04-18,0.41215447,31.81662,145.73
2012-04-19,0.116156414,32.049805,144.31
2012-04-20,0.14520532,32.22641,140.87
2012-04-21,0.08808136,31.673645,137.65
2012-04-22,0.84329265,31.371368,145.78
2012-04-23,0.4009101,30.455933,164.49
2012-04-24,1.1242328,30.980469,177.23
2012-04-25,1.0350327,30.486969,181.7
2012-04-26,1.8141645,30.172394,184.32
2012-04-27,1.2675152,30.310242,177.23
2012-04-28,0.99262244,30.880646,171.43
2012-04-29,0.8428518,30.663239,170.64
2012-04-30,0.48253676,31.1633,178.5
2012-05-01,0.5729114,31.53653,6405.0
2012-05-02,0.1777402,31.595917,6405.0
2012-05-03,1.0422359,30.972412,6491.0
2012-05-04,6.1456213,28.894714,6642.0
2012-05-05,0.9571266,29.096802,6621.0
2012-05-06,1.0717325,29.35611,6767.0
2012-05-07,0.050208144,30.968994,7343.0
2012-05-08,0.22759157,31.829956,10292.0
2012-05-09,1.0942807,30.844574,8561.0
2012-05-10,1.0743971,30.46997,6885.0
2012-05-11,0.44417322,31.363922,6885.0
2012-05-12,1.7018294,30.946167,6767.0
2012-05-13,0.748723,31.723755,6928.0
2012-05-14,0.79634386,32.54886,7343.0
2012-05-15,0.22196938,32.462585,8501.0
2012-05-16,0.09634803,32.880432,8855.0
2012-05-17,0.079196475,33.67276,8855.0
2012-05-18,0.1509902,33.684998,10292.0
2012-05-19,0.25084665,33.435364,10292.0
2012-05-20,0.2213624,32.86664,10578.0
2012-05-21,0.088012934,33.212402,10292.0
2012-05-22,0.12211967,33.68518,10076.0
2012-05-23,0.18643099,33.804077,8501.0
2012-05-24,0.05648557,34.409485,7449.0
2012-05-25,0.036606506,34.44751,7348.0
2012-05-26,0.13208166,34.43756,6886.0
2012-05-27,0.2066287,34.207764,6852.0
2012-05-28,0.4050019,34.29669,6928.0
2012-05-29,0.20960864,34.11905,6950.0
2012-05-30,0.048846077,34.271606,3712.0
2012-05-31,0.063822135,34.555878,6690.0
2012-06-01,0.05883834,34.655792,187.14
2012-06-02,0.11749043,34.858246,170.64
2012-06-03,0.34119776,34.511993,195.58
2012-06-04,0.02578062,35.03174,199.2
2012-06-05,0.0069707986,35.738953,207.9
2012-06-06,0.41339538,34.92633,207.27
2012-06-07,0.6511195,33.48755,203.64
2012-06-08,1.1898737,33.41992,203.64
2012-06-09,0.9554762,33.79065,196.76
2012-06-10,1.3493224,32.56299,196.14
2012-06-11,0.73191696,32.398712,203.64
2012-06-12,1.3832787,32.849182,203.64
2012-06-13,1.4331157,31.754578,199.2
2012-06-14,0.60458803,31.551697,199.2
2012-06-15,1.6887654,31.841309,199.2
2012-06-16,8.929083,30.028809,199.2
2012-06-17,13.946546,27.204773,207.9
2012-06-18,21.04611,27.901367,375.44
2012-06-19,20.759043,26.81491,469.34
2012-06-20,25.908003,26.509216,359.55
2012-06-21,39.799816,25.347107,524.21
2012-06-22,26.56326,25.551758,348.62
2012-06-23,16.661003,26.23285,465.16
2012-06-24,9.062396,27.393005,3536.39
2012-06-25,1.9689649,28.91449,5473.7
2012-06-26,1.9111768,28.159363,3837.72
2012-06-27,0.8793786,29.638062,2471.72
2012-06-28,0.6826221,30.06247,1545.56
2012-06-29,1.5118678,29.97876,1365.56
2012-06-30,3.041042,30.2565,1212.62
2012-07-01,14.335626,27.983673,984.94
2012-07-02,23.46074,27.4151,970.26
2012-07-03,19.81444,26.860352,974.42
2012-07-04,9.381997,27.591156,1225.14
2012-07-05,15.003861,27.471893,1341.92
2012-07-06,13.149007,26.105469,1979.66
2012-07-07,12.085622,26.053009,3729.09
2012-07-08,16.385284,26.044128,3648.67
2012-07-09,19.720072,26.017395,2682.61
2012-07-10,4.610233,27.32428,1945.31
2012-07-11,5.8863945,28.236786,2047.63
2012-07-12,7.5462136,27.88507,1945.03
2012-07-13,14.394073,27.537964,1771.94
2012-07-14,15.526623,27.325378,1851.08
2012-07-15,15.194028,26.850769,1772.51
2012-07-16,9.150464,26.856812,1943.37
2012-07-17,12.447659,27.000061,1634.92
2012-07-18,13.670127,26.883545,1478.53
2012-07-19,16.85816,25.848022,2130.2
2012-07-20,23.252653,25.73523,2776.19
2012-07-21,26.135334,25.925049,2435.4
2012-07-22,11.047254,26.399841,3355.32
2012-07-23,3.1193385,26.393494,4614.52
2012-07-24,11.406667,26.001709,4581.38
2012-07-25,22.458878,25.770142,3451.97
2012-07-26,18.48533,25.727905,3355.32
2012-07-27,8.188285,25.88269,3641.49
2012-07-28,7.043613,25.949463,3537.72
2012-07-29,9.863095,25.465118,5335.69
2012-07-30,26.757397,24.247131,8560.48
2012-07-31,12.835508,24.365784,4246.55
2012-08-01,4.9739647,25.487305,4297.68
2012-08-02,24.961657,25.832794,12128.65
2012-08-03,37.79825,25.200256,11817.03
2012-08-04,32.430798,25.15149,10396.7
2012-08-05,27.771856,25.379974,17480.35
2012-08-06,8.377469,25.967896,19051.44
2012-08-07,1.3341511,26.9982,19731.25
2012-08-08,9.874143,26.965332,19779.23
2012-08-09,16.62526,26.348846,17586.11
2012-08-10,22.19697,25.742462,14525.38
2012-08-11,19.712015,25.833252,14520.6
2012-08-12,4.4256067,26.469604,13973.62
2012-08-13,9.524014,26.546844,16104.93
2012-08-14,7.784146,26.845886,16063.94
2012-08-15,11.732196,26.449036,15813.2
2012-08-16,16.96262,26.626556,10742.97
2012-08-17,27.198143,26.1333,9794.54
2012-08-18,29.501383,25.90863,15807.37
2012-08-19,4.805217,26.368103,19814.32
2012-08-20,5.8196216,26.591858,18486.88
2012-08-21,14.78554,25.963623,17291.28
2012-08-22,4.6554127,26.484558,11859.13
2012-08-23,2.6887064,27.563232,9968.31
2012-08-24,10.303778,27.271057,10775.16
2012-08-25,23.827694,26.603912,10766.72
2012-08-26,14.731544,26.054016,12246.76
2012-08-27,5.1143413,26.855713,12119.69
2012-08-28,4.7796006,27.636902,14518.6
2012-08-29,7.960683,27.696472,10887.87
2012-08-30,5.998534,27.199615,8154.1
2012-08-31,5.0877633,27.15747,5638.56
2012-09-01,6.219849,27.681213,4614.52
2012-09-02,15.684579,27.038239,3573.88
2012-09-03,16.2751,26.85495,3355.32
2012-09-04,19.469252,25.95874,3355.32
2012-09-05,14.542605,25.826477,5868.35
2012-09-06,11.4964695,26.20465,6521.68
2012-09-07,8.651586,26.419678,8812.11
2012-09-08,9.851729,27.361694,8154.1
2012-09-09,18.779669,25.815857,16432.96
2012-09-10,9.799404,26.055328,17480.35
2012-09-11,7.0206094,26.327454,14031.43
2012-09-12,10.359467,26.306793,11006.56
2012-09-13,11.977748,25.990173,11059.13
2012-09-14,8.173164,26.57843,12241.67
2012-09-15,9.908483,26.53888,14552.34
2012-09-16,14.3578205,26.301819,9794.64
2012-09-17,10.976404,26.455566,5868.35
2012-09-18,10.520726,26.644989,8154.1
2012-09-19,7.268016,27.250732,8805.8
2012-09-20,7.952651,26.884949,11859.13
2012-09-21,8.046574,26.624268,10719.55
2012-09-22,11.433711,26.485992,8805.8
2012-09-23,4.5140567,26.951355,12119.69
2012-09-24,1.1213539,27.428406,8911.06
2012-09-25,1.1585785,27.424103,5932.29
2012-09-26,0.15383215,27.410767,8486.45
2012-09-27,0.36388958,27.473083,5979.63
2012-09-28,1.6528007,27.489746,3573.88
2012-09-29,4.601463,27.37622,4213.43
2012-09-30,2.5325236,27.581635,2360.52
2012-10-01,2.9189026,27.286255,2722.52
2012-10-02,7.369226,26.704254,2166.14
2012-10-03,12.740354,25.883118,2182.82
2012-10-04,9.3519125,25.902466,1812.16
2012-10-05,1.0598968,26.686829,1648.04
2012-10-06,0.023574831,26.792664,2220.59
2012-10-07,3.0701425,26.07901,3855.44
2012-10-08,5.0507655,25.853668,2870.44
2012-10-09,8.468654,25.450684,2238.99
2012-10-10,3.9615138,25.382935,2491.78
2012-10-11,1.9289106,25.891388,2894.88
2012-10-12,2.5675874,25.91092,3641.49
2012-10-13,3.2312315,25.512146,4654.24
2012-10-14,0.5558194,25.390747,2922.96
2012-10-15,0.036614362,25.481232,2531.97
2012-10-16,0.0029115116,25.56186,2182.82
2012-10-17,0.012023028,25.360565,1674.07
2012-10-18,0.015615575,25.06195,1478.53
2012-10-19,0.00477847,25.058838,1365.56
2012-10-20,0.09764166,25.027496,1228.14
2012-10-21,0.39685082,25.209106,1163.56
2012-10-22,0.28915742,25.188782,1138.76
2012-10-23,0.08913265,25.091858,984.94
2012-10-24,0.036109474,24.762573,873.67
2012-10-25,0.0004745932,24.819153,855.16
2012-10-26,0.05114948,24.787598,494.89
2012-10-27,0.22132874,24.57254,524.21
2012-10-28,0.005094865,23.664429,455.27
2012-10-29,0.0,22.665344,454.61
2012-10-30,0.00015707576,22.584503,380.48
2012-10-31,0.20718181,23.67694,398.26
2012-11-01,9.2325115,24.220673,380.48
2012-11-02,14.930262,23.767944,455.27
2012-11-03,13.836779,23.521484,762.99
2012-11-04,4.730442,23.906708,1212.02
2012-11-05,5.4457746,23.81128,1569.36
2012-11-06,2.451504,24.211823,1545.56
2012-11-07,2.3980782,23.544373,1545.56
2012-11-08,0.48016718,22.47342,1478.53
2012-11-09,0.016606275,21.809052,1459.91
2012-11-10,0.0004375682,21.326324,1365.56
2012-11-11,0.00037025003,21.005646,1250.0
2012-11-12,0.001374413,20.820343,1132.0
2012-11-13,0.00015595379,20.999664,1121.23
2012-11-14,1.1219697e-06,20.90564,1113.26
2012-11-15,1.1219697e-06,20.335022,1117.87
2012-11-16,0.0068563577,19.716583,1097.98
2012-11-17,0.5174132,20.54718,1097.98
2012-11-18,0.44431573,21.937439,756.32
2012-11-19,0.7368143,22.967957,524.21
2012-11-20,0.7441117,23.076233,488.04
2012-11-21,0.08307738,23.140564,488.04
2012-11-22,0.04062316,23.233063,431.47
2012-11-23,0.103886545,22.829987,375.44
2012-11-24,0.05734612,22.569214,359.55
2012-11-25,0.008366529,22.047058,260.08
2012-11-26,0.01501981,21.744019,267.04
2012-11-27,0.000409519,21.352783,299.48
2012-11-28,0.00037025003,21.20346,291.4
2012-11-29,0.0005755705,20.801697,267.04
2012-11-30,0.00055425306,21.06012,267.04
2012-12-01,2.0195455e-05,20.590942,260.08
2012-12-02,2.2439395e-05,20.301544,250.72
2012-12-03,8.190379e-05,19.952087,285.29
2012-12-04,0.002826242,20.512207,284.66
2012-12-05,0.041221734,21.772125,359.55
2012-12-06,0.0010232364,22.006866,285.29
2012-12-07,0.0,21.762878,299.48
2012-12-08,0.00084372127,22.243805,260.08
2012-12-09,0.0043622185,22.85022,210.91
2012-12-10,0.42565626,23.473633,240.68
2012-12-11,4.137843,23.046204,240.68
2012-12-12,1.2621183,22.333862,207.9
2012-12-13,0.75940746,22.613098,196.14
2012-12-14,0.2704396,22.911865,187.14
2012-12-15,0.18257813,22.386688,186.53
2012-12-16,0.023192234,21.74936,172.37
2012-12-17,0.0007023531,20.78775,173.39
2012-12-18,2.8049244e-05,20.280212,168.29
2012-12-19,3.2537122e-05,19.872803,159.56
2012-12-20,3.8146973e-05,19.550323,154.63
2012-12-21,0.00021205228,19.138458,151.75
2012-12-22,0.0010546516,18.39917,149.06
2012-12-23,7.517198e-05,17.37268,149.06
2012-12-24,0.00021317427,17.723816,146.52
2012-12-25,5.385455e-05,17.612366,146.52
2012-12-26,4.82447e-05,16.90567,149.06
2012-12-27,1.0097728e-05,16.73111,149.06
2012-12-28,0.00021990607,17.486847,149.72
2012-12-29,2.4683337e-05,18.715363,146.52
2012-12-30,1.0097728e-05,19.54132,152.96
2012-12-31,0.000633913,20.595612,175.46
2013-01-01,0.25372672,22.038544,168.29
2013-01-02,1.6624159,22.284363,167.69
2013-01-03,0.42443332,21.30249,172.37
2013-01-04,0.28889823,20.41336,159.06
2013-01-05,0.11425355,21.031525,168.29
2013-01-06,0.5624738,20.480133,165.23
2013-01-07,0.490689,19.728333,159.06
2013-01-08,0.1102167,18.004883,159.06
2013-01-09,0.0066420613,17.400208,164.63
2013-01-10,8.975758e-05,17.917023,158.36
2013-01-11,3.4781064e-05,18.19339,172.37
2013-01-12,2.1317426e-05,18.430115,196.14
2013-01-13,0.0,19.834259,290.68
2013-01-14,0.0,21.07727,195.52
2013-01-15,0.0008874781,21.537354,176.58
2013-01-16,0.0061405404,22.277588,186.53
2013-01-17,0.0036520115,22.610352,196.14
2013-01-18,0.005369747,22.007812,190.04
2013-01-19,0.012852164,21.576538,158.36
2013-01-20,0.028577691,20.84842,207.9
2013-01-21,0.16604929,19.981445,267.04
2013-01-22,0.027159523,19.65802,169.55
2013-01-23,0.005196964,19.698639,196.14
2013-01-24,0.036769193,19.810486,207.9
2013-01-25,0.018366646,19.797577,207.77
2013-01-26,0.004871593,19.63028,133.03
2013-01-27,0.0017648584,19.372345,141.63
2013-01-28,0.0015830994,18.789673,210.91
2013-01-29,0.0015415865,18.934967,158.36
2013-01-30,0.00024795532,19.36139,152.96
2013-01-31,0.008290235,19.899414,190.04
2013-02-01,0.00636269,20.464905,196.14
2013-02-02,0.036360793,20.97583,164.63
2013-02-03,0.02302282,21.635315,161.49
2013-02-04,0.00072367047,22.683899,161.49
2013-02-05,0.0030775631,23.020355,375.44
2013-02-06,0.0010759691,23.703278,359.55
2013-02-07,0.6919289,23.655914,380.48
2013-02-08,1.8970366,21.481659,260.08
2013-02-09,0.029769223,21.792694,207.17
2013-02-10,0.0012005077,22.339844,210.91
2013-02-11,2.4683335e-05,22.858612,250.72
2013-02-12,0.02515456,23.253662,259.48
2013-02-13,0.040770136,23.677704,249.47
2013-02-14,0.060361978,24.226929,196.14
2013-02-15,1.2139646,23.51648,210.91
2013-02-16,6.5815644,21.142395,209.97
2013-02-17,6.2754507,20.018433,249.47
2013-02-18,0.8377681,20.463898,207.17
2013-02-19,0.017492631,21.142883,196.14
2013-02-20,0.0010512857,22.177002,210.91
2013-02-21,0.00084933115,22.140167,259.45
2013-02-22,8.975758e-05,22.998901,249.47
2013-02-23,0.15192817,24.331116,291.4
2013-02-24,0.10417378,24.541534,203.36
2013-02-25,2.2439394e-06,24.627563,259.45
2013-02-26,0.0,24.369202,210.95
2013-02-27,0.0,25.011963,209.97
2013-02-28,0.0,25.888214,203.86
2013-03-01,0.0,24.626373,203.86
2013-03-02,0.0,23.926575,186.53
2013-03-03,0.0001077091,24.153473,303.07
2013-03-04,3.5903035e-05,24.620178,259.45
2013-03-05,0.0,25.129639,190.04
2013-03-06,2.3561366e-05,25.534332,185.07
2013-03-07,1.0097728e-05,25.738678,184.39
2013-03-08,0.00018849093,25.792358,176.58
2013-03-09,0.00036464017,26.322266,175.97
2013-03-10,0.00018175911,26.883362,172.37
2013-03-11,0.0011455312,27.64447,196.14
2013-03-12,0.0056794104,28.187378,249.47
2013-03-13,0.027144935,28.36795,250.09
2013-03-14,1.0510602,27.373291,184.39
2013-03-15,1.1939677,26.853333,196.14
2013-03-16,1.5702785,26.279205,203.86
2013-03-17,0.953377,24.837524,207.17
2013-03-18,0.038327612,26.149414,203.86
2013-03-19,0.0010333341,27.135193,240.68
2013-03-20,0.008344089,27.972595,249.47
2013-03-21,0.014314092,28.32782,203.86
2013-03-22,0.042466555,29.028809,184.39
2013-03-23,0.07593716,29.357788,196.14
2013-03-24,0.5265741,29.326447,190.04
2013-03-25,0.025626913,29.976868,169.55
2013-03-26,0.019287784,30.4599,333.5
2013-03-27,0.085000426,30.305847,299.48
2013-03-28,0.8698789,29.86322,299.48
2013-03-29,0.6435103,28.885254,291.4
2013-03-30,0.23368612,29.597473,249.47
2013-03-31,0.06273495,29.892761,259.45
2013-04-01,0.24198532,30.078033,267.04
2013-04-02,0.8650364,29.580322,398.26
2013-04-03,0.5062855,29.79541,209.97
2013-04-04,0.0030607337,30.32721,249.47
2013-04-05,0.0003242493,29.819519,207.17
2013-04-06,0.0020633023,29.790497,185.07
2013-04-07,0.00094133266,30.201233,250.09
2013-04-08,0.00042522652,30.754456,284.66
2013-04-09,0.002081254,31.53955,291.4
2013-04-10,0.0869448,31.748291,337.17
2013-04-11,0.67318076,30.973022,375.44
2013-04-12,0.1906911,31.38855,359.55
2013-04-13,1.1615361,30.394745,359.55
2013-04-14,1.1527027,28.703186,337.17
2013-04-15,0.39883333,29.605682,333.49
2013-04-16,0.29380912,30.674072,483.39
2013-04-17,0.5208318,30.921051,431.47
2013-04-18,2.0791626,30.246887,380.48
2013-04-19,4.60142,28.286407,333.49
2013-04-20,11.730952,24.94983,299.48
2013-04-21,13.233719,23.77774,207.17
2013-04-22,4.4097214,25.929321,284.66
2013-04-23,2.0069256,27.295532,299.48
2013-04-24,0.86685294,28.640808,267.04
2013-04-25,0.37553224,29.814026,267.04
2013-04-26,1.4014391,29.815979,333.49
2013-04-27,0.5214287,30.948883,380.48
2013-04-28,0.11852376,32.021667,431.47
2013-04-29,0.26875553,32.398315,359.55
2013-04-30,0.27659473,32.745026,267.04
2013-05-01,0.3463846,33.059967,203.86
2013-05-02,0.27327818,32.893555,398.26
2013-05-03,0.25891134,32.281372,333.49
2013-05-04,0.7971314,32.10913,249.47
2013-05-05,0.99465877,31.84674,209.97
2013-05-06,1.0076568,32.182343,291.4
2013-05-07,0.36702886,32.40387,299.48
2013-05-08,0.116320215,33.295654,291.4
2013-05-09,0.08208892,33.746796,284.66
2013-05-10,0.07872189,33.862,267.04
2013-05-11,0.16693789,33.865906,209.97
2013-05-12,2.1002162,31.65448,249.47
2013-05-13,0.6104671,31.657776,375.44
2013-05-14,0.44262943,31.10675,454.61
2013-05-15,1.270615,31.222504,380.48
2013-05-16,0.032539368,32.191772,333.49
2013-05-17,0.7712679,32.958527,303.07
2013-05-18,0.05052342,33.526703,267.04
2013-05-19,0.12327419,33.60086,259.45
2013-05-20,0.12798421,33.942413,333.49
2013-05-21,0.17674613,33.9003,299.48
2013-05-22,0.18331751,34.158447,250.09
2013-05-23,0.0114171645,34.371857,209.97
2013-05-24,0.0358963,34.650085,299.48
2013-05-25,0.24700503,34.74774,332.85
2013-05-26,2.4739175,32.24524,291.4
2013-05-27,3.2264268,30.158813,524.21
2013-05-28,1.9055344,31.36853,483.39
2013-05-29,8.174423,30.170166,380.48
2013-05-30,10.564008,30.327332,380.0
2013-05-31,0.35921884,30.354095,291.4
2013-06-01,1.7534997,30.882355,332.85
2013-06-02,1.2977488,30.158478,240.68
2013-06-03,1.3756921,30.352203,203.86
2013-06-04,2.4469318,30.387207,267.04
2013-06-05,3.5793943,30.314148,193.42
2013-06-06,7.0193906,30.350922,203.86
2013-06-07,6.304561,29.468689,380.48
2013-06-08,8.507015,28.337769,454.61
2013-06-09,13.696593,28.901794,873.67
2013-06-10,15.310745,27.838501,984.94
2013-06-11,22.70604,27.287476,844.94
2013-06-12,31.315405,27.0094,454.61
2013-06-13,25.982365,26.364899,240.68
2013-06-14,9.666113,26.17694,284.66
2013-06-15,5.3410625,26.094055,299.48
2013-06-16,2.4048703,27.882568,291.4
2013-06-17,1.5052391,29.493958,2484.5
2013-06-18,3.0428753,29.62918,3855.44
2013-06-19,4.5675664,29.284485,1851.08
2013-06-20,7.62097,28.393646,1232.63
2013-06-21,9.777937,28.067749,970.26
2013-06-22,20.379488,27.374023,554.11
2013-06-23,24.96026,27.313293,488.04
2013-06-24,27.34509,26.930023,337.17
2013-06-25,16.33417,26.715271,359.55
2013-06-26,6.5702915,26.4422,524.21
2013-06-27,4.9195347,26.89087,5932.29
2013-06-28,7.1982665,27.255096,9794.64
2013-06-29,14.192433,27.351929,3573.88
2013-06-30,14.301223,26.992798,1365.56
2013-07-01,12.434346,26.890778,1097.98
2013-07-02,11.774721,26.252808,747.88
2013-07-03,6.2044754,26.960938,880.44
2013-07-04,4.334444,27.63092,756.32
2013-07-05,4.8734555,27.560364,844.94
2013-07-06,4.3433423,27.911041,984.94
2013-07-07,7.1232405,28.123444,1223.63
2013-07-08,4.872569,28.415924,1513.52
2013-07-09,8.152723,27.888275,1513.52
2013-07-10,10.392408,27.425415,1097.98
2013-07-11,15.837688,26.855652,873.67
2013-07-12,5.2114496,26.65506,844.94
2013-07-13,6.447583,26.538086,1771.94
2013-07-14,10.208422,26.18985,2047.63
2013-07-15,7.7083864,26.430664,2776.19
2013-07-16,6.8298936,26.435211,1894.88
2013-07-17,5.1306667,27.026794,2047.63
2013-07-18,8.396489,27.34375,1573.13
2013-07-19,8.907666,27.28949,1573.13
2013-07-20,11.653513,27.075317,1851.08
2013-07-21,17.210793,27.063782,1851.08
2013-07-22,18.97568,26.716064,2220.59
2013-07-23,9.08535,26.576508,3451.97
2013-07-24,7.5222754,26.504944,9840.46
2013-07-25,18.304403,26.161499,9840.46
2013-07-26,28.435364,25.402863,6521.68
2013-07-27,16.363413,25.965546,5283.32
2013-07-28,6.617684,26.41388,3322.99
2013-07-29,22.085218,25.779907,12401.31
2013-07-30,37.714577,25.225006,13099.11
2013-07-31,13.130836,25.328003,12119.69
2013-08-01,4.932481,25.158203,20887.03
2013-08-02,2.9208026,26.37445,20538.5
2013-08-03,3.7214954,27.287903,16131.38
2013-08-04,11.673783,27.11322,14520.6
2013-08-05,9.665311,26.948639,15813.2
2013-08-06,10.5836935,26.884277,13066.79
2013-08-07,15.273075,26.681183,11006.56
2013-08-08,15.076885,26.18988,10719.55
2013-08-09,7.328629,26.879395,8911.06
2013-08-10,8.580321,27.095825,8560.48
2013-08-11,12.780713,26.542908,8658.59
2013-08-12,9.9017315,26.352661,6804.36
2013-08-13,4.5361867,27.071014,5932.29
2013-08-14,3.548685,27.752289,6804.31
2013-08-15,5.88758,28.130005,8486.45
2013-08-16,10.2013235,27.30133,4976.73
2013-08-17,14.148851,26.41275,3451.97
2013-08-18,22.998247,25.819855,2722.52
2013-08-19,25.577267,25.612793,2894.88
2013-08-20,17.230072,25.462372,3573.88
2013-08-21,14.354715,25.052887,11859.13
2013-08-22,3.632671,25.633118,13099.11
2013-08-23,1.5665569,26.576263,10088.4
2013-08-24,2.145407,27.025696,12119.69
2013-08-25,1.6294703,27.134369,10887.87
2013-08-26,2.9165885,26.959473,8911.06
2013-08-27,18.544853,25.719513,8154.1
2013-08-28,23.865768,24.754608,3837.72
2013-08-29,10.649408,25.578552,3453.64
2013-08-30,1.2056597,27.162964,4213.43
2013-08-31,1.4644612,27.559235,8560.48
2013-09-01,5.747702,28.097656,14031.43
2013-09-02,12.343018,26.962158,12241.0
2013-09-03,12.184624,26.234497,8805.0
2013-09-04,1.9219668,26.979675,6953.0
2013-09-05,1.7977457,27.624695,4213.43
2013-09-06,6.935039,27.225525,4976.73
2013-09-07,9.21915,26.956665,4976.73
2013-09-08,10.772231,26.534119,2894.88
2013-09-09,8.177243,26.321564,1945.03
2013-09-10,6.7896414,27.03479,2360.52
2013-09-11,4.3345213,27.330566,2152.82
2013-09-12,2.7220547,27.631836,1962.96
2013-09-13,4.660628,27.880524,1771.94
2013-09-14,5.2006426,27.460388,1478.53
2013-09-15,5.5192413,27.048248,1325.87
2013-09-16,8.980458,26.869446,1197.12
2013-09-17,8.307585,26.67627,1156.04
2013-09-18,13.287529,26.644714,1196.0
2013-09-19,17.41636,25.851685,1341.92
2013-09-20,14.52289,25.603699,1573.13
2013-09-21,12.581188,25.837555,2894.88
2013-09-22,4.0837793,25.933868,3237.91
2013-09-23,0.68742186,26.901978,5865.35
2013-09-24,0.7886471,27.332397,5867.42
2013-09-25,1.5213046,27.669403,5821.3
2013-09-26,3.1615908,27.602966,5253.32
2013-09-27,10.199053,27.086853,4297.63
2013-09-28,17.429558,26.275238,2922.96
2013-09-29,15.682526,25.800842,2894.58
2013-09-30,22.231888,25.44809,2776.19
2013-10-01,20.958792,25.081879,2775.18
2013-10-02,12.328684,25.653961,5932.29
2013-10-03,10.363615,25.81897,10396.7
2013-10-04,6.4361115,25.97647,11859.13
2013-10-05,6.176982,26.404846,9794.64
2013-10-06,3.9888718,26.78888,8486.45
2013-10-07,9.189066,26.259094,10719.55
2013-10-08,10.941679,25.690125,10742.97
2013-10-09,10.960882,25.541077,4976.73
2013-10-10,5.58781,25.643555,12241.67
2013-10-11,9.460695,26.210571,16259.53
2013-10-12,46.40527,25.15683,19051.14
2013-10-13,35.356365,24.791595,13973.62
2013-10-14,2.1867752,24.918365,18486.88
2013-10-15,0.31641567,25.345215,10775.16
2013-10-16,0.29539892,25.823608,9794.64
2013-10-17,0.44613445,25.742737,5821.3
2013-10-18,0.29324478,25.918335,4297.68
2013-10-19,0.7172427,26.059814,3603.22
2013-10-20,4.7901645,25.876648,2531.97
2013-10-21,15.179796,24.626617,1851.08
2013-10-22,13.307038,24.193634,1945.03
2013-10-23,20.278086,24.09552,2360.52
2013-10-24,21.806744,23.75238,4803.82
2013-10-25,31.680279,23.736572,8154.1
2013-10-26,19.426586,23.619812,10719.55
2013-10-27,17.944359,23.460358,6953.71
2013-10-28,0.78093696,24.262146,8911.06
2013-10-29,0.05738651,24.13031,8397.41
2013-10-30,0.09652082,23.629639,5868.35
2013-10-31,1.7628984,23.438385,6521.68
2013-11-01,0.030409869,23.646423,3603.22
2013-11-02,0.01583997,23.791565,1513.52
2013-11-03,0.012255276,23.722046,1771.94
2013-11-04,0.038921133,23.45337,1513.52
2013-11-05,0.06743487,23.066193,1569.36
2013-11-06,0.062021367,22.899414,1163.58
2013-11-07,0.05134246,22.71463,1156.04
2013-11-08,0.009190055,22.501984,1097.98
2013-11-09,0.00077976903,22.33014,1097.98
2013-11-10,0.001114116,21.894226,984.98
2013-11-11,0.0,21.105652,873.67
2013-11-12,0.0,20.57428,855.16
2013-11-13,0.00018736895,20.080566,984.94
2013-11-14,3.3659097e-05,19.628693,855.16
2013-11-15,0.018530453,19.753174,756.32
2013-11-16,0.24186301,21.006409,747.88
2013-11-17,0.0053506736,22.26181,984.98
2013-11-18,0.0,21.818878,1097.98
2013-11-19,0.013892231,21.37259,873.67
2013-11-20,0.12019663,21.179108,855.16
2013-11-21,1.9452791,21.342407,756.32
2013-11-22,0.5152096,22.253479,747.88
2013-11-23,0.09599573,23.492615,556.64
2013-11-24,0.3025627,23.527039,556.64
2013-11-25,0.015684016,22.257568,545.64
2013-11-26,0.0029878055,21.195007,556.64
2013-11-27,0.020497266,20.93216,556.64
2013-11-28,0.25955984,22.043732,545.64
2013-11-29,0.080334164,23.623962,545.64
2013-11-30,0.17729591,23.55008,524.21
2013-12-01,0.13685115,22.173767,488.04
2013-12-02,0.008497799,21.32306,431.47
2013-12-03,0.0023258436,20.661163,454.61
2013-12-04,1.1219697e-06,20.09378,431.47
2013-12-05,1.34636375e-05,19.330322,375.44
2013-12-06,0.0,18.47644,359.55
2013-12-07,1.1219697e-06,18.560883,337.17
2013-12-08,0.002231598,18.788452,375.44
2013-12-09,0.32802808,19.060577,333.39
2013-12-10,2.3979917,19.828125,303.07
2013-12-11,0.10954015,19.980713,303.69
2013-12-12,0.00045215382,19.18512,267.04
2013-12-13,0.0,18.859497,259.45
2013-12-14,3.3659094e-06,18.919067,249.47
2013-12-15,0.00019522273,18.573242,209.97
2013-12-16,2.9171215e-05,18.716614,203.86
2013-12-17,0.00018512501,18.89273,196.14
2013-12-18,0.00039493336,18.634125,190.04
2013-12-19,0.0005699607,19.241364,185.07
2013-12-20,0.018298205,19.904419,184.46
2013-12-21,0.025144465,20.580933,181.68
2013-12-22,0.001743541,20.806671,177.67
2013-12-23,0.0010950426,20.710968,177.67
2013-12-24,6.7318186e-05,20.41449,174.98
2013-12-25,0.0015696357,19.895416,174.98
2013-12-26,0.00065298646,19.336182,174.98
2013-12-27,3.2537122e-05,19.437195,171.71
2013-12-28,3.926894e-05,19.865143,174.98
2013-12-29,0.0003534205,20.1828,171.82
2013-12-30,0.0009110395,19.90738,174.98
2013-12-31,0.0001077091,19.875305,177.67
2014-01-01,0.000594644,20.282959,177.67
2014-01-02,0.00036912807,20.320068,174.98
2014-01-03,0.0007203046,19.862732,177.67
2014-01-04,0.005682777,19.787964,181.68
2014-01-05,0.13480692,20.584137,177.67
2014-01-06,0.23481369,20.427856,174.06
2014-01-07,0.12787987,19.833923,171.71
2014-01-08,0.028110955,19.7406,164.63
2014-01-09,0.0035521563,20.155151,164.63
2014-01-10,0.022333931,20.779114,161.72
2014-01-11,0.2586993,20.711517,161.72
2014-01-12,0.073013306,20.364777,159.09
2014-01-13,0.04653931,19.885895,159.09
2014-01-14,0.043485306,20.00232,157.26
2014-01-15,0.055013545,20.416138,157.26
2014-01-16,0.15219633,20.82257,164.63
2014-01-17,0.13023826,21.021729,164.03
2014-01-18,0.3889252,20.687042,168.29
2014-01-19,0.11675105,21.071564,171.71
2014-01-20,0.035820004,21.11499,209.97
2014-01-21,0.027724994,20.655396,267.04
2014-01-22,0.014732585,20.4198,284.66
2014-01-23,0.0036385478,20.67456,149.47
2014-01-24,0.007511588,20.988708,209.97
2014-01-25,0.00025132124,21.0737,133.03
2014-01-26,0.00041625078,20.810669,130.02
2014-01-27,0.0025872623,19.855316,130.02
2014-01-28,0.0002457114,19.59085,129.46
2014-01-29,8.190379e-05,19.695557,130.02
2014-01-30,0.0,19.918518,133.03
2014-01-31,5.609849e-06,19.92749,141.63
2014-02-01,0.00021766215,20.177185,146.52
2014-02-02,0.0,20.443726,141.63
2014-02-03,5.609849e-06,21.206238,149.06
2014-02-04,2.0195454e-05,22.134766,152.96
2014-02-05,0.00049478863,22.805359,190.04
2014-02-06,0.0002154182,23.308044,196.14
2014-02-07,0.0010299681,24.164307,203.86
2014-02-08,0.0,24.504578,204.49
2014-02-09,1.34636375e-05,24.404358,157.26
2014-02-10,0.005426968,23.465393,157.26
2014-02-11,0.1899147,22.807312,154.63
2014-02-12,0.16067617,22.178406,152.96
2014-02-13,0.09998097,23.229126,152.96
2014-02-14,0.19196904,23.520386,146.52
2014-02-15,4.269123,22.242065,146.52
2014-02-16,8.854645,19.707275,141.63
2014-02-17,0.10775398,18.971436,190.04
2014-02-18,5.1610612e-05,18.834229,184.46
2014-02-19,6.7318188e-06,20.068512,181.68
2014-02-20,2.8049244e-05,21.170227,157.26
2014-02-21,0.0002558091,22.736877,154.63
2014-02-22,1.4707768,23.764832,151.75
2014-02-23,1.2590936,22.767395,209.97
2014-02-24,0.088320345,23.489258,249.47
2014-02-25,0.1708199,24.15683,337.17
2014-02-26,0.4262184,24.206085,333.49
2014-02-27,1.1927493,23.533905,168.29
2014-02-28,1.4510223,22.167755,167.68
2014-03-01,1.3021278,22.782654,196.14
2014-03-02,0.63931525,22.635864,163.29
2014-03-03,1.7126666,22.904175,209.97
2014-03-04,12.302305,20.184021,375.44
2014-03-05,0.34328124,21.894104,196.14
2014-03-06,1.4933676,22.493958,203.86
2014-03-07,0.53648674,23.28891,209.97
2014-03-08,0.77134746,23.947418,196.14
2014-03-09,2.346822,23.72406,196.14
2014-03-10,1.8676994,22.610168,203.86
2014-03-11,0.120681316,24.63504,234.66
2014-03-12,0.17486909,25.45642,196.14
2014-03-13,0.46467724,25.319092,177.67
2014-03-14,0.24163637,25.940704,168.29
2014-03-15,0.11203766,26.75238,241.47
2014-03-16,0.023280872,27.062378,203.86
2014-03-17,3.4781064e-05,27.372864,190.04
2014-03-18,0.019895889,28.073181,209.97
2014-03-19,0.03489326,28.081482,159.09
2014-03-20,0.032860253,27.434479,192.78
2014-03-21,0.07438548,27.497131,177.67
2014-03-22,0.5030913,27.801636,196.14
2014-03-23,0.13552272,27.87967,194.19
2014-03-24,0.18606634,28.28061,161.72
2014-03-25,0.2705271,27.876709,192.78
2014-03-26,0.05223779,29.225128,154.63
2014-03-27,0.020201067,29.984009,177.67
2014-03-28,0.0058903415,30.578918,174.06
2014-03-29,0.0012846553,30.953766,165.24
2014-03-30,0.00012117274,31.003357,161.72
2014-03-31,0.025238711,30.495972,154.63
2014-04-01,0.301719,29.79358,164.63
2014-04-02,0.08024216,29.73175,181.68
2014-04-03,0.17016354,30.084473,203.86
2014-04-04,9.7611366e-05,29.499146,192.78
2014-04-05,0.00023561365,29.743774,168.29
2014-04-06,6.395228e-05,30.597412,149.06
2014-04-07,0.0018546161,31.47647,146.52
2014-04-08,0.10906892,31.300537,259.45
2014-04-09,0.5209833,29.98169,190.04
2014-04-10,0.19166948,29.585571,181.68
2014-04-11,0.22169338,29.826874,284.66
2014-04-12,0.6512473,29.350159,192.78
2014-04-13,1.259033,28.73108,177.67
2014-04-14,0.3355587,29.003296,359.55
2014-04-15,0.14288846,29.756714,284.66
2014-04-16,0.64612556,29.988617,259.45
2014-04-17,1.9100167,29.457947,209.97
2014-04-18,1.6944504,29.42044,196.14
2014-04-19,0.52736616,30.178955,190.04
2014-04-20,0.71386,29.637878,184.46
2014-04-21,0.25136164,30.59967,192.72
2014-04-22,0.3140943,30.803772,177.67
2014-04-23,0.1511742,31.497864,203.86
2014-04-24,0.10543823,32.021423,196.14
2014-04-25,0.024629481,32.094666,259.45
2014-04-26,0.14078027,32.36734,333.49
2014-04-27,0.20243478,32.381226,192.78
2014-04-28,0.5519452,32.15265,196.14
2014-04-29,0.29097387,31.982666,209.97
2014-04-30,0.106850795,31.897186,192.78
2014-05-01,0.42969763,31.838287,181.68
2014-05-02,0.9546684,31.12677,203.86
2014-05-03,0.82141316,30.65564,184.46
2014-05-04,0.9272632,30.161926,181.68
2014-05-05,1.5386751,29.131409,196.14
2014-05-06,1.0133215,29.507568,192.78
2014-05-07,0.41936538,30.495636,203.86
2014-05-08,0.8790342,30.899841,249.47
2014-05-09,3.690272,29.461212,184.46
2014-05-10,7.2596188,27.417694,181.68
2014-05-11,0.13653363,30.950378,164.63
2014-05-12,0.004688712,32.501892,184.46
2014-05-13,0.075023875,32.422394,203.36
2014-05-14,0.11570202,31.98236,196.14
2014-05-15,0.047630984,31.845764,209.97
2014-05-16,0.004197289,32.36026,333.49
2014-05-17,0.09100297,32.670044,303.69
2014-05-18,0.48067206,32.54187,203.86
2014-05-19,0.5526666,32.32721,184.46
2014-05-20,0.029162237,32.30658,184.46
2014-05-21,0.029912835,33.024475,196.14
2014-05-22,0.2518463,33.13861,249.47
2014-05-23,0.13980192,33.26471,333.49
2014-05-24,1.2089382,32.519897,375.44
2014-05-25,19.041176,28.206238,431.47
2014-05-26,34.436546,26.207703,453.35
2014-05-27,15.351436,27.055573,488.04
2014-05-28,0.22280076,29.71991,431.47
2014-05-29,0.055890925,31.673767,375.44
2014-05-30,0.042412702,32.894287,873.67
2014-05-31,0.77457994,31.834106,1156.04
2014-06-01,4.0030274,31.130432,1097.98
2014-06-02,1.1578178,31.241333,855.16
2014-06-03,0.95275426,31.07016,747.88
2014-06-04,0.7477581,31.705048,524.21
2014-06-05,0.09488387,32.37317,431.47
2014-06-06,0.027821485,33.238647,431.47
2014-06-07,0.208738,33.288605,488.04
2014-06-08,1.7293291,32.719543,375.44
2014-06-09,0.43699938,32.464294,524.21
2014-06-10,0.58172333,33.10199,529.09
2014-06-11,0.42659646,33.50464,488.04
2014-06-12,0.34713635,33.617126,431.47
2014-06-13,0.51646966,33.446716,375.44
2014-06-14,1.7889539,31.377136,359.55
2014-06-15,2.544559,30.841797,375.44
2014-06-16,5.1259956,30.865753,431.47
2014-06-17,13.211013,29.150024,375.44
2014-06-18,25.958662,27.350616,431.47
2014-06-19,25.6979,26.696228,380.48
2014-06-20,22.862135,26.567505,359.55
2014-06-21,8.487766,27.530457,303.69
2014-06-22,1.4581995,29.89972,284.66
2014-06-23,0.5168298,31.101837,181.68
2014-06-24,0.6411553,30.99591,177.67
2014-06-25,2.3549943,29.607544,174.06
2014-06-26,11.358996,27.860626,184.46
2014-06-27,14.356508,27.37439,190.04
2014-06-28,8.063013,27.922424,184.46
2014-06-29,7.596438,28.727997,164.63
2014-06-30,7.850971,28.146362,154.63
2014-07-01,5.1367598,29.302185,182.78
2014-07-02,4.6440473,29.700592,192.78
2014-07-03,12.823451,29.257019,196.14
2014-07-04,16.372149,27.555054,284.66
2014-07-05,9.851661,27.596558,249.47
2014-07-06,5.611914,28.09259,192.78
2014-07-07,2.9026685,28.879059,177.78
2014-07-08,4.42597,28.693329,177.67
2014-07-09,7.5876064,29.222778,182.78
2014-07-10,13.51498,28.902985,203.86
2014-07-11,19.749054,27.26233,209.97
2014-07-12,18.479574,27.288025,203.86
2014-07-13,20.92043,27.257385,182.78
2014-07-14,25.072908,27.092804,203.87
2014-07-15,17.650326,26.430176,337.17
2014-07-16,5.3340707,26.802734,453.35
2014-07-17,11.405813,27.133698,1569.36
2014-07-18,30.150927,26.26532,1163.58
2014-07-19,32.38668,25.70877,1097.98
2014-07-20,49.142143,25.307556,1156.04
2014-07-21,60.20984,24.755371,1341.97
2014-07-22,17.844553,25.053864,5335.09
2014-07-23,0.89753544,25.946411,6521.68
2014-07-24,1.5345035,26.333252,11559.13
2014-07-25,3.2351348,26.234375,20535.5
2014-07-26,8.348416,26.221191,8911.06
2014-07-27,11.86759,26.86789,4976.73
2014-07-28,10.208808,27.143677,16259.53
2014-07-29,15.390322,26.829498,14051.14
2014-07-30,20.013472,26.489471,13066.56
2014-07-31,18.68302,27.01593,13099.11
2014-08-01,9.580296,27.828888,20887.03
2014-08-02,20.178185,27.164246,19055.5
2014-08-03,40.18754,25.731445,16131.38
2014-08-04,53.221073,25.355011,24186.33
2014-08-05,26.684628,25.506653,28746.77
2014-08-06,1.5910587,26.99588,26830.56
2014-08-07,2.7787747,27.658264,31345.83
2014-08-08,9.512395,27.058167,31343.82
2014-08-09,18.230661,26.269318,29288.21
2014-08-10,12.857676,26.381317,20936.28
2014-08-11,4.371893,26.952545,21019.28
2014-08-12,4.867473,27.412292,20887.03
2014-08-13,7.290115,27.541199,19731.25
2014-08-14,13.596328,26.815033,16937.33
2014-08-15,5.848309,27.272308,16920.62
2014-08-16,5.3668666,26.80249,13099.11
2014-08-17,5.8352747,26.868225,11859.13
2014-08-18,3.4026573,27.629517,10775.16
2014-08-19,2.935514,28.605957,10719.55
2014-08-20,8.095276,27.49823,8911.06
2014-08-21,9.495805,27.401978,4813.11
2014-08-22,9.68231,26.79889,4581.85
2014-08-23,7.895167,26.91681,4976.73
2014-08-24,5.6281686,27.748322,4654.24
2014-08-25,6.5797267,27.7724,4654.0
2014-08-26,7.2724195,27.567505,3355.32
2014-08-27,11.42597,27.19806,3237.91
2014-08-28,8.2115755,26.872925,3355.32
2014-08-29,9.638271,26.844269,3453.64
2014-08-30,11.434845,26.343933,3573.88
2014-08-31,17.339434,25.964142,4654.0
2014-09-01,24.311878,25.141418,3855.44
2014-09-02,15.940811,25.265137,4297.68
2014-09-03,21.537668,25.366425,5335.09
2014-09-04,21.776709,25.671783,8851.7
2014-09-05,29.371254,25.631927,6804.31
2014-09-06,33.402905,25.591064,20533.5
2014-09-07,7.7473803,26.127197,20543.65
2014-09-08,2.316943,25.916138,17586.11
2014-09-09,0.9227988,26.1427,20936.28
2014-09-10,2.3833566,26.473083,16063.94
2014-09-11,4.9032974,26.96106,14031.43
2014-09-12,5.47738,26.9404,12119.69
2014-09-13,8.810966,26.732025,14031.43
2014-09-14,8.60404,26.726898,13066.79
2014-09-15,6.918025,26.53659,8658.59
2014-09-16,5.650969,26.82544,10396.7
2014-09-17,2.8706987,27.471008,8911.06
2014-09-18,7.3083553,28.138245,8658.59
2014-09-19,16.052523,27.070984,6804.31
2014-09-20,21.794073,25.947144,5335.09
2014-09-21,11.881769,26.04007,5283.32
2014-09-22,4.5239596,27.044617,5868.35
2014-09-23,1.1891052,27.891693,11859.13
2014-09-24,0.29844174,28.042023,13549.97
2014-09-25,0.23953156,27.650146,12805.5
2014-09-26,0.11374641,27.904083,8911.06
2014-09-27,0.0662467,27.772614,5821.3
2014-09-28,0.041628446,27.473297,3573.88
2014-09-29,0.124625035,27.732147,3855.44
2014-09-30,0.2853214,27.651306,3641.49
2014-10-01,0.49081248,27.366455,2870.44
2014-10-02,0.72809,27.386261,2182.82
2014-10-03,1.0217128,27.435425,1478.53
2014-10-04,0.88640666,27.330536,1513.52
2014-10-05,1.6113819,27.153961,1341.92
2014-10-06,1.9947826,26.59082,1513.52
2014-10-07,1.5900466,26.384766,1341.92
2014-10-08,0.800448,26.955688,1341.92
2014-10-09,0.40382385,27.240479,1365.56
2014-10-10,3.6389744,27.03238,1232.63
2014-10-11,9.525919,26.242432,1459.91
2014-10-12,28.264791,25.10968,1228.14
2014-10-13,25.447536,25.657715,13066.79
2014-10-14,1.2863159,26.875732,10887.87
2014-10-15,2.357169,26.84134,4581.85
2014-10-16,3.3427868,26.321777,2722.52
2014-10-17,3.5152323,25.944489,2531.97
2014-10-18,1.3720444,26.049194,2438.4
2014-10-19,0.34665725,26.349762,1851.07
2014-10-20,0.6102001,26.129028,1648.04
2014-10-21,0.4113186,25.512268,1648.04
2014-10-22,0.13555863,25.13153,2047.63
2014-10-23,0.04254285,24.88501,1478.53
2014-10-24,0.048304167,25.023132,1156.04
2014-10-25,0.6791855,24.964142,1097.98
2014-10-26,4.1597657,23.124207,873.67
2014-10-27,2.5347686,22.522705,855.16
2014-10-28,1.0203384,23.328918,880.44
2014-10-29,0.07578906,23.748535,1132.0
2014-10-30,0.014237796,24.142578,1156.04
2014-10-31,0.0007696713,24.27005,1097.98
2014-11-01,0.0012330447,23.948792,1111.87
2014-11-02,0.001228557,23.997284,1365.56
2014-11-03,0.0012846553,23.475311,1097.98
2014-11-04,0.0013149485,23.104614,880.44
2014-11-05,0.00012902652,23.315063,855.16
2014-11-06,2.2439394e-06,23.361816,756.32
2014-11-07,0.2108316,22.768158,873.67
2014-11-08,0.45993242,23.796814,545.64
2014-11-09,0.2758026,24.617737,556.64
2014-11-10,1.0415672,25.338806,577.75
2014-11-11,1.3020751,25.554321,756.32
2014-11-12,0.81641364,24.95111,747.88
2014-11-13,0.26548386,24.559692,556.64
2014-11-14,0.0151757635,24.294556,545.64
2014-11-15,0.0046180277,23.874786,545.64
2014-11-16,0.08790969,23.642365,555.52
2014-11-17,0.06923339,22.78482,544.98
2014-11-18,0.034325544,21.727722,539.21
2014-11-19,0.0040626526,21.213531,524.21
2014-11-20,4.487879e-05,21.090027,529.09
2014-11-21,0.00025693106,21.297913,524.21
2014-11-22,1.5707577e-05,21.45044,488.04
2014-11-23,1.34636375e-05,21.386414,488.04
2014-11-24,0.00011107501,21.051514,493.79
2014-11-25,0.00015034397,20.5318,488.04
2014-11-26,1.4585607e-05,20.47873,483.39
2014-11-27,0.0,20.699127,431.47
2014-11-28,5.834243e-05,21.293243,453.35
2014-11-29,0.0003837137,21.7807,453.35
2014-11-30,0.00014136819,21.873688,431.47
2014-12-01,5.1610612e-05,21.719849,431.47
2014-12-02,3.3659094e-06,21.057892,380.48
2014-12-03,1.4585607e-05,20.699097,359.55
2014-12-04,0.00019410078,20.477356,375.44
2014-12-05,0.0002670288,20.319214,359.55
2014-12-06,0.00014697804,20.350464,337.17
2014-12-07,0.0013295341,20.36261,359.55
2014-12-08,0.004041335,20.586487,375.44
2014-12-09,0.003729428,21.017578,337.17
2014-12-10,0.0003085417,21.489502,337.17
2014-12-11,0.013068704,21.44278,333.49
2014-12-12,0.04952038,21.166168,303.69
2014-12-13,0.11320002,20.938934,333.49
2014-12-14,0.39612153,20.917877,303.69
2014-12-15,0.7287676,20.949554,299.48
2014-12-16,0.11766657,19.912659,291.4
2014-12-17,0.021774067,17.756744,284.66
2014-12-18,0.0,17.20401,284.66
2014-12-19,6.7318188e-06,17.382965,291.4
2014-12-20,0.00047347124,17.701904,284.66
2014-12-21,6.7318188e-06,17.989166,284.66
2014-12-22,6.1708335e-05,18.022583,267.04
2014-12-23,0.00026927274,18.41864,267.67
2014-12-24,2.2439394e-06,18.69519,284.97
2014-12-25,1.5707577e-05,18.655823,267.67
2014-12-26,0.0,17.725525,284.02
2014-12-27,2.2439394e-06,16.660522,267.67
2014-12-28,0.0,16.62207,267.67
2014-12-29,0.9367258,18.110626,266.41
2014-12-30,1.8624092,19.768005,284.02
2014-12-31,8.657685,19.83612,285.29
2015-01-01,13.866194,20.309723,285.29
2015-01-02,1.9998697,21.283966,299.48
2015-01-03,2.614807,21.668396,299.48
2015-01-04,1.2873526,21.438568,291.4
2015-01-05,0.082722835,19.567688,291.4
2015-01-06,0.011412676,18.808746,284.02
2015-01-07,0.004155776,18.892822,284.02
2015-01-08,0.22663228,18.75586,291.4
2015-01-09,0.037092324,17.853333,299.48
2015-01-10,0.0,18.125366,333.49
2015-01-11,0.0,17.72351,303.69
2015-01-12,0.00038034777,17.865997,299.48
2015-01-13,0.0010916766,17.932678,291.4
2015-01-14,0.00016268561,18.800446,285.29
2015-01-15,0.00026254094,19.088867,285.29
2015-01-16,0.0040547987,18.847534,267.04
2015-01-17,0.00045215382,18.22287,285.29
2015-01-18,0.004184947,17.432068,267.04
2015-01-19,0.003940358,17.628784,267.04
2015-01-20,0.00023785759,18.0766,285.29
2015-01-21,0.00023112577,18.756653,267.04
2015-01-22,2.3561364e-05,19.50003,285.29
2015-01-23,0.009242787,20.370178,267.04
2015-01-24,0.024513919,21.153198,284.02
2015-01-25,0.009247275,21.60669,267.04
2015-01-26,0.0046976875,21.835022,259.45
2015-01-27,0.025453007,22.059479,259.45
2015-01-28,0.08685168,22.101288,284.2
2015-01-29,0.20796494,21.787842,267.04
2015-01-30,0.21528244,20.312256,258.82
2015-01-31,0.12653014,19.16156,258.82
2015-02-01,0.019849889,19.649963,266.41
2015-02-02,0.0013250463,20.726868,249.47
2015-02-03,4.2634852e-05,21.835175,209.97
2015-02-04,0.00022215,22.60257,209.97
2015-02-05,0.0026422387,22.236023,206.54
2015-02-06,3.926894e-05,21.589783,206.54
2015-02-07,0.0005172281,21.957764,203.86
2015-02-08,0.013918036,22.378296,196.14
2015-02-09,0.20292282,21.905945,192.78
2015-02-10,0.13722363,22.398193,182.78
2015-02-11,1.019341,22.039917,177.67
2015-02-12,3.6387277,20.967346,166.29
2015-02-13,0.20755094,21.972656,164.63
2015-02-14,0.07241193,22.33728,164.63
2015-02-15,0.019062268,23.771362,168.29
2015-02-16,0.15913346,23.911926,161.72
2015-02-17,0.10786393,24.469147,164.63
2015-02-18,0.23552616,25.057281,168.29
2015-02-19,0.13194364,24.87967,161.72
2015-02-20,0.10683508,24.785583,154.63
2015-02-21,0.08919099,24.734375,157.26
2015-02-22,0.0042118747,25.351105,159.09
2015-02-23,0.00041737274,25.538208,152.96
2015-02-24,1.1219697e-06,25.934998,157.26
2015-02-25,0.0,26.153564,151.75
2015-02-26,0.00013575834,26.427246,152.96
2015-02-27,0.0036306942,26.25592,152.96
2015-02-28,0.022486517,26.359772,151.75
2015-03-01,0.69384634,24.871857,151.16
2015-03-02,4.985506,23.187805,154.63
2015-03-03,1.2726638,24.440948,157.26
2015-03-04,1.1936512,23.892334,168.29
2015-03-05,0.030529918,23.850952,154.63
2015-03-06,0.040820625,24.295288,154.63
2015-03-07,0.032366585,24.864075,152.96
2015-03-08,0.02602409,25.809692,151.16
2015-03-09,0.6350192,26.194397,154.63
2015-03-10,0.5052241,26.700012,152.96
2015-03-11,0.12242934,27.21347,151.16
2015-03-12,0.070702046,27.08789,151.75
2015-03-13,0.15323864,27.36139,152.96
2015-03-14,0.39864597,27.20282,149.72
2015-03-15,0.32407984,27.003326,149.72
2015-03-16,0.1549474,26.588074,147.87
2015-03-17,0.07602018,27.637634,146.69
2015-03-18,0.38185793,27.101746,149.72
2015-03-19,0.04020915,26.78128,146.69
2015-03-20,0.008369895,27.311523,149.72
2015-03-21,0.0026545806,27.600525,151.16
2015-03-22,0.00077415915,28.310059,147.87
2015-03-23,0.015198204,29.093079,146.69
2015-03-24,0.33788118,29.129456,149.72
2015-03-25,0.59771264,28.912384,151.16
2015-03-26,0.16758303,28.866333,152.96
2015-03-27,1.3761352,28.670532,152.96
2015-03-28,2.3623152,28.21405,149.72
2015-03-29,0.75962967,28.804169,149.72
2015-03-30,3.3189058,26.109467,146.69
2015-03-31,0.8944579,27.918518,151.16
2015-04-01,0.2410395,29.357666,152.96
2015-04-02,0.24272919,29.809021,149.72
2015-04-03,0.0005968879,30.631409,149.72
2015-04-04,0.11116477,30.629333,146.69
2015-04-05,0.48125547,30.027496,143.58
2015-04-06,0.7422413,29.659607,140.48
2015-04-07,4.067973,29.253235,140.48
2015-04-08,4.3617096,28.007874,137.65
2015-04-09,0.87698317,28.237122,137.65
2015-04-10,0.7465699,29.19049,140.48
2015-04-11,3.4695404,27.546204,140.48
2015-04-12,6.4824486,24.881256,143.58
2015-04-13,2.4635136,25.39087,146.69
2015-04-14,1.6144986,25.580566,152.96
2015-04-15,2.63661,25.823242,203.86
2015-04-16,0.90717095,27.285034,206.54
2015-04-17,1.1494299,27.890503,196.14
2015-04-18,0.01116472,30.046082,157.26
2015-04-19,0.011152378,31.518433,168.29
2015-04-20,0.3719554,31.846527,206.54
2015-04-21,0.48506007,32.040833,210.91
2015-04-22,0.749753,31.772156,206.54
2015-04-23,2.0847614,30.742126,206.54
2015-04-24,5.406062,28.164764,196.14
2015-04-25,6.3270164,26.938782,168.29
2015-04-26,4.60539,26.886566,177.67
2015-04-27,2.5688396,28.126617,157.26
2015-04-28,2.1587665,28.762634,157.26
2015-04-29,0.7099757,29.459381,154.63
2015-04-30,0.22130069,30.212646,168.29
2015-05-01,0.3399939,30.967285,182.78
2015-05-02,0.78529924,31.041565,168.29
2015-05-03,1.2643914,30.18518,157.26
2015-05-04,1.480006,29.575928,154.63
2015-05-05,1.2842458,30.061066,153.73
2015-05-06,0.9881761,30.671997,168.29
2015-05-07,0.35495758,31.088226,196.14
2015-05-08,0.17880383,31.9422,177.68
2015-05-09,0.3143535,32.02838,182.78
2015-05-10,1.0943469,31.386902,203.86
2015-05-11,1.574744,29.89093,196.14
2015-05-12,0.4314658,31.211243,209.97
2015-05-13,2.667879,30.624939,206.54
2015-05-14,2.4308631,30.868774,203.86
2015-05-15,6.919735,29.721802,196.14
2015-05-16,9.131154,28.624756,192.78
2015-05-17,0.85022193,29.934143,191.85
2015-05-18,0.3277756,31.52713,209.97
2015-05-19,0.17677532,32.61682,203.86
2015-05-20,0.11900734,33.393097,196.14
2015-05-21,0.027900023,34.099,168.29
2015-05-22,0.018985972,34.426605,157.26
2015-05-23,0.2100406,34.59793,153.73
2015-05-24,0.14736736,34.65326,191.85
2015-05-25,0.12260102,34.849426,168.29
2015-05-26,0.1775001,34.060364,159.09
2015-05-27,0.2720272,33.719666,157.26
2015-05-28,0.08105558,33.741974,159.09
2015-05-29,0.11571997,34.06201,164.63
2015-05-30,0.22103815,34.011047,168.29
2015-05-31,2.5617993,32.210876,161.72
2015-06-01,0.88224185,30.813354,159.09
2015-06-02,2.9880917,30.657166,161.72
2015-06-03,2.8912296,29.935303,168.29
2015-06-04,4.925836,29.890076,177.67
2015-06-05,8.038104,29.394348,168.29
2015-06-06,3.4340622,29.85733,192.78
2015-06-07,2.8673744,30.752594,182.78
2015-06-08,3.2235413,31.63507,209.97
2015-06-09,0.78798074,32.334015,284.02
2015-06-10,0.8552922,33.54065,375.44
2015-06-11,7.0297976,32.247833,529.09
2015-06-12,12.0424595,28.064087,577.75
2015-06-13,13.219805,28.329315,555.52
2015-06-14,16.388376,27.379913,453.35
2015-06-15,12.400928,27.686798,359.55
2015-06-16,9.713935,28.37967,375.44
2015-06-17,7.5587845,28.771545,431.47
2015-06-18,6.5577207,29.06897,544.98
2015-06-19,8.064238,29.013062,555.52
2015-06-20,15.669287,28.283508,756.32
2015-06-21,33.53731,27.052734,747.88
2015-06-22,31.311653,26.018433,577.75
2015-06-23,20.884268,26.643524,1097.98
2015-06-24,6.7503242,28.042358,1111.98
2015-06-25,6.1672873,28.121887,2047.63
2015-06-26,2.853702,28.494019,2531.97
2015-06-27,4.7582097,28.880524,2220.59
2015-06-28,7.48686,28.083893,1478.53
2015-06-29,10.709775,27.965637,1111.87
2015-06-30,12.212347,27.227722,855.16
2015-07-01,13.294219,27.001587,756.32
2015-07-02,11.459114,27.418823,754.97
2015-07-03,6.461502,28.386719,577.75
2015-07-04,3.2174537,29.163452,747.88
2015-07-05,7.3125153,29.684357,756.32
2015-07-06,6.4599376,29.008362,855.16
2015-07-07,13.311057,28.655151,855.16
2015-07-08,16.28897,27.390503,873.17
2015-07-09,25.035135,26.567352,844.94
2015-07-10,32.871174,25.727692,747.58
2015-07-11,14.611418,26.349121,754.97
2015-07-12,1.8515675,28.242584,1097.98
2015-07-13,7.737914,28.758423,3355.32
2015-07-14,5.502345,29.124695,3573.88
2015-07-15,12.6553335,28.511719,2531.97
2015-07-16,15.288212,27.664368,2776.19
2015-07-17,12.690613,27.41919,8397.41
2015-07-18,10.607785,27.281372,8436.45
2015-07-19,8.513415,27.372131,8811.7
2015-07-20,8.966757,27.328125,9794.64
2015-07-21,13.746746,27.414215,6521.68
2015-07-22,19.874067,26.898224,5336.09
2015-07-23,14.988169,26.559082,3453.64
2015-07-24,13.021651,27.027649,3237.91
2015-07-25,23.128483,26.654907,2191.78
2015-07-26,14.659811,27.103333,2438.4
2015-07-27,17.095144,27.20581,3237.91
2015-07-28,9.674979,27.603088,5930.29
2015-07-29,2.9843981,28.420319,8397.41
2015-07-30,6.2045445,28.172607,5283.32
2015-07-31,10.877137,27.668823,4213.43
2015-08-01,12.237723,27.094788,2870.44
2015-08-02,28.188269,26.71228,2491.78
2015-08-03,25.787947,25.858002,2531.97
2015-08-04,3.3740234,26.935211,3855.44
2015-08-05,0.4392007,26.791443,2973.88
2015-08-06,1.0191592,26.239685,12401.31
2015-08-07,2.1584468,27.374084,10396.7
2015-08-08,2.8340025,28.396698,6521.68
2015-08-09,5.016585,28.846436,3855.44
2015-08-10,10.443679,28.59436,3355.32
2015-08-11,9.4589815,28.136871,2182.82
2015-08-12,15.02056,27.392426,1365.56
2015-08-13,8.04418,27.674072,1569.36
2015-08-14,2.1930447,28.019379,1132.0
2015-08-15,9.821792,28.014801,1132.0
2015-08-16,19.92946,26.96817,1365.56
2015-08-17,13.474145,27.441284,1771.94
2015-08-18,9.3209915,27.676147,1945.03
2015-08-19,6.4562845,27.672638,1851.08
2015-08-20,1.9746408,27.889038,2531.97
2015-08-21,3.00055,28.013184,2491.78
2015-08-22,2.9615257,27.852966,2130.21
2015-08-23,6.610507,27.902985,1569.36
2015-08-24,8.783783,27.806427,1197.12
2015-08-25,10.312403,27.839752,1156.04
2015-08-26,17.409668,27.038727,1163.58
2015-08-27,22.33833,26.897858,1478.53
2015-08-28,13.106608,27.339386,2220.59
2015-08-29,9.310378,27.587616,5868.35
2015-08-30,13.613294,27.418884,5422.85
2015-08-31,15.875637,27.043762,8154.1
2015-09-01,8.845026,27.125671,159.09
2015-09-02,5.5486283,27.312439,161.72
2015-09-03,4.2776604,27.975555,168.29
2015-09-04,2.1855836,28.413818,177.67
2015-09-05,4.2668543,28.262207,168.29
2015-09-06,3.5368931,28.374268,192.78
2015-09-07,2.8642294,28.135742,182.78
2015-09-08,3.7420046,27.838104,209.97
2015-09-09,1.5442748,28.504578,284.02
2015-09-10,3.9147177,28.672272,375.44
2015-09-11,6.8161316,28.189209,529.09
2015-09-12,6.8493752,27.483276,577.75
2015-09-13,10.461597,27.361633,555.52
2015-09-14,18.001099,27.517609,453.35
2015-09-15,20.423258,26.717926,375.44
2015-09-16,25.317287,26.485535,431.47
2015-09-17,5.6742063,27.291687,544.98
2015-09-18,5.38514,28.227905,555.52
2015-09-19,18.989954,27.64212,756.32
2015-09-20,29.052855,26.012726,747.88
2015-09-21,9.469888,26.228027,577.75
2015-09-22,1.5011753,27.938507,1097.98
2015-09-23,1.5049081,28.443604,1111.87
2015-09-24,1.0787808,28.198334,2047.63
2015-09-25,0.5104076,28.456055,2047.63
2015-09-26,0.5606528,28.046509,2531.97
2015-09-27,0.50454867,27.840637,2220.59
2015-09-28,0.8503061,27.90622,1478.53
2015-09-29,0.32277614,28.154602,1111.87
2015-09-30,1.1293793,28.472656,855.16
2015-10-01,2.067007,28.4917,1156.04
2015-10-02,1.7822995,28.580322,1097.98
2015-10-03,2.4782944,28.322998,1156.04
2015-10-04,2.08232,27.888672,1111.87
2015-10-05,0.6792708,27.587524,1138.76
2015-10-06,1.5859929,27.310577,873.67
2015-10-07,6.5634484,26.87799,855.16
2015-10-08,1.5037862,27.478363,844.94
2015-10-09,0.8577728,27.525818,855.16
2015-10-10,0.018883875,27.872314,844.94
2015-10-11,0.05842994,28.054108,844.94
2015-10-12,0.23651011,27.520508,837.99
2015-10-13,0.5684011,27.463287,837.99
2015-10-14,1.0637047,27.1138,754.97
2015-10-15,0.89827925,26.806763,577.75
2015-10-16,0.6804309,26.987152,555.52
2015-10-17,0.41722465,27.159912,545.64
2015-10-18,0.22666147,27.2482,577.75
2015-10-19,0.09623807,27.34845,747.88
2015-10-20,0.08260166,27.373077,577.75
2015-10-21,0.104872756,27.33429,555.52
2015-10-22,0.21373075,27.179321,577.75
2015-10-23,0.11914309,27.26471,577.75
2015-10-24,0.15996933,26.669708,747.88
2015-10-25,0.03220502,26.218689,754.97
2015-10-26,0.0063178116,25.883972,747.88
2015-10-27,0.12710123,25.845215,837.99
2015-10-28,0.28252208,25.693817,837.99
2015-10-29,5.7373204,24.532318,754.97
2015-10-30,17.684061,23.24762,837.99
2015-10-31,5.6022534,23.83902,844.94
2015-11-01,4.479011,24.23993,844.94
2015-11-02,3.4163048,24.875885,837.94
2015-11-03,0.57471496,25.551666,754.97
2015-11-04,0.09172551,25.740662,754.97
2015-11-05,0.033461627,25.542542,754.97
2015-11-06,0.08246703,25.317444,754.97
2015-11-07,0.060874715,25.299896,754.97
2015-11-08,0.036685042,25.119202,747.88
2015-11-09,0.011973661,24.521729,754.97
2015-11-10,0.02328985,24.352142,754.97
2015-11-11,0.00020756442,24.306183,837.99
2015-11-12,0.00029395608,24.16687,754.97
2015-11-13,0.0,24.21399,747.88
2015-11-14,0.0,24.178864,747.88
2015-11-15,0.0,24.428802,577.75
2015-11-16,0.14404632,24.418274,577.75
2015-11-17,5.0060496,22.59021,555.52
2015-11-18,2.0557563,22.900269,545.64
2015-11-19,0.004492367,22.929321,545.64
2015-11-20,0.00052956975,22.98761,555.52
2015-11-21,5.1610605e-05,23.047485,747.88
2015-11-22,0.00038034774,23.130127,577.75
2015-11-23,0.000595766,23.21997,577.75
2015-11-24,0.0006473766,23.283142,555.52
2015-11-25,3.7025e-05,23.225372,538.98
2015-11-26,0.0021990607,23.158203,524.21
2015-11-27,0.010945938,23.613708,453.35
2015-11-28,0.028504765,23.985168,389.48
2015-11-29,0.0070684096,23.804321,380.48
2015-11-30,0.023993323,23.73706,380.48
2015-12-01,0.02088098,24.651886,453.35
2015-12-02,1.0716776,23.925812,380.48
2015-12-03,0.55208766,23.67163,380.48
2015-12-04,0.06501479,23.46701,359.55
2015-12-05,0.038518343,23.187561,333.49
2015-12-06,0.12810875,22.409485,299.48
2015-12-07,0.06577436,21.77118,299.48
2015-12-08,0.0057658027,21.28601,303.69
2015-12-09,0.0018669578,21.373352,299.48
2015-12-10,0.00023112577,22.016022,285.29
2015-12-11,0.081028655,23.201782,267.04
2015-12-12,0.07807339,24.346985,267.04
2015-12-13,1.4103856,24.09134,259.45
2015-12-14,3.8318086,22.744019,249.47
2015-12-15,0.85929984,21.214722,244.47
2015-12-16,1.293114,20.841278,249.47
2015-12-17,5.5017934,21.501556,209.97
2015-12-18,1.771854,20.707,209.97
2015-12-19,0.19623028,19.231934,206.54
2015-12-20,0.35456264,20.610413,206.54
2015-12-21,1.9564023,21.22647,203.86
2015-12-22,2.1879106,21.046783,203.86
2015-12-23,2.0547059,21.296783,206.54
2015-12-24,2.7857141,20.75058,206.45
2015-12-25,0.4015979,17.612213,206.54
2015-12-26,0.0,17.004578,200.0
2015-12-27,0.0,18.215393,200.0
2015-12-28,0.0,19.615265,192.78
2015-12-29,5.609849e-06,20.51242,192.78
2015-12-30,4.936667e-05,20.762207,192.78
2015-12-31,3.1415155e-05,21.077515,192.78
2016-01-01,0.0027005814,21.275238,177.67
2016-01-02,0.008231893,21.165283,161.72
2016-01-03,0.043453887,20.641968,161.72
2016-01-04,0.026682684,20.023804,157.26
2016-01-05,0.00438578,20.186554,153.73
2016-01-06,0.00069449923,20.653778,153.73
2016-01-07,0.004917593,20.942505,153.73
2016-01-08,0.0012554842,21.506714,149.72
2016-01-09,0.0,21.387299,140.48
2016-01-10,0.0059397086,20.476593,140.48
2016-01-11,0.0005789364,20.00763,140.48
2016-01-12,0.0041692397,19.944672,137.65
2016-01-13,0.0021294986,20.138,137.65
2016-01-14,0.00066645,20.750519,140.48
2016-01-15,0.0026254093,21.284332,140.48
2016-01-16,0.09144839,21.859772,140.48
2016-01-17,0.39920136,21.430023,140.48
2016-01-18,0.76907885,21.749939,137.65
2016-01-19,1.1298246,21.606598,133.03
2016-01-20,1.6827819,19.996643,133.03
2016-01-21,0.34964165,18.03189,133.03
2016-01-22,3.3659094e-06,17.490753,137.65
2016-01-23,3.3659094e-06,17.562012,137.65
2016-01-24,1.34636375e-05,18.170227,137.65
2016-01-25,0.00064288866,19.079407,137.65
2016-01-26,0.008501166,20.309753,140.48
2016-01-27,0.15886419,21.795776,140.48
2016-01-28,0.14859593,22.413818,140.48
2016-01-29,0.060240805,22.056305,146.52
2016-01-30,0.004787445,23.151337,140.48
2016-01-31,0.0009503084,24.006836,140.48
2016-02-01,0.012680503,24.159546,137.65
2016-02-02,0.077148885,24.613434,137.65
2016-02-03,0.17370224,23.610138,137.65
2016-02-04,0.32995,22.151855,140.48
2016-02-05,0.09598452,22.320007,140.48
2016-02-06,0.07466148,23.02826,137.65
2016-02-07,0.12373981,24.021423,137.65
2016-02-08,0.11659398,24.203674,137.65
2016-02-09,0.10989469,23.087463,133.03
2016-02-10,0.017157163,23.965637,133.03
2016-02-11,0.24802937,24.761536,133.03
2016-02-12,0.09278353,25.270447,137.65
2016-02-13,0.14188428,25.714355,137.65
2016-02-14,0.132462,25.922546,137.65
2016-02-15,0.72010607,25.972046,140.48
2016-02-16,0.053083755,26.061798,140.48
2016-02-17,0.000105465166,26.385864,133.03
2016-02-18,0.0,26.990173,133.03
2016-02-19,0.0,27.527588,133.03
2016-02-20,0.0013127046,28.057556,129.46
2016-02-21,0.013838376,27.923218,129.46
2016-02-22,0.0009536743,27.331482,129.46
2016-02-23,0.23484959,26.61734,133.03
2016-02-24,2.8759046,26.014038,133.03
2016-02-25,4.0452957,25.778564,129.46
2016-02-26,9.687189,24.633118,129.46
2016-02-27,6.1638036,24.347717,133.03
2016-02-28,0.97347033,25.443756,133.03
2016-02-29,0.4344054,25.548218,133.03
2016-03-01,0.57493544,25.949493,129.46
2016-03-02,0.16937031,26.393799,129.46
2016-03-03,0.04169464,26.842438,133.03
2016-03-04,0.47169963,27.1427,137.65
2016-03-05,1.138888,27.08728,133.03
2016-03-06,1.3398675,26.411163,133.03
2016-03-07,0.3618532,26.636658,133.03
2016-03-08,0.055350132,27.143677,129.46
2016-03-09,0.07945903,27.87323,129.46
2016-03-10,0.044387374,28.37793,133.03
2016-03-11,0.003939236,28.766022,133.03
2016-03-12,0.34351236,28.8042,133.03
2016-03-13,0.86192185,26.819702,133.03
2016-03-14,1.8455617,25.546326,133.03
2016-03-15,2.3549707,26.332397,133.03
2016-03-16,0.597993,26.9982,133.03
2016-03-17,1.6491038,27.557495,133.03
2016-03-18,0.59833413,28.544983,137.65
2016-03-19,0.7203236,29.218872,137.65
2016-03-20,0.0008010865,29.379395,140.48
2016-03-21,0.00025917502,29.57013,140.48
2016-03-22,0.0084540425,29.095581,137.65
2016-03-23,0.00821955,28.262573,137.65
2016-03-24,0.013447929,28.666443,133.03
2016-03-25,0.011589948,29.261414,133.03
2016-03-26,0.00033546897,29.83609,133.03
2016-03-27,1.2228731,29.801422,133.03
2016-03-28,0.23222528,28.496124,133.03
2016-03-29,0.0889722,29.610352,133.03
2016-03-30,1.1677943,29.333405,133.03
2016-03-31,0.9841975,29.38794,133.03
2016-04-01,0.17512938,30.192413,126.78
2016-04-02,0.1320435,30.85492,126.78
2016-04-03,0.016516518,31.689636,126.78
2016-04-04,0.3306512,32.00415,129.46
2016-04-05,0.94281137,31.182983,129.46
2016-04-06,1.3905772,30.823334,129.46
2016-04-07,1.0058347,30.95929,126.78
2016-04-08,0.25620627,31.379944,126.78
2016-04-09,0.088624395,32.11975,126.78
2016-04-10,0.021158107,32.555206,129.46
2016-04-11,0.026291117,32.990784,129.46
2016-04-12,0.0011298235,32.817383,129.46
2016-04-13,0.0047436883,32.14435,133.03
2016-04-14,0.0038472344,32.15799,133.03
2016-04-15,0.001228557,32.809692,133.03
2016-04-16,0.025074901,33.558167,129.46
2016-04-17,0.06716447,33.811157,129.46
2016-04-18,0.68565255,33.104675,129.46
2016-04-19,0.075468175,33.47003,126.78
2016-04-20,0.19738479,33.845825,133.03
2016-04-21,0.23038976,34.216003,129.46
2016-04-22,0.07651946,34.02661,129.46
2016-04-23,0.031775307,33.866547,129.46
2016-04-24,0.013708227,33.07318,126.78
2016-04-25,0.23011711,33.287354,126.78
2016-04-26,1.1821657,32.869812,126.78
2016-04-27,0.46837753,33.386444,126.78
2016-04-28,0.884957,32.719574,126.78
2016-04-29,1.0778618,32.706207,126.78
2016-04-30,0.9041382,31.564575,126.78
2016-05-01,0.33769158,32.53354,129.46
2016-05-02,0.4383233,33.16858,133.03
2016-05-03,1.7246404,31.538818,133.03
2016-05-04,1.0047576,30.955566,137.65
2016-05-05,0.99115145,30.700043,137.65
2016-05-06,0.6031889,30.233643,137.65
2016-05-07,0.64121026,31.376709,140.48
2016-05-08,2.0023737,30.488434,133.03
2016-05-09,1.3898536,31.057648,133.03
2016-05-10,2.7911813,30.777527,129.46
2016-05-11,1.7941206,30.954956,129.46
2016-05-12,1.288285,31.739075,133.03
2016-05-13,0.69482803,32.421997,133.03
2016-05-14,0.56075037,32.481934,129.46
2016-05-15,0.84100384,32.868774,129.46
2016-05-16,0.7345312,32.712708,126.78
2016-05-17,0.88871676,31.87738,126.78
2016-05-18,4.7870803,31.170013,133.03
2016-05-19,9.340637,29.840118,137.65
2016-05-20,16.87866,29.12613,137.65
2016-05-21,0.5265976,31.19281,140.48
2016-05-22,0.31793928,32.96933,140.48
2016-05-23,0.38177487,33.06183,149.72
2016-05-24,0.6783407,32.897827,149.72
2016-05-25,0.80370957,32.180176,153.73
2016-05-26,0.18534492,32.476715,157.26
2016-05-27,0.8267178,32.047363,177.67
2016-05-28,0.46516082,31.769196,149.72
2016-05-29,0.39634705,31.328552,149.72
2016-05-30,1.0867838,31.9711,177.67
2016-05-31,0.64647675,32.73889,177.67
2016-06-01,1.7321429,32.04773,157.26
2016-06-02,0.8976185,32.289307,177.67
2016-06-03,5.3486238,31.075256,249.47
2016-06-04,5.332431,30.384827,267.04
2016-06-05,2.868668,30.59488,267.04
2016-06-06,5.089311,30.687347,249.47
2016-06-07,5.154594,30.474579,249.47
2016-06-08,8.692973,29.77002,177.67
2016-06-09,4.804078,30.321686,157.26
2016-06-10,1.3620185,32.178925,157.26
2016-06-11,1.8997933,32.414276,157.26
2016-06-12,3.5872953,31.67633,149.72
2016-06-13,5.1590524,31.206177,153.73
2016-06-14,1.0152817,31.944427,153.73
2016-06-15,2.8299904,31.721619,149.72
2016-06-16,8.409971,30.17807,149.72
2016-06-17,19.940887,28.026733,157.26
2016-06-18,13.225835,27.815277,196.14
2016-06-19,4.536919,28.47403,196.14
2016-06-20,1.8764945,29.64801,177.67
2016-06-21,1.1643835,30.560303,157.26
2016-06-22,2.8703284,30.27771,196.14
2016-06-23,8.693204,29.566772,249.47
2016-06-24,7.864815,28.709473,196.14
2016-06-25,4.9028115,29.74997,196.14
2016-06-26,10.422015,28.796814,177.67
2016-06-27,18.59314,28.249084,177.67
2016-06-28,6.812903,28.174469,157.26
2016-06-29,5.0346475,28.797516,157.26
2016-06-30,6.286263,29.102356,157.26
2016-07-01,23.17324,28.745178,157.26
2016-07-02,24.534626,27.488037,153.73
2016-07-03,30.234741,26.646484,153.73
2016-07-04,22.058428,26.902832,153.73
2016-07-05,19.368614,26.57254,157.26
2016-07-06,9.4714985,27.369324,249.47
2016-07-07,13.306825,27.024597,267.04
2016-07-08,14.673092,26.129944,267.04
2016-07-09,17.701439,26.265503,267.04
2016-07-10,16.037113,26.290924,249.47
2016-07-11,11.702873,26.541412,249.47
2016-07-12,5.3876443,26.908752,267.04
2016-07-13,1.669518,27.8143,299.49
2016-07-14,11.418993,28.209259,380.48
2016-07-15,23.778215,27.250153,380.48
2016-07-16,10.181992,26.391998,539.01
2016-07-17,10.122256,27.111969,453.35
2016-07-18,9.2776985,26.828247,380.48
2016-07-19,9.113315,27.042908,453.35
2016-07-20,11.204135,27.681702,488.04
2016-07-21,15.906431,27.704285,539.21
2016-07-22,10.627203,27.24936,539.21
2016-07-23,7.6357145,27.641876,458.04
2016-07-24,8.458325,27.518433,458.04
2016-07-25,12.388898,27.57132,1232.63
2016-07-26,16.538807,25.996948,1232.63
2016-07-27,4.9132853,27.194214,1341.92
2016-07-28,3.4955149,28.529846,1341.92
2016-07-29,6.4513106,28.355133,1232.63
2016-07-30,10.078335,27.783356,1475.53
2016-07-31,10.119176,27.132538,1232.63
2016-08-01,15.091603,27.087463,1232.63
2016-08-02,19.75347,26.246613,1232.63
2016-08-03,22.164896,26.295929,1341.92
2016-08-04,34.951565,25.930817,1569.36
2016-08-05,29.925861,25.94104,1569.36
2016-08-06,23.19422,26.093842,8658.58
2016-08-07,10.669831,26.471527,12401.31
2016-08-08,9.160049,27.39746,16063.0
2016-08-09,22.640272,27.056396,14212.09
2016-08-10,18.162317,26.717041,155506.0
2016-08-11,17.137184,26.930206,157789.14
2016-08-12,11.511691,27.4422,161104.94
2016-08-13,7.234891,27.623566,10088.4
2016-08-14,9.296961,27.832794,6521.0
2016-08-15,15.784903,26.729248,4213.43
2016-08-16,17.855333,26.289612,3575.88
2016-08-17,17.138483,25.920532,3453.69
2016-08-18,10.82513,26.295776,9968.31
2016-08-19,0.8815103,27.759949,4976.73
2016-08-20,0.25658104,28.251831,3355.32
2016-08-21,3.872334,28.170502,2531.97
2016-08-22,14.957533,26.378235,2130.21
2016-08-23,4.6631026,27.422577,2130.21
2016-08-24,10.312444,28.082672,2047.63
2016-08-25,14.0145,27.644135,1945.03
2016-08-26,9.260961,27.452026,1569.36
2016-08-27,4.0923095,28.226868,1648.04
2016-08-28,1.7690277,28.843658,1648.04
2016-08-29,6.936117,29.116577,1851.08
2016-08-30,9.937263,28.497559,2047.83
2016-08-31,9.910087,27.64392,1851.08
2016-09-01,9.463863,27.327026,1648.04
2016-09-02,12.934446,27.238525,1341.92
2016-09-03,25.881716,26.321472,1341.92
2016-09-04,22.057539,25.492188,1365.56
2016-09-05,10.648311,25.92981,2491.78
2016-09-06,4.98089,26.324097,15101.38
2016-09-07,6.5578785,26.405792,8861.7
2016-09-08,8.747373,26.661621,6953.7
2016-09-09,13.520871,27.092957,4213.43
2016-09-10,13.848654,27.281036,6953.71
2016-09-11,11.814703,27.086609,8486.45
2016-09-12,10.975758,26.951569,8154.0
2016-09-13,11.284167,27.048737,14031.43
2016-09-14,7.8249907,27.20691,8154.1
2016-09-15,4.868106,27.691406,11859.13
2016-09-16,4.926778,28.126923,12401.0
2016-09-17,6.308163,27.887604,12401.0
2016-09-18,9.0300865,27.845856,5335.09
2016-09-19,9.154636,27.913544,4581.85
2016-09-20,6.5527663,27.936584,3573.88
2016-09-21,5.597736,27.317688,2531.97
2016-09-22,6.7402177,27.094849,2182.82
2016-09-23,10.6983385,26.838501,2238.99
2016-09-24,9.869552,26.978912,2238.99
2016-09-25,9.532867,27.140991,2491.78
2016-09-26,11.267536,26.927063,2491.78
2016-09-27,10.578232,26.683228,2182.82
2016-09-28,13.262092,26.491974,1945.03
2016-09-29,12.602571,26.525574,1851.08
2016-09-30,7.0897527,26.691925,2220.59
2016-10-01,5.4802456,27.033173,12401.0
2016-10-02,3.4111402,27.229156,6953.71
2016-10-03,2.670388,27.675446,9968.31
2016-10-04,3.756781,27.890167,10887.87
2016-10-05,10.169685,27.547852,6953.71
2016-10-06,15.413905,26.585571,5283.21
2016-10-07,14.930168,26.161621,2922.96
2016-10-08,11.735723,26.475494,6521.98
2016-10-09,13.047034,26.476349,5932.29
2016-10-10,6.36239,26.680847,5932.29
2016-10-11,0.8616066,27.29007,6521.98
2016-10-12,0.022786085,26.859894,10088.4
2016-10-13,0.01947403,26.357178,11006.56
2016-10-14,0.03180896,25.668335,9794.64
2016-10-15,0.016820572,25.344055,6804.31
2016-10-16,0.0018602258,25.252441,3335.32
2016-10-17,0.00040166514,25.543793,3453.64
2016-10-18,0.01960642,25.746521,1945.03
2016-10-19,0.035581026,25.50824,2047.63
2016-10-20,0.008747999,25.261261,1569.36
2016-10-21,0.0029608782,25.030426,1156.36
2016-10-22,0.00067093794,24.901337,1341.92
2016-10-23,0.0009637721,25.007263,1156.04
2016-10-24,0.0,24.578796,873.67
2016-10-25,0.0006462546,24.704376,880.44
2016-10-26,1.1726906,24.755554,880.44
2016-10-27,1.2830263,24.743164,880.44
2016-10-28,0.91315776,25.589355,754.97
2016-10-29,1.2133845,25.408813,754.97
2016-10-30,0.25195515,25.141724,747.88
2016-10-31,0.32197618,24.977325,747.88
2016-11-01,0.51858115,24.934082,747.88
2016-11-02,0.42026857,25.41803,747.88
2016-11-03,6.1986666,24.88556,754.97
2016-11-04,22.540838,24.237396,577.75
2016-11-05,2.5525408,23.918365,488.04
2016-11-06,0.042408213,23.39206,453.35
2016-11-07,6.7318188e-06,22.367828,453.35
2016-11-08,0.00021766213,22.042969,380.48
2016-11-09,1.7951517e-05,21.494446,299.49
2016-11-10,7.517198e-05,21.655243,380.48
2016-11-11,0.0004532758,21.960876,299.49
2016-11-12,0.00025468713,22.44519,380.48
2016-11-13,4.1512885e-05,23.159393,359.55
2016-11-14,0.0061001494,23.678375,380.48
2016-11-15,0.08437886,23.268738,431.47
2016-11-16,0.018189374,22.401917,359.55
2016-11-17,3.3659094e-06,21.3909,359.55
2016-11-18,2.9171215e-05,21.04718,359.55
2016-11-19,0.00033995687,21.138184,303.69
2016-11-20,0.00041625078,21.354034,299.49
2016-11-21,0.00047010533,21.249084,299.49
2016-11-22,3.0293184e-05,21.025421,285.29
2016-11-23,0.000408397,21.225159,249.47
2016-11-24,0.00027712653,21.319489,249.47
2016-11-25,3.8146973e-05,21.048492,209.97
2016-11-26,1.5707577e-05,21.673584,191.14
2016-11-27,0.00027937046,21.778992,184.46
2016-11-28,0.00062381517,21.491028,184.46
2016-11-29,0.00020868637,21.598877,177.67
2016-11-30,0.0015786116,21.357452,177.67
2016-12-01,0.32337525,21.839905,177.67
2016-12-02,0.47814313,22.499146,184.46
2016-12-03,0.07095786,22.993652,184.46
2016-12-04,0.001117482,22.288788,177.67
2016-12-05,0.0003691281,21.049133,177.67
2016-12-06,0.00032985912,20.57434,177.67
2016-12-07,1.1219697e-06,20.653412,168.29
2016-12-08,1.2341668e-05,20.273132,168.29
2016-12-09,0.00020532047,19.694641,168.29
2016-12-10,0.013634177,19.61316,177.67
2016-12-11,0.12012257,20.827148,177.67
2016-12-12,0.040415596,21.466919,177.67
2016-12-13,0.0,21.538239,168.29
2016-12-14,0.0017592487,21.021576,168.29
2016-12-15,3.3659094e-06,20.386078,168.29
2016-12-16,0.0,19.631104,177.67
2016-12-17,2.2439394e-06,19.037506,177.67
2016-12-18,2.1317426e-05,18.75592,177.67
2016-12-19,0.00047459317,18.860626,168.29
2016-12-20,0.0,18.912292,168.29
2016-12-21,5.609849e-06,19.212158,168.29
2016-12-22,9.873334e-05,18.979279,164.63
2016-12-23,0.00072591443,18.956116,164.63
2016-12-24,0.00021990607,19.664276,164.63
2016-12-25,0.0010243584,20.444885,168.29
2016-12-26,0.00053517957,20.242004,168.29
2016-12-27,0.0014226576,19.321564,168.29
2016-12-28,0.0013575834,19.340118,164.63
2016-12-29,0.0021553042,19.641968,164.63
2016-12-30,0.0014652926,20.019806,164.63
2016-12-31,0.0032121993,20.371826,157.26
2017-01-01,0.036084794,20.916656,157.26
2017-01-02,1.9690064,20.703918,157.26
2017-01-03,0.25440103,19.878265,157.26
2017-01-04,0.025247686,19.35431,153.73
2017-01-05,0.0040817256,19.497314,153.73
2017-01-06,7.517198e-05,19.809204,153.73
2017-01-07,6.283031e-05,20.212952,149.72
2017-01-08,0.00097050384,20.671722,149.72
2017-01-09,0.2374795,21.196198,157.26
2017-01-10,0.31502447,19.806427,157.26
2017-01-11,0.28135186,18.86969,153.73
2017-01-12,0.24190006,17.926819,153.73
2017-01-13,0.07688747,17.61267,153.73
2017-01-14,0.0106306635,17.48706,153.73
2017-01-15,5.6098488e-05,18.002045,153.73
2017-01-16,1.7951517e-05,19.577332,153.73
2017-01-17,4.487879e-06,20.9422,153.73
2017-01-18,0.0018018836,21.073242,153.73
2017-01-19,0.0009087955,21.205383,153.73
2017-01-20,1.7951517e-05,21.546814,146.52
2017-01-21,0.0,21.621246,140.48
2017-01-22,0.000112196976,21.8656,140.48
2017-01-23,0.0,21.701355,140.48
2017-01-24,0.0,21.551422,140.48
2017-01-25,0.0,21.46521,137.65
2017-01-26,0.23624195,22.087189,137.65
2017-01-27,0.1806921,22.210876,137.65
2017-01-28,3.3659094e-06,21.181274,140.48
2017-01-29,0.0011623607,20.648682,140.48
2017-01-30,0.0018837872,21.453674,137.65
2017-01-31,0.0025277978,22.342346,137.65
2017-02-01,0.012948654,22.49823,140.48
2017-02-02,0.021342108,22.309113,140.48
2017-02-03,0.025133247,21.928986,140.48
2017-02-04,0.011376774,21.549255,137.65
2017-02-05,0.0020924734,22.237335,137.65
2017-02-06,0.0,23.468872,137.65
2017-02-07,7.0684095e-05,23.378235,140.48
2017-02-08,0.0016605154,23.1792,140.48
2017-02-09,0.0035443024,23.76886,137.65
2017-02-10,0.0003231273,23.895386,137.65
2017-02-11,0.4148416,23.732666,137.65
2017-02-12,0.12201309,22.78424,133.03
2017-02-13,0.0021137912,23.797302,133.03
2017-02-14,0.0011735804,24.088104,129.46
2017-02-15,1.6829546e-05,23.892609,129.46
2017-02-16,0.0,23.735199,129.46
2017-02-17,0.00016044168,24.033691,129.46
2017-02-18,0.000705719,24.679443,129.46
2017-02-19,0.004872714,24.876373,133.03
2017-02-20,0.0011724584,25.477234,133.03
2017-02-21,0.0010198705,26.607574,129.46
2017-02-22,0.0014585607,26.767395,133.03
2017-02-23,0.015038883,26.096954,133.03
2017-02-24,0.040835213,24.625153,133.03
2017-02-25,0.029341754,23.779114,129.46
2017-02-26,0.0019084705,24.688507,129.46
2017-02-27,0.0002524432,25.432037,129.46
2017-02-28,0.0019084708,25.228424,129.46
2017-03-01,0.000556497,26.089294,133.03
2017-03-02,0.0003006879,27.01239,133.03
2017-03-03,0.0012902652,27.25711,137.65
2017-03-04,0.03129398,27.00879,137.65
2017-03-05,0.121777475,27.04544,137.65
2017-03-06,0.57653093,26.210846,140.48
2017-03-07,3.169844,25.880798,140.48
2017-03-08,6.2207637,24.171997,137.65
2017-03-09,1.3755081,26.409332,137.65
2017-03-10,5.6349015,25.40863,140.48
2017-03-11,2.3184237,25.100494,140.48
2017-03-12,0.15451206,24.968872,137.65
2017-03-13,0.13012269,24.280426,137.65
2017-03-14,0.14642267,25.126404,137.65
2017-03-15,0.09999219,25.553986,137.65
2017-03-16,0.102742136,26.062408,140.48
2017-03-17,0.36984837,27.030975,140.48
2017-03-18,0.4925133,27.284943,140.48
2017-03-19,3.4357162,26.721802,137.65
2017-03-20,0.31036043,25.932281,137.65
2017-03-21,0.023253946,26.776093,137.65
2017-03-22,0.0014204137,27.716583,137.65
2017-03-23,6.619621e-05,29.160522,133.03
2017-03-24,0.0020273994,30.001404,133.03
2017-03-25,0.0033670315,30.494537,137.65
2017-03-26,0.034498326,30.268677,137.65
2017-03-27,0.009554694,30.322906,137.65
2017-03-28,0.0074700746,30.84613,137.65
2017-03-29,0.0006114735,31.277283,133.03
2017-03-30,0.0022574032,31.456665,133.03
2017-03-31,0.006720599,31.41922,133.03
2017-04-01,0.057652414,31.580719,133.03
2017-04-02,0.8985676,31.48819,129.46
2017-04-03,0.41804144,31.371674,129.46
2017-04-04,0.2740456,31.50061,129.46
2017-04-05,1.0297046,31.233948,133.03
2017-04-06,0.57700104,31.31311,133.03
2017-04-07,0.40621367,31.828735,133.03
2017-04-08,0.34407786,31.811218,133.03
2017-04-09,0.24870591,31.390991,129.46
2017-04-10,0.061451405,30.316101,129.46
2017-04-11,0.008587556,29.93277,129.46
2017-04-12,0.0048255925,30.460236,133.03
2017-04-13,0.028894087,30.925842,129.46
2017-04-14,0.018069325,31.02237,129.46
2017-04-15,0.059329767,31.17331,129.46
2017-04-16,0.30230018,31.085236,129.46
2017-04-17,0.11343002,31.408813,129.46
2017-04-18,0.11281744,32.151062,129.46
2017-04-19,1.3931229,31.815582,133.03
2017-04-20,0.27899686,31.983887,133.03
2017-04-21,0.3718511,32.895294,133.03
2017-04-22,0.46760783,33.206665,133.03
2017-04-23,0.50672984,32.654938,129.46
2017-04-24,0.019153148,32.692017,129.46
2017-04-25,0.0016436856,32.858276,129.46
2017-04-26,0.00053966744,32.873474,129.46
2017-04-27,0.20384058,32.463562,129.46
2017-04-28,0.15465792,32.64685,133.03
2017-04-29,0.34306246,32.660217,133.03
2017-04-30,0.2899641,32.293945,133.03
2017-05-01,0.6901113,30.680237,133.03
2017-05-02,0.436085,31.359161,129.46
2017-05-03,0.20288692,32.12744,129.46
2017-05-04,0.35964403,32.734253,129.46
2017-05-05,0.98129165,32.380768,126.78
2017-05-06,1.7056049,31.223907,126.78
2017-05-07,0.49760705,31.673462,126.78
2017-05-08,0.6564668,32.321106,126.78
2017-05-09,1.5274272,31.063232,129.46
2017-05-10,1.3093714,30.864868,133.03
2017-05-11,1.0848438,30.927246,133.03
2017-05-12,0.6480071,32.103638,133.03
2017-05-13,1.0735029,32.167297,129.46
2017-05-14,0.123529986,33.427612,129.46
2017-05-15,0.51021576,34.1344,129.46
2017-05-16,0.1445602,34.29605,126.78
2017-05-17,0.8298762,34.234375,126.78
2017-05-18,5.366074,33.41809,126.78
2017-05-19,0.43121338,32.988464,129.46
2017-05-20,1.0378962,33.22171,129.46
2017-05-21,0.28711432,33.639984,129.46
2017-05-22,0.43546566,33.880554,126.78
2017-05-23,1.1768924,33.80847,126.78
2017-05-24,0.962254,33.64041,126.78
2017-05-25,0.3226471,33.591187,129.46
2017-05-26,3.4896288,32.300842,129.46
2017-05-27,1.3732406,31.221588,129.46
2017-05-28,1.1129355,31.11676,129.46
2017-05-29,0.96517116,31.496338,126.78
2017-05-30,1.0019011,31.577393,126.78
2017-05-31,0.9198963,32.129456,126.78
2017-06-01,1.9353004,32.059235,126.78
2017-06-02,3.3969028,31.90799,129.46
2017-06-03,1.1218038,33.253418,129.46
2017-06-04,0.14663136,34.16638,129.46
2017-06-05,2.5006282,32.618317,126.78
2017-06-06,3.608967,30.095276,126.78
2017-06-07,6.356558,30.347229,126.78
2017-06-08,3.5120673,30.79245,129.46
2017-06-09,4.0404267,30.551758,129.46
2017-06-10,10.056032,29.876831,129.46
2017-06-11,14.971365,29.142853,133.03
2017-06-12,7.793017,29.26178,133.03
2017-06-13,8.192222,29.304993,133.03
2017-06-14,6.641912,30.158325,129.46
2017-06-15,13.301138,28.974457,137.65
2017-06-16,8.88621,28.585724,146.52
2017-06-17,2.7719731,30.183868,149.72
2017-06-18,4.1170335,31.032898,153.73
2017-06-19,6.4445744,30.633545,153.73
2017-06-20,10.972204,28.787506,168.29
2017-06-21,14.681572,28.001556,168.29
2017-06-22,16.958944,27.947418,177.67
2017-06-23,14.117515,28.720581,177.67
2017-06-24,22.4562,28.034607,168.29
2017-06-25,21.098204,26.92569,488.04
2017-06-26,19.287807,27.0914,431.47
2017-06-27,20.02575,27.024231,873.68
2017-06-28,19.123837,26.659973,1156.04
2017-06-29,13.387619,27.233215,1138.76
2017-06-30,16.527023,27.173523,577.75
2017-07-01,16.369581,26.944458,754.97
2017-07-02,12.544931,26.714142,880.44
2017-07-03,14.370583,26.627594,1156.04
2017-07-04,9.136103,27.038086,1156.04
2017-07-05,3.0717456,27.509033,1138.76
2017-07-06,6.521303,28.018127,1138.76
2017-07-07,5.258293,28.169373,1156.04
2017-07-08,6.4727087,28.371277,1138.76
2017-07-09,13.622839,27.829987,1138.76
2017-07-10,14.961006,26.742584,1156.04
2017-07-11,12.78659,26.305115,1156.04
2017-07-12,10.974528,26.894867,1163.58
2017-07-13,12.391457,26.70575,1569.36
2017-07-14,9.597802,26.772125,1569.36
2017-07-15,11.860701,26.98523,1341.92
2017-07-16,19.233328,26.60022,1341.92
2017-07-17,31.063835,27.023224,1569.36
2017-07-18,16.035276,27.420258,1648.04
2017-07-19,18.703299,27.114075,2531.97
2017-07-20,13.772433,27.142456,8658.59
2017-07-21,10.388829,27.930054,8486.45
2017-07-22,18.546078,27.347351,10887.87
2017-07-23,27.478682,26.590454,5283.21
2017-07-24,21.00723,26.245117,2531.97
2017-07-25,13.830497,26.917969,2047.63
2017-07-26,20.482962,26.182037,2531.97
2017-07-27,8.936141,26.95404,10396.7
2017-07-28,3.9328082,27.690125,8861.7
2017-07-29,5.2616534,28.435516,3855.44
2017-07-30,11.201832,27.77948,6804.31
2017-07-31,10.128139,27.91861,8911.06
2017-08-01,7.7415657,28.324707,3855.44
2017-08-02,8.844297,28.163696,2438.4
2017-08-03,7.592787,28.111298,1945.03
2017-08-04,11.459341,27.487732,1569.36
2017-08-05,19.4707,26.65625,1648.04
2017-08-06,8.063389,27.54663,1648.04
2017-08-07,12.69535,27.507141,1569.36
2017-08-08,9.058519,27.297485,1945.03
2017-08-09,8.437978,27.55841,2047.63
2017-08-10,5.2377815,27.488708,2438.4
2017-08-11,8.029712,27.931396,2130.21
2017-08-12,7.55973,27.063904,1569.36
2017-08-13,11.530884,27.184448,1648.04
2017-08-14,9.88683,27.103577,1569.36
2017-08-15,7.6597257,27.626831,1569.36
2017-08-16,11.538984,27.532257,1513.52
2017-08-17,23.032001,26.493378,1648.04
2017-08-18,14.637165,26.96283,1945.03
2017-08-19,4.2895555,27.080444,1945.03
2017-08-20,3.3502154,27.238922,3855.44
2017-08-21,1.2123713,27.84439,3353.32
2017-08-22,4.2321653,28.021729,3237.91
2017-08-23,11.983786,28.033966,2752.22
2017-08-24,11.099636,27.48822,1945.03
2017-08-25,9.095726,27.834442,1945.03
2017-08-26,9.529613,28.180176,1513.52
2017-08-27,16.880877,27.320374,1478.53
2017-08-28,16.94503,26.430176,1648.04
2017-08-29,6.964925,26.78836,2047.63
2017-08-30,4.8182087,28.284943,2438.4
2017-08-31,10.8940525,27.850037,3855.44
2017-09-01,12.719967,27.498596,4581.85
2017-09-02,6.5064454,27.242065,3237.91
2017-09-03,1.0586469,28.444244,2488.4
2017-09-04,1.3644097,28.786896,2238.99
2017-09-05,2.8006148,28.89798,2438.4
2017-09-06,4.155543,28.612488,2047.63
2017-09-07,6.7141037,28.49237,1648.04
2017-09-08,5.2087717,28.470215,1478.53
2017-09-09,7.651276,28.018951,1365.56
2017-09-10,6.9000187,28.433655,1478.53
2017-09-11,7.711596,28.313293,1478.53
2017-09-12,10.015513,27.426697,1365.56
2017-09-13,8.908393,27.331604,1156.04
2017-09-14,8.707787,27.46695,1197.12
2017-09-15,3.6756876,28.089264,1163.58
2017-09-16,3.4913268,28.558838,1163.58
2017-09-17,10.17276,27.931396,1282.63
2017-09-18,20.745605,26.461487,1478.53
2017-09-19,23.32887,26.294678,2047.63
2017-09-20,15.204612,26.334991,1851.08
2017-09-21,5.3990736,27.34259,2922.96
2017-09-22,1.511649,27.862183,2531.97
2017-09-23,1.6363277,28.397217,4297.68
2017-09-24,2.8223453,28.527649,3573.78
2017-09-25,3.93538,28.526855,2182.82
2017-09-26,1.9712795,28.5708,1648.04
2017-09-27,4.519576,27.844482,1569.32
2017-09-28,8.913622,27.050903,1569.32
2017-09-29,8.807508,26.741852,2220.59
2017-09-30,10.147149,26.863342,2130.21
2017-10-01,13.779107,26.692474,1569.32
2017-10-02,10.505481,26.979431,2130.21
2017-10-03,5.009382,27.180573,1945.03
2017-10-04,6.534628,27.215576,2438.4
2017-10-05,6.0301647,26.980469,2922.96
2017-10-06,12.352594,26.299835,2182.82
2017-10-07,7.5020003,26.90509,2238.94
2017-10-08,6.3820267,26.864258,1851.08
2017-10-09,5.518977,26.750854,1851.08
2017-10-10,3.24805,26.974365,2238.99
2017-10-11,2.872625,27.532623,2047.63
2017-10-12,3.3987305,27.820923,2047.63
2017-10-13,2.7051287,27.967285,2238.99
2017-10-14,3.630887,27.991028,1945.03
2017-10-15,0.6832942,27.963257,2182.82
2017-10-16,0.0004936667,27.49176,2047.63
2017-10-17,0.33259332,26.7919,1513.52
2017-10-18,4.6923227,26.26062,1478.53
2017-10-19,26.816309,25.908417,1228.14
2017-10-20,22.613909,25.722473,1232.63
2017-10-21,2.498252,26.721771,1478.53
2017-10-22,1.6640955,27.070496,2130.21
2017-10-23,0.31898275,27.357117,2531.97
2017-10-24,0.33484292,27.040375,2130.21
2017-10-25,0.39495808,26.467072,1478.53
2017-10-26,0.5209755,26.188965,1365.56
2017-10-27,0.37523606,25.646667,1138.76
2017-10-28,0.21171793,25.311584,1111.87
2017-10-29,0.08356318,24.959381,1111.87
2017-10-30,0.12060951,24.431732,880.44
2017-10-31,0.10154164,24.043121,539.21
2017-11-01,0.058806922,23.755524,539.21
2017-11-02,0.010930229,23.713531,844.94
2017-11-03,0.14755921,23.310242,754.97
2017-11-04,0.45748764,23.677979,377.75
2017-11-05,0.14228821,24.343628,539.21
2017-11-06,0.013841741,24.597107,539.21
2017-11-07,0.0013014849,24.542847,488.04
2017-11-08,0.004151288,24.107605,488.04
2017-11-09,0.0074689533,23.376953,453.35
2017-11-10,0.0004510318,22.716492,453.35
2017-11-11,7.9659854e-05,22.413391,453.35
2017-11-12,0.009337032,22.749054,431.47
2017-11-13,0.079672195,23.565613,431.47
2017-11-14,9.017895,23.502869,431.47
2017-11-15,36.547295,22.417908,431.47
2017-11-16,21.60165,22.715729,453.35
2017-11-17,3.848519,23.056152,453.35
2017-11-18,1.0668619,24.036682,431.47
2017-11-19,0.98459584,24.797699,431.47
2017-11-20,0.5390347,24.766724,431.47
2017-11-21,0.02505022,23.771973,453.35
2017-11-22,0.051239237,22.921997,453.35
2017-11-23,0.025337443,21.842987,375.44
2017-11-24,0.00018063713,20.860352,375.44
2017-11-25,0.00025132124,20.702698,359.55
2017-11-26,0.0007360122,20.708588,359.55
2017-11-27,0.0008818683,20.784454,303.29
2017-11-28,0.00043308033,20.737915,303.29
2017-11-29,0.00024683337,20.72116,284.02
2017-11-30,0.00024907727,20.617798,267.04
2017-12-01,0.00022775987,19.963226,209.97
2017-12-02,0.00023449169,19.652466,209.97
2017-12-03,7.853788e-06,19.590088,209.97
2017-12-04,0.0002748826,19.536774,206.54
2017-12-05,3.926894e-05,19.80423,206.54
2017-12-06,0.00015931971,20.284729,196.14
2017-12-07,0.85060227,20.856232,196.14
2017-12-08,13.524284,21.008026,196.14
2017-12-09,4.1793003,21.169647,191.85
2017-12-10,0.16748652,21.445953,184.46
2017-12-11,0.024619384,21.656586,184.46
2017-12-12,0.02663444,22.223633,184.46
2017-12-13,0.014152527,22.292969,177.67
2017-12-14,0.004087336,21.975616,168.29
2017-12-15,0.0030293185,22.00064,164.63
2017-12-16,0.0020543267,21.84198,164.63
2017-12-17,0.0005789364,20.69217,164.63
2017-12-18,0.00019858863,18.971558,157.26
2017-12-19,2.3561366e-05,18.707916,153.73
2017-12-20,0.0016369539,19.011475,153.73
2017-12-21,0.00031078566,19.669128,146.52
2017-12-22,0.00017839318,20.09784,146.52
2017-12-23,0.00057781447,19.98822,149.72
2017-12-24,0.0004330803,19.902466,157.26
2017-12-25,0.0004162508,20.029846,149.72
2017-12-26,6.619622e-05,18.894073,149.72
2017-12-27,1.1219697e-06,18.59085,153.73
2017-12-28,0.00018288108,19.037231,153.73
2017-12-29,0.00018063713,19.337585,149.72
2017-12-30,0.0010299683,19.540588,149.72
2017-12-31,0.36209443,19.898315,149.72
2018-01-01,0.66724664,19.90506,146.52
2018-01-02,0.0076798834,19.303223,146.52
2018-01-03,5.609849e-06,18.67633,149.72
2018-01-04,2.2439394e-06,17.653442,157.26
2018-01-05,6.7318188e-06,17.957794,157.26
2018-01-06,3.3659094e-06,18.139313,153.73
2018-01-07,0.0,18.250793,149.72
2018-01-08,8.975759e-06,17.935577,149.72
2018-01-09,1.9073486e-05,18.037994,146.52
2018-01-10,1.0097728e-05,18.612885,146.52
2018-01-11,2.9171215e-05,19.64743,146.52
2018-01-12,0.0003971773,20.10608,153.73
2018-01-13,0.00971177,20.1958,168.29
2018-01-14,0.0004970326,20.076294,177.67
2018-01-15,0.00030517578,19.761536,177.67
2018-01-16,0.0005463993,19.453003,168.29
2018-01-17,0.0017211017,19.338531,153.73
2018-01-18,0.0012038735,19.420532,153.73
2018-01-19,2.5805306e-05,19.40747,153.73
2018-01-20,4.487879e-06,19.751617,140.48
2018-01-21,5.722046e-05,20.074799,153.73
2018-01-22,3.7025e-05,20.154938,153.73
2018-01-23,0.0001077091,20.564758,153.73
2018-01-24,2.4683337e-05,21.35852,153.73
2018-01-25,0.00055537507,20.160522,153.73
2018-01-26,0.0023583807,19.73999,140.48
2018-01-27,0.0025805307,19.45514,140.48
2018-01-28,0.0010535297,19.880768,140.48
2018-01-29,0.00015370986,20.27359,157.26
2018-01-30,0.0,20.693787,153.73
2018-01-31,0.0,21.835144,153.73
2018-02-01,0.0,21.70694,140.48
2018-02-02,0.0,22.062805,140.48
2018-02-03,0.00031863942,22.647766,133.03
2018-02-04,0.0,23.158234,137.65
2018-02-05,0.0,23.42633,140.48
2018-02-06,0.0,23.8815,140.48
2018-02-07,0.08501277,23.584473,140.48
2018-02-08,0.013152853,23.974274,140.48
2018-02-09,0.09367438,23.878693,137.65
2018-02-10,0.014590096,23.246033,137.65
2018-02-11,1.2000229,22.379517,137.65
2018-02-12,0.7683204,22.563812,133.03
2018-02-13,2.3508732,22.116455,133.03
2018-02-14,0.27352616,22.177155,140.48
2018-02-15,1.1219697e-06,21.987427,153.73
2018-02-16,0.0009996751,22.273193,157.26
2018-02-17,4.600076e-05,23.09082,149.72
2018-02-18,9.873334e-05,23.70105,149.72
2018-02-19,4.039091e-05,24.406067,146.52
2018-02-20,0.00020195456,24.582092,146.52
2018-02-21,0.0,24.49704,146.52
2018-02-22,2.2439394e-06,24.995056,140.48
2018-02-23,1.23416685e-05,25.818054,133.03
2018-02-24,0.09758107,26.45282,133.03
2018-02-25,0.17147176,26.668213,133.03
2018-02-26,0.009857626,26.383179,133.03
2018-02-27,2.1317426e-05,25.937286,133.03
2018-02-28,5.9464397e-05,26.19986,129.46
2018-03-01,0.0011096281,26.75351,129.46
2018-03-02,0.008826536,27.429993,129.46
2018-03-03,0.0,27.911713,129.46
2018-03-04,7.405e-05,28.090942,126.78
2018-03-05,0.16663381,26.744324,126.78
2018-03-06,0.0054146256,26.797424,126.78
2018-03-07,0.0057130707,26.771332,126.78
2018-03-08,0.014459947,26.602661,129.46
2018-03-09,0.09880291,26.434418,129.46
2018-03-10,0.0010692372,27.313507,129.46
2018-03-11,0.07661146,27.39273,126.78
2018-03-12,0.15326557,27.648499,126.78
2018-03-13,0.0,28.266937,126.78
2018-03-14,0.00038259174,28.800537,126.78
2018-03-15,0.45355627,28.354156,126.78
2018-03-16,1.8250039,24.35553,129.46
2018-03-17,0.17326915,25.92633,129.46
2018-03-18,0.002302282,27.347443,138.03
2018-03-19,0.00060249784,27.55011,138.03
2018-03-20,0.00018400306,28.306152,146.52
2018-03-21,0.2194831,28.523315,146.52
2018-03-22,0.13818741,28.999634,146.52
2018-03-23,0.113646574,29.13031,149.72
2018-03-24,0.13542175,29.092346,149.72
2018-03-25,0.17579584,28.87439,149.72
2018-03-26,0.023841858,28.687683,146.52
2018-03-27,0.0005003985,28.991302,146.52
2018-03-28,0.0018534942,29.502441,140.48
2018-03-29,0.06225137,29.737305,140.48
2018-03-30,0.17772114,30.195099,137.65
2018-03-31,1.2774479,29.148712,137.65
2018-04-01,6.0997705,26.299469,177.67
2018-04-02,1.2195914,27.024353,267.04
2018-04-03,0.6285241,28.406616,267.04
2018-04-04,1.0422976,28.291992,184.46
2018-04-05,0.87627524,28.741333,177.67
2018-04-06,1.431151,29.102081,177.67
2018-04-07,7.715362,27.703735,168.29
2018-04-08,2.0203645,27.561462,196.14
2018-04-09,3.1335247,27.515625,303.29
2018-04-10,2.2416003,28.074524,384.02
2018-04-11,1.0229379,28.798279,249.47
2018-04-12,1.9124995,27.678406,249.47
2018-04-13,1.5867593,28.790771,209.97
2018-04-14,2.4736462,28.220825,209.97
2018-04-15,0.68625057,29.037537,196.14
2018-04-16,0.33140182,30.681519,196.14
2018-04-17,0.89660877,30.774048,303.69
2018-04-18,0.637952,30.47113,333.49
2018-04-19,0.18788508,31.200745,399.48
2018-04-20,0.7019638,31.625122,249.47
2018-04-21,0.13273352,31.896362,303.86
2018-04-22,0.4217731,31.641052,168.29
2018-04-23,1.518474,30.76883,303.86
2018-04-24,0.25932088,30.238312,291.4
2018-04-25,0.07024428,30.889832,206.54
2018-04-26,0.5533398,30.910217,191.85
2018-04-27,0.6602736,30.833954,206.54
2018-04-28,1.3826224,30.753479,206.54
2018-04-29,0.7776205,30.97107,196.14
2018-04-30,4.935118,30.334167,191.85
2018-05-01,4.273932,28.75595,206.54
2018-05-02,5.426457,29.295166,267.04
2018-05-03,1.7880192,28.033722,267.04
2018-05-04,0.52267075,29.88977,209.97
2018-05-05,0.24489121,31.866516,249.47
2018-05-06,0.36540425,32.306274,284.02
2018-05-07,0.2607559,32.85504,303.69
2018-05-08,0.33960792,33.02594,303.69
2018-05-09,0.5772456,32.453644,299.48
2018-05-10,1.3040912,31.98938,196.14
2018-05-11,0.98853165,31.243164,191.65
2018-05-12,0.76093566,31.239594,191.65
2018-05-13,1.7135295,30.090393,196.14
2018-05-14,1.4761533,28.16568,196.14
2018-05-15,0.6665342,30.030426,206.54
2018-05-16,2.5501475,30.39621,191.85
2018-05-17,0.71184945,31.02118,184.46
2018-05-18,1.0956832,31.194489,168.29
2018-05-19,0.26858163,31.863068,168.29
2018-05-20,2.4235308,31.065735,168.29
2018-05-21,1.8255178,30.714417,168.29
2018-05-22,1.8141444,31.511353,191.85
2018-05-23,1.1109756,30.44284,191.85
2018-05-24,0.9467517,31.325256,206.54
2018-05-25,2.964878,31.391357,206.54
2018-05-26,1.8205867,31.341095,206.54
2018-05-27,0.8003246,31.664612,209.97
2018-05-28,1.5870072,32.04663,375.44
2018-05-29,1.1710559,32.24884,249.47
2018-05-30,1.2485089,32.384094,177.67
2018-05-31,1.1064126,30.328674,191.85
2018-06-01,6.807806,30.325928,203.86
2018-06-02,4.3175306,29.256226,209.97
2018-06-03,1.3495713,30.44107,209.97
2018-06-04,2.144173,30.72821,249.47
2018-06-05,4.4586163,30.355255,249.47
2018-06-06,4.419419,30.250153,267.04
2018-06-07,8.769328,30.138184,267.04
2018-06-08,14.525037,28.734863,206.54
2018-06-09,16.224298,28.564514,291.4
2018-06-10,10.840821,28.67041,249.47
2018-06-11,18.351377,28.373962,375.49
2018-06-12,13.3876095,28.075195,303.69
2018-06-13,1.4102522,29.236053,431.47
2018-06-14,0.17080083,31.086487,359.65
2018-06-15,0.09214401,31.975983,488.04
2018-06-16,0.17341837,32.13678,431.47
2018-06-17,0.30125564,32.239075,375.44
2018-06-18,0.55762565,31.821625,303.69
2018-06-19,1.0525401,31.740906,303.69
2018-06-20,2.7499366,31.198761,303.69
2018-06-21,8.4795265,29.059021,359.65
2018-06-22,8.938271,28.572357,303.69
2018-06-23,6.170604,29.25113,303.69
2018-06-24,6.51348,29.596802,333.49
2018-06-25,3.9139516,29.630066,375.44
2018-06-26,18.107561,27.171387,303.69
2018-06-27,29.455162,25.387024,359.65
2018-06-28,10.72602,25.686646,303.69
2018-06-29,3.7729466,26.936157,380.48
2018-06-30,5.815913,28.014343,431.47
2018-07-01,17.065706,27.837036,431.47
2018-07-02,8.257243,27.741943,380.48
2018-07-03,11.761423,27.302673,380.48
2018-07-04,14.261875,27.427795,333.49
2018-07-05,7.957639,27.518433,291.4
2018-07-06,9.501336,28.261658,291.4
2018-07-07,16.592972,27.89981,299.49
2018-07-08,13.633656,27.684784,524.31
2018-07-09,10.676499,27.884094,375.44
2018-07-10,11.907269,27.490051,431.47
2018-07-11,15.475394,27.198242,431.47
2018-07-12,10.668661,26.91214,524.31
2018-07-13,17.540129,27.198761,556.64
2018-07-14,20.913164,26.910828,556.64
2018-07-15,35.044056,26.845764,754.97
2018-07-16,42.67343,26.149231,844.94
2018-07-17,16.395464,26.662598,1097.98
2018-07-18,10.355219,27.467072,2870.44
2018-07-19,13.292454,27.630737,8911.06
2018-07-20,33.677147,27.2193,3855.44
2018-07-21,43.09261,26.045471,2491.78
2018-07-22,42.518044,25.56372,1915.53
2018-07-23,4.4371233,26.571533,20338.01
2018-07-24,3.647344,27.322296,14031.43
2018-07-25,10.943528,27.130188,8486.45
2018-07-26,10.979565,26.30252,4297.68
2018-07-27,5.57162,26.663574,13099.11
2018-07-28,7.1779404,27.402008,9935.92
2018-07-29,10.369375,27.250244,5932.29
2018-07-30,15.910907,26.92749,3453.64
2018-07-31,11.503186,26.657043,3328.32
2018-08-01,7.122918,26.46762,2238.94
2018-08-02,10.2221365,26.338196,1915.53
2018-08-03,3.9251578,27.449738,1851.08
2018-08-04,1.9362606,28.52069,1639.53
2018-08-05,8.173282,28.09076,1639.53
2018-08-06,32.148182,26.272888,1478.53
2018-08-07,39.53862,25.573029,1497.5
2018-08-08,13.705013,26.230713,1648.04
2018-08-09,4.3395076,27.082947,2130.2
2018-08-10,7.852096,27.863403,2022.96
2018-08-11,10.07589,27.640991,8911.06
2018-08-12,19.570896,26.985474,6953.71
2018-08-13,14.180278,26.839142,3609.22
2018-08-14,14.771516,27.060913,3237.91
2018-08-15,21.302818,27.014465,3609.22
2018-08-16,4.0936146,27.14862,8859.7
2018-08-17,3.7471187,27.590973,16070.22
2018-08-18,9.624513,27.772095,14212.09
2018-08-19,16.394909,27.265076,8859.7
2018-08-20,15.199449,26.485046,5335.92
2018-08-21,3.808891,26.765076,9794.64
2018-08-22,0.99248207,26.849731,9794.64
2018-08-23,4.4110126,27.29007,9794.64
2018-08-24,16.8424,27.045563,6941.78
2018-08-25,21.273998,26.1492,3573.88
2018-08-26,34.99601,25.207458,3237.91
2018-08-27,21.216295,25.709686,4654.0
2018-08-28,13.007859,26.14038,14428.66
2018-08-29,5.6784954,26.838867,18584.02
2018-08-30,8.543011,27.39264,18584.02
2018-08-31,18.993269,26.499573,17097.63
2018-09-01,15.50279,25.986725,14391.43
2018-09-02,10.180667,25.825378,15041.22
2018-09-03,6.280724,26.790833,11148.69
2018-09-04,9.849646,27.278748,8911.0
2018-09-05,33.712463,25.62616,8154.1
2018-09-06,34.14307,25.211609,8555.36
2018-09-07,11.626138,25.358948,15041.22
2018-09-08,1.1704209,26.460327,14126.22
2018-09-09,1.4669969,27.575836,11006.56
2018-09-10,8.526417,27.562561,8486.45
2018-09-11,4.4687324,27.65213,6334.77
2018-09-12,0.94949836,28.059082,6434.77
2018-09-13,2.7681398,28.03833,4213.43
2018-09-14,2.792465,28.108673,2870.44
2018-09-15,3.4131892,27.942688,2483.4
2018-09-16,5.5539827,27.176819,2047.62
2018-09-17,6.848304,26.970459,1851.08
2018-09-18,5.0719485,27.914917,1851.08
2018-09-19,9.240967,28.072052,1772.41
2018-09-20,23.425482,26.009918,2238.94
2018-09-21,12.285591,25.190216,2438.4
2018-09-22,2.579403,26.27069,3328.32
2018-09-23,0.9316433,27.616882,3237.91
2018-09-24,3.896353,28.050781,2922.96
2018-09-25,5.2406783,27.527954,2668.97
2018-09-26,3.390751,27.786926,1915.55
2018-09-27,2.4886951,28.06134,1639.53
2018-09-28,1.4909643,28.362976,1478.53
2018-09-29,1.9832375,28.317047,1341.92
2018-09-30,0.6864245,28.406006,1197.12
2018-10-01,0.5159042,28.47171,1138.76
2018-10-02,0.27941534,28.482635,1112.57
2018-10-03,0.09071013,28.499268,873.67
2018-10-04,0.082330145,28.365631,837.99
2018-10-05,0.13975143,28.27246,1156.04
2018-10-06,0.21388109,27.895386,837.99
2018-10-07,0.028260173,27.697968,837.99
2018-10-08,0.016619738,27.439026,577.75
2018-10-09,1.8865405,26.709167,743.33
2018-10-10,22.048471,25.343384,743.33
2018-10-11,39.065594,24.685486,556.64
2018-10-12,23.20766,24.599884,1197.12
2018-10-13,0.9267841,25.412659,8486.45
2018-10-14,0.6909842,26.120789,8555.36
2018-10-15,0.25866455,26.151062,4297.68
2018-10-16,0.0063267876,26.046326,2776.19
2018-10-17,0.0003085417,26.278778,1915.53
2018-10-18,0.017287312,26.623718,1478.53
2018-10-19,0.033727534,26.93277,1232.63
2018-10-20,0.014204137,26.878296,1197.12
2018-10-21,0.12907477,26.696045,1197.12
2018-10-22,0.20342547,26.740295,1132.0
2018-10-23,0.5005623,26.509552,1127.93
2018-10-24,0.4115071,25.435852,873.67
2018-10-25,0.014381409,24.664124,855.16
2018-10-26,2.4683335e-05,24.166473,855.16
2018-10-27,0.010115679,23.812439,844.94
2018-10-28,2.4428222,23.58487,844.94
2018-10-29,5.292473,23.80304,837.99
2018-10-30,0.9100645,24.066406,837.99
2018-10-31,0.3598718,24.62741,577.75
2018-11-01,0.5134145,25.29715,556.64
2018-11-02,0.38515094,25.651398,556.64
2018-11-03,0.31185937,26.000305,1156.04
2018-11-04,0.13544868,26.227844,1156.04
2018-11-05,0.14548919,26.263794,873.68
2018-11-06,0.11091008,26.317139,844.94
2018-11-07,0.32285467,25.15802,837.99
2018-11-08,0.44434494,24.148895,837.99
2018-11-09,0.18699196,23.638245,488.04
2018-11-10,0.036593042,23.110962,375.44
2018-11-11,0.009070004,22.897339,359.55
2018-11-12,0.0014563168,22.718323,375.44
2018-11-13,0.001859104,23.00647,249.47
2018-11-14,0.00045215382,23.727722,249.47
2018-11-15,5.048864e-05,24.07605,284.02
2018-11-16,0.0012184592,24.21997,380.48
2018-11-17,0.00039268943,24.209229,299.49
2018-11-18,0.010425343,24.193176,299.49
2018-11-19,0.0061147357,24.304321,209.97
2018-11-20,0.0043992437,23.82721,209.97
2018-11-21,0.0010636274,23.615387,209.97
2018-11-22,0.006539962,22.830902,203.86
2018-11-23,0.001114116,21.738678,249.47
2018-11-24,7.180607e-05,21.207275,359.55
2018-11-25,0.00023336972,20.901062,168.29
2018-11-26,0.00048693488,20.931213,182.78
2018-11-27,0.0024290646,21.199768,182.78
2018-11-28,0.008191503,21.465027,191.85
2018-11-29,0.010484808,21.7117,196.14
2018-11-30,0.05074108,21.517761,196.14
2018-12-01,0.00975104,21.359497,284.02
2018-12-02,0.0031830282,21.080872,299.48
2018-12-03,0.00036127426,21.016144,249.47
2018-12-04,0.0007461099,21.12616,196.14
2018-12-05,0.11087529,21.264526,191.85
2018-12-06,0.038139123,21.368195,191.85
2018-12-07,0.001706516,21.13095,182.78
2018-12-08,0.0037226954,20.617828,168.63
2018-12-09,0.03390817,20.663239,168.63
2018-12-10,0.6201878,20.889069,159.04
2018-12-11,0.7029039,20.70694,159.04
2018-12-12,0.25944653,21.311615,157.53
2018-12-13,2.268816,21.049805,157.53
2018-12-14,0.09818134,20.789124,157.53
2018-12-15,0.09148766,20.35907,159.04
2018-12-16,6.3225503,19.149109,159.04
2018-12-17,31.743027,16.96222,159.04
2018-12-18,8.355276,16.376831,159.04
2018-12-19,0.0028722426,17.899658,157.53
2018-12-20,0.00037361594,18.143677,159.04
2018-12-21,0.00095255236,18.083862,159.04
2018-12-22,0.00093796675,17.725616,191.04
2018-12-23,4.1512885e-05,17.697601,556.64
2018-12-24,2.9171211e-05,17.817566,488.04
2018-12-25,7.853789e-06,18.244385,299.49
2018-12-26,0.0049131056,18.776611,249.47
2018-12-27,0.45153335,18.764221,291.4
2018-12-28,0.23485185,16.895386,291.4
2018-12-29,1.0097728e-05,15.939117,249.47
2018-12-30,1.45856075e-05,15.815704,203.86
2018-12-31,3.5903035e-05,16.425476,209.97
2019-01-01,0.00036127426,17.35083,203.86
2019-01-02,0.0004162508,18.067657,196.14
2019-01-03,0.00020195455,18.5542,182.78
2019-01-04,7.853789e-06,18.436218,249.47
2019-01-05,0.00024122349,18.520416,303.69
2019-01-06,0.0033176648,18.984985,267.04
2019-01-07,0.0190129,19.279297,209.97
2019-01-08,5.048864e-05,18.082306,209.97
2019-01-09,0.00015258789,18.142456,747.88
2019-01-10,0.0014080721,18.314941,556.64
2019-01-11,9.200153e-05,18.602997,556.64
2019-01-12,0.00015146592,19.228882,488.04
2019-01-13,0.014173844,20.03299,380.48
2019-01-14,0.06539625,20.013092,488.04
2019-01-15,0.00071469473,18.62558,249.47
2019-01-16,0.00092674705,18.2854,184.46
2019-01-17,1.0097728e-05,19.08197,182.78
2019-01-18,0.00027263863,19.506714,182.78
2019-01-19,0.0010254805,19.209839,168.63
2019-01-20,0.00017614926,19.987,168.29
2019-01-21,0.0006619622,20.71698,168.29
2019-01-22,0.009581622,21.07312,168.29
2019-01-23,0.024503822,21.17572,168.29
2019-01-24,0.63050437,21.23706,140.5
2019-01-25,1.5941228,20.534729,137.65
2019-01-26,4.360872,19.033142,133.9
2019-01-27,4.633561,18.408173,126.78
2019-01-28,1.3213594,18.56717,126.78
2019-01-29,0.022007436,17.431946,126.78
2019-01-30,0.0005295697,17.374756,140.5
2019-01-31,0.00015034397,18.544586,140.5
2019-02-01,3.590303e-05,19.708649,157.53
2019-02-02,6.0586368e-05,20.60852,168.29
2019-02-03,0.0,21.26236,168.63
2019-02-04,0.0,21.707336,168.29
2019-02-05,3.3659097e-05,21.88794,159.37
2019-02-06,0.0,22.598114,149.68
2019-02-07,0.11495479,23.602325,147.1
2019-02-08,3.430966,22.06665,147.1
2019-02-09,0.19812977,20.56015,141.99
2019-02-10,0.0046303696,19.582214,146.89
2019-02-11,0.00027600458,20.440552,146.89
2019-02-12,0.00025132124,21.218323,137.65
2019-02-13,1.34636375e-05,22.564514,137.65
2019-02-14,0.0,23.578125,137.84
2019-02-15,5.0829225,23.536407,137.65
2019-02-16,2.0263357,21.81012,137.84
2019-02-17,0.25763118,22.26294,137.84
2019-02-18,0.05002639,22.412323,136.75
2019-02-19,0.024302986,24.287994,136.75
2019-02-20,0.007164899,25.35205,136.75
2019-02-21,0.0046920776,26.005371,140.5
2019-02-22,0.22876291,27.194275,149.68
2019-02-23,0.17662048,26.95874,123.33
2019-02-24,2.235279,26.410126,146.89
2019-02-25,2.8125908,24.628143,146.89
2019-02-26,4.101016,24.690247,140.5
2019-02-27,1.8749663,24.617218,137.65
2019-02-28,2.4343972,22.744507,140.5
2019-03-01,0.21495819,22.626892,137.65
2019-03-02,0.045308508,23.835876,136.75
2019-03-03,0.7171754,24.50705,136.75
2019-03-04,1.2571346,25.85675,133.9
2019-03-05,2.0312545,25.874084,137.65
2019-03-06,0.68136555,25.108765,136.75
2019-03-07,0.33260795,24.310455,136.54
2019-03-08,0.0687947,24.657013,136.54
2019-03-09,0.013309929,26.09674,136.54
2019-03-10,0.03281425,27.181213,133.9
2019-03-11,0.02724367,27.902496,133.9
2019-03-12,0.11355344,28.310547,133.9
2019-03-13,0.9876061,28.555023,159.37
2019-03-14,2.4146879,27.884827,147.1
2019-03-15,4.386143,26.404968,157.53
2019-03-16,0.61452305,26.787384,140.5
2019-03-17,6.2889,26.117676,137.65
2019-03-18,0.9736195,24.824036,137.65
2019-03-19,0.32327652,26.4234,147.1
2019-03-20,1.7537689,26.870972,146.89
2019-03-21,0.32415056,26.997833,147.1
2019-03-22,0.74332297,27.77655,149.68
2019-03-23,0.018850215,27.546936,151.53
2019-03-24,0.0020487169,27.581604,191.85
2019-03-25,0.01121521,28.283386,203.65
2019-03-26,0.4536808,28.397003,191.85
2019-03-27,0.0298702,28.306091,177.67
2019-03-28,0.009170981,28.55603,147.1
2019-03-29,0.009970945,29.235504,140.5
2019-03-30,0.07242539,30.208374,140.5
2019-03-31,0.78221035,30.393494,140.5
2019-04-01,0.5169038,29.733643,137.65
2019-04-02,0.21039851,29.816467,137.65
2019-04-03,0.03865523,30.07782,137.84
2019-04-04,0.32261005,30.194153,136.8
2019-04-05,0.8824135,30.400421,136.8
2019-04-06,1.3610401,29.507935,136.8
2019-04-07,1.2190012,29.450073,136.8
2019-04-08,2.7321734,28.748047,136.8
2019-04-09,1.490493,29.15274,137.84
2019-04-10,0.7351382,30.098785,137.84
2019-04-11,0.6986293,30.368713,137.84
2019-04-12,0.92561716,30.369354,136.8
2019-04-13,0.36316925,30.731781,136.8
2019-04-14,0.2572127,31.382812,136.8
2019-04-15,0.5940987,31.422302,136.54
2019-04-16,0.5121646,30.667175,136.54
2019-04-17,0.5610096,29.219421,137.84
2019-04-18,0.9876655,29.433167,146.89
2019-04-19,2.958016,27.861298,149.89
2019-04-20,0.49639535,28.875793,149.68
2019-04-21,3.7896335,27.97647,147.1
2019-04-22,0.4502285,28.733002,147.1
2019-04-23,0.36947137,30.270294,147.1
2019-04-24,0.24590886,31.165314,149.3
2019-04-25,0.15004775,31.819336,149.68
2019-04-26,0.1113914,32.63391,153.73
2019-04-27,0.09936838,33.11969,149.3
2019-04-28,0.020594878,33.048584,146.89
2019-04-29,0.051849592,33.081238,146.89
2019-04-30,0.18645343,32.290833,146.89
2019-05-01,0.48721087,31.71402,147.1
2019-05-02,18.441317,29.414093,168.29
2019-05-03,34.10556,27.822083,182.78
2019-05-04,0.17371681,30.038635,299.49
2019-05-05,1.8678666,30.42517,524.31
2019-05-06,0.123739794,31.411987,299.48
2019-05-07,0.01296436,32.133026,191.85
2019-05-08,0.020805808,32.924225,162.78
2019-05-09,0.005417992,33.293976,162.78
2019-05-10,0.011626972,33.38623,168.29
2019-05-11,0.33229715,32.751648,168.29
2019-05-12,0.59434223,32.358093,157.53
2019-05-13,0.7036366,31.749207,149.68
2019-05-14,0.8099253,31.492126,184.46
2019-05-15,0.6977867,31.422943,184.46
2019-05-16,0.29912502,32.37744,196.14
2019-05-17,0.21249098,33.030823,196.14
2019-05-18,0.10914186,33.395844,184.46
2019-05-19,0.32560346,33.29007,184.46
2019-05-20,0.48881978,32.92035,157.53
2019-05-21,0.7843433,32.748047,182.78
2019-05-22,0.8455445,32.95117,249.47
2019-05-23,0.9872436,32.82498,275.44
2019-05-24,0.3099868,33.7193,375.49
2019-05-25,0.6384042,33.50232,203.86
2019-05-26,0.15398026,33.417297,203.86
2019-05-27,0.42445686,33.497437,203.86
2019-05-28,0.9912356,32.56436,184.86
2019-05-29,0.92424846,32.003113,0.0
2019-05-30,0.45610318,32.828857,0.0
2019-05-31,0.53250706,32.145172,0.0
2019-06-01,1.9891402,31.88794,209.97
2019-06-02,5.3779993,31.770142,191.85
2019-06-03,1.225945,30.236328,177.67
2019-06-04,0.8496262,32.294678,164.63
2019-06-05,6.4565024,32.85681,164.63
2019-06-06,7.201731,31.87384,168.29
2019-06-07,2.0391676,31.08487,168.29
2019-06-08,0.75460654,31.369019,168.29
2019-06-09,0.71468693,32.830933,149.68
2019-06-10,0.14593796,33.536926,177.67
2019-06-11,0.13834223,34.281708,182.78
2019-06-12,0.730611,33.820038,299.48
2019-06-13,2.2670443,32.130768,249.47
2019-06-14,1.9557662,32.795105,291.4
2019-06-15,3.492168,31.923279,303.69
2019-06-16,6.2121663,30.265564,209.97
2019-06-17,6.3751435,30.47821,203.86
2019-06-18,4.877234,31.0495,203.86
2019-06-19,3.2911773,31.457092,303.69
2019-06-20,9.81943,29.433502,209.97
2019-06-21,21.41847,27.536896,267.04
2019-06-22,18.400454,26.80017,184.46
2019-06-23,4.5807023,27.895142,209.97
2019-06-24,0.94828326,29.889526,333.49
2019-06-25,0.61991185,30.960266,359.5
2019-06-26,1.3050114,31.08545,488.04
2019-06-27,4.098678,30.040833,359.55
2019-06-28,6.9285316,29.330872,303.69
2019-06-29,7.783124,28.807312,556.64
2019-06-30,16.008959,27.684143,431.77
2019-07-01,34.29874,26.587677,488.04
2019-07-02,34.807835,25.992645,488.04
2019-07-03,9.464583,26.693115,556.04
2019-07-04,9.2244425,26.947998,577.75
2019-07-05,31.089561,26.496185,844.94
2019-07-06,17.302753,25.830109,1127.93
2019-07-07,6.331483,27.051025,1132.0
2019-07-08,9.165215,27.27008,1127.93
2019-07-09,8.551587,27.502502,1772.41
2019-07-10,4.907856,27.624664,2776.19
2019-07-11,3.589315,28.045898,1772.41
2019-07-12,3.3390462,28.402252,1477.74
2019-07-13,2.1481338,28.953888,1138.0
2019-07-14,0.71104383,29.757568,577.75
2019-07-15,2.1149862,29.347046,524.31
2019-07-16,3.5438435,29.42273,488.04
2019-07-17,5.292569,29.089508,488.04
2019-07-18,12.91003,28.386261,488.04
2019-07-19,9.788482,28.361969,488.04
2019-07-20,3.7105548,28.59784,488.04
2019-07-21,1.2202487,29.582306,453.35
2019-07-22,2.6529672,29.4982,453.35
2019-07-23,3.9579728,29.39154,837.99
2019-07-24,9.790514,28.638184,837.99
2019-07-25,19.495272,26.673828,837.99
2019-07-26,21.139061,26.139679,844.97
2019-07-27,15.322022,26.168732,539.21
2019-07-28,27.223133,26.037872,488.04
2019-07-29,15.331855,25.740356,524.31
2019-07-30,6.8477225,25.927368,1851.08
2019-07-31,7.137203,25.829407,2047.62
2019-08-01,6.604981,25.945465,2870.44
2019-08-02,13.227962,26.59195,3609.22
2019-08-03,10.953419,25.945862,2220.59
2019-08-04,3.7608585,26.695862,1851.08
2019-08-05,12.96794,27.698914,1639.53
2019-08-06,30.374393,26.478241,2238.99
2019-08-07,46.213993,25.800293,2238.99
2019-08-08,19.572298,25.471771,2047.62
2019-08-09,2.7183588,26.99414,10887.87
2019-08-10,3.5484135,28.2529,10887.87
2019-08-11,16.318893,28.06372,8658.59
2019-08-12,37.32374,26.707184,3609.22
2019-08-13,36.67023,26.387695,3328.32
2019-08-14,13.584913,26.55307,14031.43
2019-08-15,1.974226,27.765564,23573.88
2019-08-16,4.3924823,28.421906,12401.31
2019-08-17,16.0086,28.153687,12119.69
2019-08-18,19.448465,26.58435,12805.5
2019-08-19,8.735557,27.421448,9794.64
2019-08-20,8.263542,27.567566,6953.71
2019-08-21,11.760941,27.214874,11006.56
2019-08-22,8.8004465,27.474426,8492.21
2019-08-23,14.981532,26.925842,4581.85
2019-08-24,17.805037,26.81366,3237.91
2019-08-25,21.315922,26.283691,2722.52
2019-08-26,14.189773,26.087463,2531.97
2019-08-27,7.8432784,26.836975,3453.64
2019-08-28,8.900149,26.976257,4976.73
2019-08-29,8.64513,27.547882,9794.64
2019-08-30,8.338107,27.76773,9794.64
2019-08-31,6.8232913,27.9281,6953.71
2019-09-01,11.15364,27.921875,4581.85
2019-09-02,16.731144,26.803986,4581.85
2019-09-03,19.574884,26.745483,3237.91
2019-09-04,17.775103,26.8927,2668.97
2019-09-05,26.113056,26.844482,2668.97
2019-09-06,36.122078,26.610626,6836.72
2019-09-07,31.036188,26.271606,8658.59
2019-09-08,13.839125,26.515442,19770.42
2019-09-09,4.307532,27.281555,20772.08
2019-09-10,12.397827,27.397217,20535.35
2019-09-11,24.979326,26.516968,18584.02
2019-09-12,24.006609,25.747345,18522.89
2019-09-13,4.0012503,26.655945,13054.6
2019-09-14,3.2080247,27.436493,8997.78
2019-09-15,3.0360806,28.042725,9794.64
2019-09-16,5.839457,28.20633,10719.55
2019-09-17,4.8584285,28.081726,6953.71
2019-09-18,4.6669087,27.380737,4976.73
2019-09-19,4.583507,27.657227,2566.86
2019-09-20,3.7477708,27.975067,2296.65
2019-09-21,2.4859114,28.242126,2068.95
2019-09-22,4.779303,27.96817,2017.94
2019-09-23,8.687742,27.065948,2017.94
2019-09-24,25.761154,26.023254,2238.99
2019-09-25,25.233337,25.06128,2196.41
2019-09-26,12.476431,25.687073,2209.56
2019-09-27,13.16481,26.030212,2238.99
2019-09-28,20.701412,25.463806,2722.52
2019-09-29,16.507757,25.281982,7551.75
2019-09-30,7.066578,25.808044,10522.59
2019-10-01,5.7755795,26.864044,12702.79
2019-10-02,3.9339988,26.914124,16839.13
2019-10-03,1.3194904,27.258911,14790.82
2019-10-04,1.6193413,27.443054,10259.24
2019-10-05,2.70137,27.438354,8165.76
2019-10-06,9.827518,26.528748,4097.38
2019-10-07,10.084211,25.978546,2722.52
2019-10-08,12.740529,25.422241,2438.4
2019-10-09,7.862694,25.934357,2722.52
2019-10-10,5.8371267,26.388397,2850.8
2019-10-11,5.306797,26.348358,3948.83
2019-10-12,4.602738,26.149658,3895.62
2019-10-13,2.8737137,26.396729,2566.86
2019-10-14,1.2314494,26.374298,2196.41
2019-10-15,0.4940033,26.329163,1896.14
2019-10-16,1.6451622,25.872253,1896.14
2019-10-17,3.6547558,26.337402,1731.9
2019-10-18,6.96167,26.08899,1433.2
2019-10-19,3.0617738,26.311096,1433.2
2019-10-20,8.169782,26.032318,1232.6
2019-10-21,3.7249992,26.144775,1433.2
2019-10-22,4.3870173,26.304382,1433.2
2019-10-23,24.872393,24.490143,1183.57
2019-10-24,30.583204,23.42395,1197.12
2019-10-25,13.145716,23.576965,2294.72
2019-10-26,8.932425,24.191284,3387.04
2019-10-27,2.7755456,25.519653,7005.58
2019-10-28,1.1300267,25.93509,3895.62
2019-10-29,2.5161598,26.037598,3186.72
2019-10-30,2.4931111,25.822021,2722.5
2019-10-31,2.5799258,25.599426,2438.4
2019-11-01,0.67866606,25.803162,2294.72
2019-11-02,0.078568175,25.498016,2196.41
2019-11-03,0.021419525,25.272491,1996.14
2019-11-04,0.058311015,25.504272,1433.2
2019-11-05,0.26050568,25.167664,1154.25
2019-11-06,0.063974716,24.020294,1114.19
2019-11-07,0.86453265,23.105652,1114.19
2019-11-08,8.586546,22.658234,868.67
2019-11-09,3.9263716,23.580841,828.13
2019-11-10,0.09084815,24.46524,828.13
2019-11-11,0.03791809,24.016235,592.97
2019-11-12,0.023415508,23.168854,592.97
2019-11-13,0.005566092,22.749695,797.6
2019-11-14,0.0008897221,22.510956,704.19
2019-11-15,0.00072142656,22.993408,539.21
2019-11-16,0.0039818706,23.500275,797.6
2019-11-17,0.00810511,23.481201,704.19
2019-11-18,0.00031863942,23.271759,380.48
2019-11-19,0.0016919305,22.908325,380.48
2019-11-20,0.007049336,22.87146,304.99
2019-11-21,0.00082576973,22.772003,304.99
2019-11-22,0.00021205228,22.720215,481.59
2019-11-23,0.00037698186,22.661743,435.24
2019-11-24,0.0012308009,22.642761,435.24
2019-11-25,0.0018950069,22.728088,435.24
2019-11-26,0.0020633023,22.832031,435.24
2019-11-27,0.009421181,22.780334,435.24
2019-11-28,0.0052755023,22.63739,359.65
2019-11-29,0.009378545,22.866333,359.65
2019-11-30,0.017761905,23.189514,359.65
2019-12-01,0.11174146,22.791992,304.99
2019-12-02,0.044289757,22.355835,291.4
2019-12-03,0.03830517,22.169128,291.4
2019-12-04,0.012726503,20.944,291.4
2019-12-05,0.0017053942,19.699646,481.59
2019-12-06,0.048341185,19.725952,435.24
2019-12-07,0.11076983,20.812439,435.24
2019-12-08,0.16012192,21.628082,435.24
2019-12-09,0.13968636,21.634125,380.48
2019-12-10,0.092395335,21.510376,380.48
2019-12-11,0.12628219,21.574371,359.55
2019-12-12,0.22329108,21.6958,359.55
2019-12-13,0.7314951,21.907288,359.55
2019-12-14,0.7216184,22.459045,435.24
2019-12-15,1.8213295,22.087402,435.24
2019-12-16,0.7663649,21.325684,380.48
2019-12-17,0.34786674,20.762146,380.48
2019-12-18,0.21214317,19.586823,435.24
2019-12-19,0.020685757,18.916473,333.49
2019-12-20,0.0017323213,19.146362,373.83
2019-12-21,0.0020879859,19.689697,333.49
2019-12-22,0.0057456074,20.682983,304.99
2019-12-23,0.008307065,20.484772,380.48
2019-12-24,0.0017323213,20.607483,380.48
2019-12-25,0.45179027,21.4552,380.48
2019-12-26,6.5087767,19.621338,359.55
2019-12-27,1.7729534,17.210632,359.55
2019-12-28,0.00614615,15.808838,359.55
2019-12-29,0.000333225,16.454834,359.55
2019-12-30,0.0053147706,16.84076,359.55
2019-12-31,0.4268994,17.847961,359.55
2020-01-01,2.9993248,18.71634,334.59
2020-01-02,10.478427,19.1734,304.91
2020-01-03,16.177122,18.261902,304.91
2020-01-04,1.5983537,18.845459,304.91
2020-01-05,0.11331109,18.250427,304.91
2020-01-06,0.0002075644,18.066315,304.91
2020-01-07,0.01131843,19.056,337.17
2020-01-08,3.9968467,19.667542,539.0
2020-01-09,4.1923356,19.325867,435.24
2020-01-10,0.16895966,17.786926,337.17
2020-01-11,0.0009020637,16.683868,380.48
2020-01-12,3.3659094e-06,17.318787,333.49
2020-01-13,1.0097728e-05,19.042938,299.48
2020-01-14,7.06841e-05,20.106598,0.0
2020-01-15,0.0011219698,20.708862,380.48
2020-01-16,0.00763837,20.828613,380.48
2020-01-17,0.13374665,21.094238,380.48
2020-01-18,0.2958208,21.470245,359.55
2020-01-19,0.37432504,20.76352,359.55
2020-01-20,0.18326254,19.683594,304.99
2020-01-21,0.04242056,20.580261,299.48
2020-01-22,0.13673782,21.70108,299.48
2020-01-23,0.19513749,21.442657,299.48
2020-01-24,0.05288629,20.099762,299.48
2020-01-25,0.035606835,19.825806,219.0
2020-01-26,0.049143396,20.026306,299.48
2020-01-27,0.035500243,20.834167,299.48
2020-01-28,0.848796,22.510742,284.02
2020-01-29,1.8591387,23.088348,284.02
2020-01-30,0.88064307,21.658447,249.47
2020-01-31,0.113194406,19.866638,249.47
2020-02-01,1.1187778,20.180023,249.47
2020-02-02,1.1844163,20.050873,209.97
2020-02-03,0.44806644,20.285675,209.97
2020-02-04,3.8405352,20.422272,209.97
2020-02-05,2.219245,20.04779,209.97
2020-02-06,3.6929712,19.987183,209.97
2020-02-07,11.551138,18.400024,209.97
2020-02-08,11.239134,17.124298,209.97
2020-02-09,1.2678326,17.714355,337.17
2020-02-10,0.0073320726,19.0578,435.24
2020-02-11,0.012580647,19.94104,380.48
2020-02-12,0.00037810384,20.191895,380.48
2020-02-13,0.0,21.410706,453.35
2020-02-14,0.0,22.675201,337.17
2020-02-15,5.497652e-05,22.76004,291.4
2020-02-16,0.002812778,22.573364,196.14
2020-02-17,0.0051666712,22.598541,196.14
2020-02-18,0.006753136,22.279053,196.14
2020-02-19,0.006833918,22.960724,196.14
2020-02-20,0.003123564,23.529083,196.14
2020-02-21,0.021476744,23.977478,196.14
2020-02-22,0.14295353,23.848145,196.14
2020-02-23,2.8895862,24.043488,183.56
2020-02-24,7.5118647,22.215332,183.56
2020-02-25,10.262779,20.10788,183.56
2020-02-26,0.784258,21.311798,183.56
2020-02-27,0.015074787,21.937714,183.56
2020-02-28,0.021082934,22.350342,219.4
2020-02-29,0.015416986,23.272614,0.0
2020-03-01,0.090979405,24.047089,481.55
2020-03-02,0.8045881,24.30661,481.55
2020-03-03,0.92631847,24.555847,249.47
2020-03-04,2.2060754,23.968872,182.01
2020-03-05,4.171928,23.79242,177.67
2020-03-06,5.1599035,23.859863,168.29
2020-03-07,3.7658625,23.880188,168.29
2020-03-08,0.9025428,24.53653,168.29
2020-03-09,0.13511544,24.514069,168.29
2020-03-10,1.0082145,23.929382,168.29
2020-03-11,2.2507296,24.92862,380.48
2020-03-12,5.0164814,25.464478,592.97
2020-03-13,3.7684128,25.986542,267.04
2020-03-14,4.6607385,24.836517,197.07
2020-03-15,1.24689,24.833954,197.07
2020-03-16,0.67365867,25.9917,197.07
2020-03-17,0.14000389,26.55774,197.07
2020-03-18,0.8939844,26.189606,168.29
2020-03-19,4.4097266,24.114075,168.29
2020-03-20,0.8958031,25.208801,182.01
2020-03-21,4.3923426,25.048584,182.01
2020-03-22,1.7386494,25.5625,209.97
2020-03-23,1.2661047,25.819092,209.97
2020-03-24,0.18111286,26.967102,0.0
2020-03-25,0.03178428,27.524384,0.0
2020-03-26,0.03627553,28.040436,0.0
2020-03-27,0.054767832,29.110504,0.0
2020-03-28,0.44429106,28.874756,0.0
2020-03-29,0.6875352,28.304718,0.0
2020-03-30,0.73631734,28.141663,0.0
2020-03-31,0.15438418,28.605316,0.0
2020-04-01,0.1056458,29.471191,0.0
2020-04-02,0.02602633,29.845306,0.0
2020-04-03,0.27383804,29.034882,0.0
2020-04-04,0.79650426,28.276306,0.0
2020-04-05,0.36297518,28.365326,0.0
2020-04-06,0.0764443,29.037903,0.0
2020-04-07,0.628689,28.84378,0.0
2020-04-08,2.5745156,27.681702,0.0
2020-04-09,0.39873457,28.025513,0.0
2020-04-10,0.5066423,28.601624,0.0
2020-04-11,0.16359442,29.141205,0.0
2020-04-12,0.117031544,30.016998,0.0
2020-04-13,0.028642766,30.52475,0.0
2020-04-14,0.25837284,30.521729,0.0
2020-04-15,0.53326213,30.498322,0.0
2020-04-16,0.4422064,30.492157,0.0
2020-04-17,0.08033079,31.100952,0.0
2020-04-18,1.8206351,29.572937,0.0
2020-04-19,1.3036975,29.092194,0.0
2020-04-20,0.60270536,30.257446,0.0
2020-04-21,4.7069335,28.059692,0.0
2020-04-22,2.059341,28.479492,0.0
2020-04-23,5.1063123,28.52594,0.0
2020-04-24,6.5905395,28.06491,0.0
2020-04-25,5.911855,27.321747,0.0
2020-04-26,10.991405,26.830505,0.0
2020-04-27,12.248978,26.3013,0.0
2020-04-28,5.4344225,27.080444,0.0
2020-04-29,2.4373345,27.523193,0.0
2020-04-30,0.71443,29.179016,0.0
2020-05-01,2.719012,28.309723,0.0
2020-05-02,2.2793388,29.329376,0.0
2020-05-03,0.21200405,30.24881,0.0
2020-05-04,1.8529196,29.180054,0.0
2020-05-05,3.9935033,29.59909,0.0
2020-05-06,0.48815668,28.749481,0.0
2020-05-07,0.71346056,29.023132,0.0
2020-05-08,0.43106303,29.513702,0.0
2020-05-09,0.5155833,29.964722,0.0
2020-05-10,0.91165096,29.442932,0.0
2020-05-11,0.32044357,29.716156,0.0
2020-05-12,1.1245325,29.67633,0.0
2020-05-13,0.4337075,30.257751,0.0
2020-05-14,0.32134673,31.10083,0.0
2020-05-15,0.6846439,31.407654,0.0
2020-05-16,1.3467542,30.713196,481.59
2020-05-17,0.43258777,30.913635,481.59
2020-05-18,1.1144009,30.821411,481.59
2020-05-19,16.319983,29.29309,481.59
2020-05-20,14.105914,27.889954,359.55
2020-05-21,0.04609725,30.217407,299.48
2020-05-22,0.03237668,31.768005,524.21
2020-05-23,0.022649202,32.61035,380.48
2020-05-24,0.015802944,33.144928,380.48
2020-05-25,0.055052813,33.366394,299.48
2020-05-26,0.09093789,33.235077,299.48
2020-05-27,0.29721314,33.152527,299.48
2020-05-28,0.83811814,31.253723,299.48
2020-05-29,1.2582903,30.616089,296.4
2020-05-30,0.73001975,29.688568,296.4
2020-05-31,2.3683627,29.752228,296.4
2020-06-01,7.8083735,28.839539,249.47
2020-06-02,7.99145,27.896637,249.47
2020-06-03,4.7820106,28.324005,249.47
2020-06-04,7.941892,28.64743,284.02
2020-06-05,0.55810815,29.213043,284.02
2020-06-06,0.81223994,30.318726,284.02
2020-06-07,3.2566059,29.90857,284.02
2020-06-08,4.5630035,29.55716,299.48
2020-06-09,5.3607435,29.795227,249.47
2020-06-10,9.176287,29.697754,359.55
2020-06-11,14.742589,27.970032,284.02
2020-06-12,14.557689,27.75174,249.47
2020-06-13,11.428917,27.930939,249.47
2020-06-14,13.327351,28.048584,359.55
2020-06-15,17.699837,27.690338,380.48
2020-06-16,22.484638,27.276611,380.48
2020-06-17,16.544361,27.087097,458.35
2020-06-18,3.5874696,27.892029,539.21
2020-06-19,10.923917,28.549194,524.21
2020-06-20,19.012228,27.174011,524.21
2020-06-21,25.65282,26.663452,539.21
2020-06-22,19.028938,26.691711,524.21
2020-06-23,3.932999,27.309631,524.21
2020-06-24,1.8780832,29.223389,1154.25
2020-06-25,2.3990586,29.375488,3186.72
2020-06-26,4.091181,28.623993,3573.88
2020-06-27,7.719028,28.6922,2722.52
2020-06-28,7.9051723,27.69809,5932.29
2020-06-29,8.135588,27.44632,8861.7
2020-06-30,8.541554,28.12793,10259.24
2020-07-01,4.396083,28.955444,10259.24
2020-07-02,4.8323774,29.348938,0.0
2020-07-03,12.671121,29.011353,5301.12
2020-07-04,18.017525,28.20752,3175.34
2020-07-05,27.760324,27.006653,2682.18
2020-07-06,18.942572,26.87268,2437.5
2020-07-07,3.0651093,27.906738,2754.21
2020-07-08,4.1493335,28.661987,3267.78
2020-07-09,11.038551,27.857239,2691.67
2020-07-10,11.318707,27.831055,3267.78
2020-07-11,8.064354,27.684692,5705.92
2020-07-12,6.5637946,27.388367,3901.69
2020-07-13,11.811039,27.575897,2682.18
2020-07-14,22.190767,26.72168,2358.68
2020-07-15,9.464996,27.259857,3267.78
2020-07-16,3.049919,27.99945,3975.5
2020-07-17,2.724283,28.370148,3981.12
2020-07-18,4.867151,28.985596,3981.12
2020-07-19,6.0409694,28.455383,3175.34
2020-07-20,12.471199,27.8573,2848.04
2020-07-21,9.408777,27.831116,2682.18
2020-07-22,17.468094,27.58606,2196.41
2020-07-23,27.425133,26.11441,2031.3
2020-07-24,7.3065386,26.631256,2011.3
2020-07-25,3.4317915,28.318237,1888.43
2020-07-26,1.2215322,29.245544,2238.99
2020-07-27,3.9990618,29.060547,8326.54
2020-07-28,10.39274,27.952942,5705.92
2020-07-29,3.1443226,28.566772,4089.19
2020-07-30,3.3630843,29.04425,3901.69
2020-07-31,8.187299,29.087677,2416.18
2020-08-01,8.784309,28.824463,2996.69
2020-08-02,14.213167,28.857178,2031.3
2020-08-03,15.456782,27.575378,2031.3
2020-08-04,30.899488,27.161163,2031.3
2020-08-05,25.154358,26.28897,2256.76
2020-08-06,10.402959,26.992615,2754.21
2020-08-07,14.541506,27.732666,5887.29
2020-08-08,15.606964,27.323364,5784.94
2020-08-09,10.369561,27.346252,4521.6
2020-08-10,3.603732,27.854675,5784.94
2020-08-11,4.886173,27.742126,5887.29
2020-08-12,13.907071,27.465485,5784.94
2020-08-13,15.601254,27.112305,5324.28
2020-08-14,21.518873,26.293976,3175.34
2020-08-15,33.654354,25.960052,3175.34
2020-08-16,23.20749,26.215973,3267.78
2020-08-17,8.969127,26.795166,4553.7
2020-08-18,17.384928,26.82251,15224.61
2020-08-19,31.555243,26.503662,13700.0
2020-08-20,24.498142,26.218842,11953.44
2020-08-21,14.118887,26.49414,11365.95
2020-08-22,4.6317325,27.114319,12234.14
2020-08-23,10.698538,27.299988,16662.17
2020-08-24,8.189918,27.811218,13720.71
2020-08-25,24.887787,26.999054,13937.86
2020-08-26,48.021824,25.552704,12648.71
2020-08-27,37.91546,25.466675,19151.02
2020-08-28,14.499746,26.44867,21300.0
2020-08-29,1.6426568,27.679352,25690.0
2020-08-30,0.49528572,28.794891,27733.73
2020-08-31,1.0592515,29.25003,28895.54
2020-09-01,16.647398,27.797424,27745.0
2020-09-02,12.91844,26.78711,21700.0
2020-09-03,3.473348,28.0878,15041.22
2020-09-04,2.0594597,28.839508,15600.0
2020-09-05,3.818456,28.611176,11126.92
2020-09-06,4.331724,28.784698,8998.78
2020-09-07,4.1229076,28.360718,5324.28
2020-09-08,4.96707,28.475128,3328.32
2020-09-09,9.3310995,28.022339,3175.34
2020-09-10,9.278315,27.793488,3901.69
2020-09-11,8.773854,27.791016,3453.64
2020-09-12,4.147684,28.682068,3453.64
2020-09-13,1.9585365,28.800049,0.0
2020-09-14,3.27148,28.660095,0.0
2020-09-15,2.714939,28.765625,0.0
2020-09-16,4.6719594,29.038605,0.0
2020-09-17,4.967005,29.453033,3219.85
2020-09-18,8.626319,28.579132,3219.85
2020-09-19,6.672808,28.453766,2290.62
2020-09-20,10.280758,27.885925,2196.37
2020-09-21,19.919712,26.225983,2196.37
2020-09-22,8.413393,26.974182,1887.93
2020-09-23,4.832208,27.641876,2270.0
2020-09-24,3.9470909,28.009155,4826.6
2020-09-25,4.03322,27.696045,10050.65
2020-09-26,3.174388,27.613953,10050.65
2020-09-27,0.57466394,28.047974,7319.23
2020-09-28,1.0154309,28.449677,4426.6
2020-09-29,5.2416353,28.06836,3325.83
2020-09-30,19.309816,26.666199,2754.24
2020-10-01,12.587411,25.976135,2196.37
2020-10-02,7.995205,26.983917,2290.62
2020-10-03,12.752165,26.71759,3219.85
2020-10-04,15.722099,26.220215,7319.23
2020-10-05,8.8233,26.575684,6601.79
2020-10-06,10.198702,26.818085,3956.43
2020-10-07,9.041544,26.952942,2899.96
2020-10-08,3.3319674,27.596313,4344.49
2020-10-09,4.1004133,28.128174,7930.96
2020-10-10,10.013282,27.53888,5000.91
2020-10-11,5.3897176,27.711823,4826.6
2020-10-12,7.34387,27.739655,4826.6
2020-10-13,9.774085,27.136108,4826.6
2020-10-14,9.791163,26.791199,0.0
2020-10-15,7.187841,26.849152,3325.83
2020-10-16,2.9234393,27.30072,2984.64
2020-10-17,0.65814185,27.961334,2969.64
2020-10-18,3.3041775,27.77649,2969.64
2020-10-19,3.431474,27.451782,2899.96
2020-10-20,3.0637832,27.4198,2899.967
2020-10-21,7.745737,26.815979,2196.37
2020-10-22,9.515895,26.251373,2084.78
2020-10-23,0.1081635,26.378052,2031.8
2020-10-24,0.2762043,26.345276,1886.01
2020-10-25,0.31379026,25.77179,1473.41
2020-10-26,0.077068105,25.521088,1018.76
2020-10-27,0.0062863966,25.328491,1473.41
2020-10-28,0.0058319992,24.79419,998.42
2020-10-29,0.00017278334,24.67749,1473.41
2020-10-30,7.9659854e-05,24.794952,1433.2
2020-10-31,0.02590067,25.304352,848.87
2020-11-01,0.114946924,25.871704,848.87
2020-11-02,0.3413773,25.907898,848.87
2020-11-03,0.45990664,25.183624,848.87
2020-11-04,0.5111066,24.33374,848.87
2020-11-05,0.13222301,24.076782,848.87
2020-11-06,0.027508454,23.982239,837.44
2020-11-07,0.0012061174,22.797363,837.44
2020-11-08,0.0,21.967896,837.44
2020-11-09,0.009912603,21.797668,837.44
2020-11-10,1.2524045,23.01239,817.39
2020-11-11,2.356683,24.232086,817.39
2020-11-12,0.45569253,24.87677,837.44
2020-11-13,0.0035510345,25.120392,837.44
2020-11-14,0.0022529152,25.173584,837.44
2020-11-15,0.0010950424,25.43045,837.44
2020-11-16,0.0020980835,25.569305,817.39
2020-11-17,0.012852164,25.573761,837.44
2020-11-18,0.036281135,25.486359,817.39
2020-11-19,0.041195363,25.535706,817.39
2020-11-20,0.30651206,25.548492,729.6
2020-11-21,0.55831796,23.573547,526.6
2020-11-22,0.13187857,21.89679,729.6
2020-11-23,0.00021990607,21.341675,729.6
2020-11-24,5.609849e-06,20.561798,452.9
2020-11-25,0.03727296,21.190369,452.9
2020-11-26,3.3726668,21.193176,452.9
2020-11-27,2.3605795,20.776855,452.9
2020-11-28,0.048020307,22.187286,452.9
2020-11-29,0.0,22.260406,452.9
2020-11-30,0.0,21.752502,452.9
2020-12-01,0.0,21.487488,452.9
2020-12-02,0.0,21.375458,452.9
2020-12-03,6.7318188e-06,21.533081,306.16
2020-12-04,0.00037249396,21.37024,452.9
2020-12-05,0.00027376064,21.676025,306.16
2020-12-06,6.0586368e-05,21.963379,306.16
2020-12-07,4.039091e-05,22.326782,306.16
2020-12-08,0.0,22.159454,452.9
2020-12-09,0.00043195838,21.818115,452.9
2020-12-10,0.0004128849,21.643066,299.48
2020-12-11,0.0018837872,21.945587,301.64
2020-12-12,0.0056221904,22.154816,299.48
2020-12-13,0.020609463,22.399963,299.48
2020-12-14,0.13098997,22.565216,299.48
2020-12-15,0.44353598,22.339844,299.48
2020-12-16,0.14349432,22.664398,306.0
2020-12-17,0.13425715,21.78946,306.16
2020-12-18,0.05798789,20.402985,306.16
2020-12-19,0.0045507094,18.910706,250.53
2020-12-20,0.0,18.103912,250.53
2020-12-21,1.1219697e-06,17.895874,250.53
2020-12-22,0.0,18.160095,250.53
2020-12-23,8.751364e-05,18.66925,209.66
2020-12-24,9.5367424e-05,19.103638,209.66
2020-12-25,5.9464397e-05,19.094788,209.66
2020-12-26,1.1219697e-06,18.894531,209.66
2020-12-27,6.7318188e-06,19.035309,209.66
2020-12-28,4.487879e-06,19.942688,209.66
2020-12-29,0.00010770911,20.37088,209.66
2020-12-30,7.517198e-05,20.01886,452.9
